S0030000FC
S3FD0000000020007FFC0000369200001AB200001AC600001ADA00001AEE00001B0200001B1600001B2A00001B3E00001B5200001B6600001B7A00001B8E00001BA200001BB600001BCA00001BDE00001BF200001C0600001C1A00001C2E00001C4200001C560000284A00001C6A00001C7E00001C9200001CA600001CBA00001CCE00001CE200001CF600001D0A00001D1E00001D3200001D4600001D5A00001D6E00001D8200001D9600001DAA00001DBE00001DD200001DE600001DFA00001E0E00001E2200001E3600001E4A00001E5E00001E7200001E8600001E9A00001EAE00001EC200001ED600001EEA00001EFE00001F1200001F2600001F3AEC
S3FD000000F800001F4E00001F6200001F7600001A8400001F8A00001F9E00001FB200001FC600001FDA00001FEE0000287200002002000020160000202A0000203E00001602000008DC00002052000020660002677400000DE00000207A0000208E000020A2000020B6000020CA000020DE000020F2000021060000211A0000212E00002142000021560000216A0000217E00002192000021A6000021BA000021CE000021E2000021F60000220A0000221E00003144000022320000224600000A6000000B8A00000CA0000030EE0000225A000032340000226E0000228200002296000022AA000022BE00001986000022D2000022E6000022FA0000230EBA
S3FD000001F000002322000023360000234A00000F0A0000235E00002372000023860000239A000023AE000023C2000023D6000023EA000023FE00002412000024260000243A0000244E00002462000024760000248A0000249E000024B2000024C6000024DA000024EE00002502000025160000252A0000253E00002552000025660000257A0000258E000025A2000025B6000025CA000025DE000025F200002606000032060000261A0000262E00002642000026560000266A0000267E00002692000026A6000026BA000026CE000026E2000026F60000270A0000271E00002732000027460000275A0000276E0000278200002796000027AA000027BED7
S31D000002E8000027D2000027E6000027FA0000280E0000282200002836F3
S31D00000400000000000000000000000000000000000000000000000000DE
S3FD000004204E5600004FEFFFF02D48FFF0422EFFF4700030392000009C670000EE700010392000015852801D40FFF513C020000158720012007001B280661E4E56FFFC48D7000140C033C02000015A00800000070046C04CD700014E5E700030392000009C538033C02000009C2239200000982D41FFFC2001528023C020000098226EFFF02041129041F920000092B1F920000098620C41F92000007E23C820000098720032392000009E203C00000841C081670870192D40FFF8600442AEFFF8202EFFF81D40FFF430392000009E02800000F7B633C02000009E720012392000015853811D41FFF613C12000015870001001661C4E56FFFC48D700017C
S3FD0000051830392000015A46C04CD700014E5E6004700A6004102EFFF44E5E4E754E5600004FEFFFF41D40FFF4720032392000007C701EB2806606700B600000CC700010392000015852801D40FFF913C020000158720012007001B280661E4E56FFFC48D7000140C033C02000015A00800000070046C04CD700014E5E700030392000007C528033C02000007C2239200000742D41FFFC2001528023C020000074204110AEFFF441F920000072B1F920000074620C41F92000005423C82000007430392000009E08C0000733C02000009E700313C040000254720012392000015853811D41FFF813C1200001587000100166164E56FFFC48D7000130395B
S3FD000006102000015A46C04CD700014E5E70004E5E4E754E5600004FEFFFEC2D48FFEC3D40FFF02D49FFF4422EFFF9426EFFFA6032206EFFEC2D48FFFC200852802D40FFEC10104EB9000005341D40FFF81D40FFF972001200662A7000302EFFFA52803D40FFFA7200322EFFFA7000302EFFF0B28065BE206EFFF430AEFFFA102EFFF96008206EFFF430AEFFFA4E5E4E754E560000518F700010392000015852801D40FFF913C020000158720012007001B280661E4E56FFFC48D7000140C033C02000015A00800000070046C04CD700014E5E42792000009C41F92000007E2D48FFFC206EFFFC23C82000009423C8200000987200123920000158538124
S3FD000007081D41FFF813C1200001587000100166164E56FFFC48D7000130392000015A46C04CD700014E5E70004E5E4E754E560000518F422EFFF814394000024C1D42FFF9720032392000009C7014B2806400008E700030392000009C528033C02000009C2239200000942D41FFFC2001528023C0200000942041108241F920000092B1F920000094620C41F92000007E23C820000094142EFFF808C200021D42FFF8720032392000009C7014B280660808C200011D42FFF87000102EFFF80800000066360800000267064EB9000267C6082E0001FFF867284EB9000267FC602030392000009E08C0000633C02000009E700070011D40FFF860BE4EB98C
S3FD00000800000267B84E5E4E754E560000518F422EFFF8700030392000009E080000056708700070021D40FFF830392000009E02800000FFDF33C02000009E700030392000007C6772700030392000007C538033C02000007C30392000009E08C0000533C02000009E2039200000782D40FFFC2200528123C1200000782040101013C04000024C41F920000072B1C1620C41F92000005423C820000078082E0001FFF867064EB9000267EC082E0000FFF8672A4EB900026804602208EE0000FFF830392000009E02800000FF7F33C02000009E700213C04000025460C04E5E4E7540E746FC27004E5600004FEFFFE448EF030700087400143940000244EC
S3FD000008F83D42FFE472003202203C000000F0C081674C704013C04000024808020007671030392000009E08C0000133C02000009E7200322EFFE47070C081671030392000009E08C0000B33C02000009E10394000024C700001AEFFE54EB9000267B8082E0000FFE567064EB900000734700030392000009E08000007670E082E0002FFE567064EB9000008084CEF030700084E5E588F4E734E560000518F42792000009E703013C040000248702013C040000248700713C040000240700F13C04000024070DD13C04000024442792000009C41F92000007E2D48FFF8206EFFF823C82000009823C82000009442792000007C41F9200000542D48FFFC41
S3FD000009F0206EFFFC23C82000007823C820000074423940000258706013C04000025C700513C040000248700213C0400002544E5E4E754E560000700113C0200000A070004E5E4E754E560000700413C0401A000D4239200000A0700113C0200000A1705C33C0401A00104EB900000AAA4E5E4E7540E746FC27004E5600004FEFFFE848EF0307000472003239401A0010705CD28033C1401A0010700113C0401A000E70001039200000A067064EB900026B944CEF030700044E5E588F4E734E560000518F70001039200000A1672E72003239401A0004705CD28033C1401A0010700113C0401A000E41F9401A000C2D48FFF8206EFFF8700001D06014CC
S3FD00000AE841F9401A000C2D48FFFC206EFFFC7000019010104E5E4E754E56000070001039200000A3660E700113C0200000A34EB900000BD670004E5E4E754E56000070001039200000A3670C4239200000A34EB900000BD670004E5E4E754E560000700113C0200000A270004E5E4E754E5600004239200000A270004E5E4E754E560000700113C0200000A213C0200000A3303C073333C0401A00124EB900000BD64E5E4E7540E746FC27004E5600004FEFFFE848EF0307000470003039401A001206800000073333C0401A0012700213C0401A000E70001039200000A267064EB9000268BC4CEF030700044E5E588F4E734E560000518F700010396A
S3FD00000BE0200000A3673070003039401A000406800000073333C0401A0012700213C0401A000E41F9401A000C2D48FFF8206EFFF8700101D0601441F9401A000C2D48FFFC206EFFFC7001019010104E5E4E754E56000070001039200000A7670C4239200000A74EB900000CD870004E5E4E754E560000518F41F9401A000E2D48FFF8206EFFF8723010108081108041F9401A000C2D48FFFC206EFFFC700201D03039401A000433C0200000A4700113C0200000A613C0200000A74EB900000CD84E5E4E7540E746FC27004E5600004FEFFFE848EF03070004700413C0401A000E70001039200000A667064EB9000268144CEF030700044E5E588F4E7389
S3FD00000CD84E560000518F70001039200000A7671441F9401A000B2D48FFF8206EFFF8700401D0601841F9401A000B2D48FFFC206EFFFC10100280000000CF10804E5E4E754E5600004FEFFFF43D40FFF4700070040139200000AB6706700B600000A8700010392000015852801D40FFF913C020000158720012007001B280661E4E56FFFC48D7000140C033C02000015A00800000070046C04CD700014E5E427940000350302EFFF433C040000354700401F9200000AB70001039200000AD671641F9400003442D48FFFC206EFFFC301008C0000F3080720012392000015853811D41FFF813C1200001587000100166164E56FFFC48D70001303920007B
S3FD00000DD0015A46C04CD700014E5E70004E5E4E7540E746FC27004E5600004FEFFFE048EF0307000C422EFFE041F94000034C2D48FFE4206EFFE4301008C000003080700070030139200000AB6718700001F9200000AB700001F9200000AA700070011D40FFE01239200000AB08C10003701033C04000035030394000035433C0200000A80281000000EF13C1200000AB70001039200000AC671C082E0000FFE067084EB900026C0060064EB900026BF84EB9000268504CEF0307000C4E5E588F4E734E560000700133C040000344303C80FF33C040000340427940000348303C110D33C04000034C702033C040000350303C600033C0400003544239DB
S3FD00000EC8200000AB4239200000AA700113C0200000AC4239200000AD4E5E4E754E560000598F1D40FFFC72001200670A700413C040100041600870FB13C0401000594E5E4E7540E746FC27004E5600004FEFFFE448EF030700082239400003D423C1400003D4C2B9400003D82D41FFE470001039200000AE671A0801000267064EB90002681C082E0004FFE767064EB9000268244CEF030700084E5E588F4E734E560000598F42B9400003D042B9400003E042B9400003C442B9400003C042B9400003E442B9400003CC42B9400003C8203C0000FFFF23C0400003D4701423C0400003D8700113C0200000AE41F9400003D02D48FFFC206EFFFC2010DC
S3FD00000FC008C0000720804E5E4E754E5600004FEFFFF42D48FFF443EE00082D49FFFC226EFFFC1D690003FFF81D690004FFF9203CFFFFFF00C091662608290007000567167000302EFFF80C800000FFFF6410528030807000601230AEFFF87000600A206EFFF430AEFFF870014E5E4E754E560000598F1D40FFFC72001200670A701013C040100045600870EF13C04010005D4E5E4E754E560000598F1D40FFFC72001200670A700113C040100045600870FE13C04010005D4E5E4E754E560000598F1D40FFFC72001200670A700813C04010003C600870F713C0401000544E5E4E754E560000598F1D40FFFC72001200670A700113C04010003A600883
S3FD000010B870FE13C0401000524E5E4E754E560000598F1D40FFFC72001200670A700213C04010003A600870FD13C0401000524E5E4E754E560000598F1D40FFFC72001200670A700813C040100045600870F713C04010005D4E5E4E754E560000700113C02000014A70004E5E4E754E5600004FEFFFF02D48FFF0422EFFF47000303920000144670000EA700010392000015852801D40FFF513C020000158720012007001B280661E4E56FFFC48D7000140C033C02000015A00800000070046C04CD700014E5E7000303920000144538033C0200001442239200001402D41FFFC2001528023C020000140226EFFF02041129041F92000013CB1F9200039
S3FD000011B00140620C41F92000011E23C82000014072003239200001487047C081670870192D40FFF8600442AEFFF8202EFFF81D40FFF430392000014802800000FFB033C020000148720012392000015853811D41FFF613C12000015870001001661C4E56FFFC48D7000130392000015A46C04CD700014E5E6004700A6004102EFFF44E5E4E754E5600004FEFFFF41D40FFF4720032392000011C7064B2806606700B600000CC700010392000015852801D40FFF913C020000158720012007001B280661E4E56FFFC48D7000140C033C02000015A00800000070046C04CD700014E5E700030392000011C528033C02000011C2239200001142D41FFFCA9
S3FD000012A82001528023C020000114204110AEFFF441F920000113B1F920000114620C41F9200000AF23C82000011430392000014808C0000733C020000148700313C040000214720012392000015853811D41FFF813C1200001587000100166164E56FFFC48D7000130392000015A46C04CD700014E5E70004E5E4E754E5600004FEFFFEC2D48FFEC3D40FFF02D49FFF4422EFFF9426EFFFA6032206EFFEC2D48FFFC200852802D40FFEC10104EB9000012321D40FFF81D40FFF972001200662A7000302EFFFA52803D40FFFA7200322EFFFA7000302EFFF0B28065BE206EFFF430AEFFFA102EFFF96008206EFFF430AEFFFA4E5E4E754E5600003039EF
S3FD000013A02000011C4E5E4E754E560000518F422EFFF814394000020C1D42FFF97200323920000144701EB28064667000303920000144528033C02000014422392000013C2D41FFFC2001528023C02000013C2041108241F92000013CB1F92000013C620C41F92000011E23C82000013C142EFFF808C200021D42FFF87200323920000144701EB280663208C200011D42FFF8602830392000014808C0000633C02000014830392000014608C0000633C020000146700070011D40FFF8700010392000014A670000A87000102EFFF80800000067264E56FFFC48D7000140C002800000F8FF00800000040046C04CD700014E5E4EB90002686C605608001D
S3FD00001498000267244E56FFFC48D7000140C002800000F8FF00800000030046C04CD700014E5E4EB900026876082E0001FFF867244E56FFFC48D7000140C002800000F8FF00800000030046C04CD700014E5E4EB9000268B24E56FFFC48D7000140C002800000F8FF00800000030046C04CD700014E5E4E5E4E754E560000518F422EFFF87000303920000148080000056708700070021D40FFF830392000014802800000FFDF33C020000148700030392000011C67000092700030392000011C538033C02000011C30392000014808C0000533C0200001482039200001182D40FFFC2200528123C1200001182040101013C04000020C41F92000011339
S3FD00001590B1C1620C41F9200000AF23C820000118323920000146303920000148828033C120000146700010392000014A6740082E0001FFF867064EB9000268A8082E0000FFF8672A4EB900026A98602208EE0000FFF830392000014802800000FF7F33C020000148700213C04000021460A24E5E4E7540E746FC27004E5600004FEFFFE448EF0307000874001439400002043D42FFE4426EFFE672003202203C000000F0C081670000C0704013C040000208080200076708700070023D40FFE6082E0004FFE5670608EE0000FFE7082E0006FFE5670608EE0001FFE7082E0005FFE5670608EE0002FFE7342EFFE63239200001483002808133C020003B
S3FD000016880148303920000146848033C22000014610394000020C700001AEFFE5302EFFE4700010392000014A67424E56FFFC48D7000140C002800000F8FF00800000040046C04CD700014E5E4EB90002686C4E56FFFC48D7000140C002800000F8FF00800000030046C04CD700014E5E082E0000FFE567064EB9000013A8700030392000014808000007670E082E0002FFE567064EB90000150E4CEF030700084E5E588F4E734E560000518F42792000014842392000014A703013C040000208702013C040000208701313C040000200700713C04000020070DD13C04000020442792000014441F92000011E2D48FFF8206EFFF823C82000014023C89D
S3FD000017802000013C42792000011C41F9200000AF2D48FFFC206EFFFC23C82000011823C820000114423940000218706013C04000021C700513C040000208700213C0400002144E5E4E754E560000598F707013C040000308701F13C040000304703813C040000300708113C04000030C41F9400003082D48FFFC206EFFFC700701D04E5E4E754E560000598F1D40FFFC72001200670A700413C04010003B600870FB13C0401000534E5E4E754E560000598F700010392000015852801D40FFFC13C020000158720012007001B280661E4E56FFFC48D7000140C033C02000015A00800000070046C04CD700014E5E30394015000233C04015000242B954
S3FD000018782000015442392000014C720012392000015853811D41FFFD13C1200001587000100166164E56FFFC48D7000130392000015A46C04CD700014E5E70004E5E4E754E5600004FEFFFD42D48FFE87200700048EE0003FFF04EB9000019C8700010392000014B670470046062223C0A00C38E700048EF0003000C223920000150700048EF0003000441EEFFF82E884EB900028C784CEE0003FFF848EE0003FFF04CEE0003FFF048D70003206EFFE84EB900000FCA1D40FFED72001200670870051D40FFEC6004422EFFEC102EFFEC4E5E4E754E560000598F701E33C04015000042B92000015442392000014C303C012633C04015000241F94015FF
S3FD0000197000002D48FFFC206EFFFC301008C0000030804E5E4E7540E746FC27004E5600002F082F00518F41F9401500002D48FFF0206EFFF0301008C00002308052B9200001546608700113C02000014C508F201F205F4E5E588F4E734E560000598F700010392000015852801D40FFFC13C020000158720012007001B280661E4E56FFFC48D7000140C033C02000015A00800000070046C04CD700014E5E20392000015423C02000015010392000014C13C02000014B720012392000015853811D41FFFD13C1200001587000100166164E56FFFC48D7000130392000015A46C04CD700014E5E4E5E4E754E560000598F701633C04016000042794016A3
S3FD00001A68000241F9401600002D48FFFC206EFFFC301008C0000030804E5E4E7540E746FC27004E5600004FEFFFE848EF03070004700213C0401300064EB900026B8C4CEF030700044E5E588F4E7340E746FC27004E560000598F4AC84E5E588F4E7340E746FC27004E560000598F4AC84E5E588F4E7340E746FC27004E560000598F4AC84E5E588F4E7340E746FC27004E560000598F4AC84E5E588F4E7340E746FC27004E560000598F4AC84E5E588F4E7340E746FC27004E560000598F4AC84E5E588F4E7340E746FC27004E560000598F4AC84E5E588F4E7340E746FC27004E560000598F4AC84E5E588F4E7340E746FC27004E560000598F4AC8B7
S3FD00001B604E5E588F4E7340E746FC27004E560000598F4AC84E5E588F4E7340E746FC27004E560000598F4AC84E5E588F4E7340E746FC27004E560000598F4AC84E5E588F4E7340E746FC27004E560000598F4AC84E5E588F4E7340E746FC27004E560000598F4AC84E5E588F4E7340E746FC27004E560000598F4AC84E5E588F4E7340E746FC27004E560000598F4AC84E5E588F4E7340E746FC27004E560000598F4AC84E5E588F4E7340E746FC27004E560000598F4AC84E5E588F4E7340E746FC27004E560000598F4AC84E5E588F4E7340E746FC27004E560000598F4AC84E5E588F4E7340E746FC27004E560000598F4AC84E5E588F4E7340E7F4
S3FD00001C5846FC27004E560000598F4AC84E5E588F4E7340E746FC27004E560000598F4AC84E5E588F4E7340E746FC27004E560000598F4AC84E5E588F4E7340E746FC27004E560000598F4AC84E5E588F4E7340E746FC27004E560000598F4AC84E5E588F4E7340E746FC27004E560000598F4AC84E5E588F4E7340E746FC27004E560000598F4AC84E5E588F4E7340E746FC27004E560000598F4AC84E5E588F4E7340E746FC27004E560000598F4AC84E5E588F4E7340E746FC27004E560000598F4AC84E5E588F4E7340E746FC27004E560000598F4AC84E5E588F4E7340E746FC27004E560000598F4AC84E5E588F4E7340E746FC27004E56000069
S3FD00001D50598F4AC84E5E588F4E7340E746FC27004E560000598F4AC84E5E588F4E7340E746FC27004E560000598F4AC84E5E588F4E7340E746FC27004E560000598F4AC84E5E588F4E7340E746FC27004E560000598F4AC84E5E588F4E7340E746FC27004E560000598F4AC84E5E588F4E7340E746FC27004E560000598F4AC84E5E588F4E7340E746FC27004E560000598F4AC84E5E588F4E7340E746FC27004E560000598F4AC84E5E588F4E7340E746FC27004E560000598F4AC84E5E588F4E7340E746FC27004E560000598F4AC84E5E588F4E7340E746FC27004E560000598F4AC84E5E588F4E7340E746FC27004E560000598F4AC84E5E588FF0
S3FD00001E484E7340E746FC27004E560000598F4AC84E5E588F4E7340E746FC27004E560000598F4AC84E5E588F4E7340E746FC27004E560000598F4AC84E5E588F4E7340E746FC27004E560000598F4AC84E5E588F4E7340E746FC27004E560000598F4AC84E5E588F4E7340E746FC27004E560000598F4AC84E5E588F4E7340E746FC27004E560000598F4AC84E5E588F4E7340E746FC27004E560000598F4AC84E5E588F4E7340E746FC27004E560000598F4AC84E5E588F4E7340E746FC27004E560000598F4AC84E5E588F4E7340E746FC27004E560000598F4AC84E5E588F4E7340E746FC27004E560000598F4AC84E5E588F4E7340E746FC270033
S3FD00001F404E560000598F4AC84E5E588F4E7340E746FC27004E560000598F4AC84E5E588F4E7340E746FC27004E560000598F4AC84E5E588F4E7340E746FC27004E560000598F4AC84E5E588F4E7340E746FC27004E560000598F4AC84E5E588F4E7340E746FC27004E560000598F4AC84E5E588F4E7340E746FC27004E560000598F4AC84E5E588F4E7340E746FC27004E560000598F4AC84E5E588F4E7340E746FC27004E560000598F4AC84E5E588F4E7340E746FC27004E560000598F4AC84E5E588F4E7340E746FC27004E560000598F4AC84E5E588F4E7340E746FC27004E560000598F4AC84E5E588F4E7340E746FC27004E560000598F4AC8ED
S3FD000020384E5E588F4E7340E746FC27004E560000598F4AC84E5E588F4E7340E746FC27004E560000598F4AC84E5E588F4E7340E746FC27004E560000598F4AC84E5E588F4E7340E746FC27004E560000598F4AC84E5E588F4E7340E746FC27004E560000598F4AC84E5E588F4E7340E746FC27004E560000598F4AC84E5E588F4E7340E746FC27004E560000598F4AC84E5E588F4E7340E746FC27004E560000598F4AC84E5E588F4E7340E746FC27004E560000598F4AC84E5E588F4E7340E746FC27004E560000598F4AC84E5E588F4E7340E746FC27004E560000598F4AC84E5E588F4E7340E746FC27004E560000598F4AC84E5E588F4E7340E717
S3FD0000213046FC27004E560000598F4AC84E5E588F4E7340E746FC27004E560000598F4AC84E5E588F4E7340E746FC27004E560000598F4AC84E5E588F4E7340E746FC27004E560000598F4AC84E5E588F4E7340E746FC27004E560000598F4AC84E5E588F4E7340E746FC27004E560000598F4AC84E5E588F4E7340E746FC27004E560000598F4AC84E5E588F4E7340E746FC27004E560000598F4AC84E5E588F4E7340E746FC27004E560000598F4AC84E5E588F4E7340E746FC27004E560000598F4AC84E5E588F4E7340E746FC27004E560000598F4AC84E5E588F4E7340E746FC27004E560000598F4AC84E5E588F4E7340E746FC27004E5600008C
S3FD00002228598F4AC84E5E588F4E7340E746FC27004E560000598F4AC84E5E588F4E7340E746FC27004E560000598F4AC84E5E588F4E7340E746FC27004E560000598F4AC84E5E588F4E7340E746FC27004E560000598F4AC84E5E588F4E7340E746FC27004E560000598F4AC84E5E588F4E7340E746FC27004E560000598F4AC84E5E588F4E7340E746FC27004E560000598F4AC84E5E588F4E7340E746FC27004E560000598F4AC84E5E588F4E7340E746FC27004E560000598F4AC84E5E588F4E7340E746FC27004E560000598F4AC84E5E588F4E7340E746FC27004E560000598F4AC84E5E588F4E7340E746FC27004E560000598F4AC84E5E588F13
S3FD000023204E7340E746FC27004E560000598F4AC84E5E588F4E7340E746FC27004E560000598F4AC84E5E588F4E7340E746FC27004E560000598F4AC84E5E588F4E7340E746FC27004E560000598F4AC84E5E588F4E7340E746FC27004E560000598F4AC84E5E588F4E7340E746FC27004E560000598F4AC84E5E588F4E7340E746FC27004E560000598F4AC84E5E588F4E7340E746FC27004E560000598F4AC84E5E588F4E7340E746FC27004E560000598F4AC84E5E588F4E7340E746FC27004E560000598F4AC84E5E588F4E7340E746FC27004E560000598F4AC84E5E588F4E7340E746FC27004E560000598F4AC84E5E588F4E7340E746FC270056
S3FD000024184E560000598F4AC84E5E588F4E7340E746FC27004E560000598F4AC84E5E588F4E7340E746FC27004E560000598F4AC84E5E588F4E7340E746FC27004E560000598F4AC84E5E588F4E7340E746FC27004E560000598F4AC84E5E588F4E7340E746FC27004E560000598F4AC84E5E588F4E7340E746FC27004E560000598F4AC84E5E588F4E7340E746FC27004E560000598F4AC84E5E588F4E7340E746FC27004E560000598F4AC84E5E588F4E7340E746FC27004E560000598F4AC84E5E588F4E7340E746FC27004E560000598F4AC84E5E588F4E7340E746FC27004E560000598F4AC84E5E588F4E7340E746FC27004E560000598F4AC810
S3FD000025104E5E588F4E7340E746FC27004E560000598F4AC84E5E588F4E7340E746FC27004E560000598F4AC84E5E588F4E7340E746FC27004E560000598F4AC84E5E588F4E7340E746FC27004E560000598F4AC84E5E588F4E7340E746FC27004E560000598F4AC84E5E588F4E7340E746FC27004E560000598F4AC84E5E588F4E7340E746FC27004E560000598F4AC84E5E588F4E7340E746FC27004E560000598F4AC84E5E588F4E7340E746FC27004E560000598F4AC84E5E588F4E7340E746FC27004E560000598F4AC84E5E588F4E7340E746FC27004E560000598F4AC84E5E588F4E7340E746FC27004E560000598F4AC84E5E588F4E7340E73A
S3FD0000260846FC27004E560000598F4AC84E5E588F4E7340E746FC27004E560000598F4AC84E5E588F4E7340E746FC27004E560000598F4AC84E5E588F4E7340E746FC27004E560000598F4AC84E5E588F4E7340E746FC27004E560000598F4AC84E5E588F4E7340E746FC27004E560000598F4AC84E5E588F4E7340E746FC27004E560000598F4AC84E5E588F4E7340E746FC27004E560000598F4AC84E5E588F4E7340E746FC27004E560000598F4AC84E5E588F4E7340E746FC27004E560000598F4AC84E5E588F4E7340E746FC27004E560000598F4AC84E5E588F4E7340E746FC27004E560000598F4AC84E5E588F4E7340E746FC27004E560000AF
S3FD00002700598F4AC84E5E588F4E7340E746FC27004E560000598F4AC84E5E588F4E7340E746FC27004E560000598F4AC84E5E588F4E7340E746FC27004E560000598F4AC84E5E588F4E7340E746FC27004E560000598F4AC84E5E588F4E7340E746FC27004E560000598F4AC84E5E588F4E7340E746FC27004E560000598F4AC84E5E588F4E7340E746FC27004E560000598F4AC84E5E588F4E7340E746FC27004E560000598F4AC84E5E588F4E7340E746FC27004E560000598F4AC84E5E588F4E7340E746FC27004E560000598F4AC84E5E588F4E7340E746FC27004E560000598F4AC84E5E588F4E7340E746FC27004E560000598F4AC84E5E588F36
S3FD000027F84E7340E746FC27004E560000598F4AC84E5E588F4E7340E746FC27004E560000598F4AC84E5E588F4E7340E746FC27004E560000598F4AC84E5E588F4E7340E746FC27004E560000598F4AC84E5E588F4E7340E746FC27004E5600004FEFFFE848EF0307000470004EB900026B624CEF030700044E5E588F4E7340E746FC27004E5600004FEFFFE848EF030700044EB9000267B04CEF030700044E5E588F4E734E560000203C4000000123C040000000203C000000214E7B0C04203C200002214E7B0C0541F9000000004E7B88014E71700213C040120008303C60A733C04012000070001039401200020800000367F2423940120007203CC8
S3FD000028F000A8BFFF23C04012000C4E5E4E754E5600002F074FEFFF6C700313C040000011725513C14000001372AA13C140000013720042394000001141F94000001C2D48FFF4206EFFF4243CFEFFFFFFC59041F9400000142D48FFF0206EFFF0243CFFFF0000C59024394000001C0282FDE380FF08C2001523C24000001C7E001E394000002074F3CE828E8013C74000002041F9400000242D48FFEC206EFFEC700F1410C480108241F9400000252D48FFE8206EFFE814100282000000F0108242394000002641F9400000272D48FFE4206EFFE41410C480108242394000002842394000002A42394000002B42394000002C41F9400000302D48FFE0A8
S3FD000029E8206EFFE07E701410C487108241F9400000312D48FFDC206EFFDC1410C487108241F9401100072D48FFD8206EFFD87E3F1410C487108241F9400000122D48FFD4206EFFD41410C480108241F94000000C2D48FFD0206EFFD0203CFFFFC064C19041F9400000182D48FFCC206EFFCC203CFFD8090DC190740014394000002370F8C48008C2000313C240000023701513C040110000700030394011000402800000FFF808C0000333C04011000441F940000C0C2D48FFC8206EFFC870FEC19041F940000D0C2D48FFC4206EFFC4C190203C2000020023C040000008740014394010001570E4C48008C2000213C24010001541F94010002D2D4825
S3FD00002AE0FFC0206EFFC0741F10108082108041F9401000752D48FFBC206EFFBC10100280000000E0108041F9401000112D48FFB8206EFFB87002019070001039401000290880000308C0000213C040100029700513C0401000717E001E394010007274F5CE828E8013C7401000727E001E3940000C4E74D2CE8274128E8213C740000C4E7E001E3940000C4D74D8CE8274188E8213C740000C4D41F94010000C2D48FFB4206EFFB47403059041F9401000242D48FFB0206EFFB0740305D041F94010000B2D48FFAC206EFFAC7E0C14108487108241F9401000232D48FFA8206EFFA814108487108213C04010006B41F9401000082D48FFA4206EFFA449
S3FD00002BD8746B1010C082108041F9401000202D48FFA0206EFFA0101000800000009410807400143940000C5170EDC480702D848013C240000C5113C1401A000641F9401A000C2D48FF9C206EFF9C10100280000000F0108070001039401A00000280FFFFFFF300800000000313C0401A000013C1401A000913C1401A000B7400143940000C6C70CAC480700A848013C240000C6C7400143940000C6D08820004702F848013C240000C6D740014394010000F70F1C48008C2000013C24010000F41F9401000272D48FF98206EFF98141000820000000F108213C14010006F740014394010000A72ECC4810082000000C413C24010000A41F94010002200
S3FD00002CD02D48FF94206EFF9412100081000000D71081722813C14010006A7400143940000C7F0282FFFFFFF37233848113C240000C7F41F9401A001E2D48FF90206EFF90121002810000000F1081740014394010006E0282FFFFFF5F7250848113C24010006E7200123940000C6EC2807031828013C140000C6E7200123940000C6F70C9C2807009828013C140000C6F7200123940000C6970C8C28008C1000313C140000C6941F940000C522D48FF8C206EFF8C101000800000003F10807200123940000C7170CDC280700D828013C140000C717200123940000C7370CCC28000810000000C13C140000C737200123940000D6308810000703E82803E
S3FD00002DC813C140000D6341F9401400022D48FF88206EFF887003019041F9401000762D48FF84206EFF84700301D041F9401300022D48FF80206EFF80700101907200123940000C7770E2C2807022828013C140000C7741F940000C482D48FF7C206EFF7C72C01010C081108041F940000C702D48FF78206EFF781010C0811080720032394010006C02810000FF157015828033C14010006C7000303940100068028000003CC708C0000233C040100068700030394014000002800000FFBF08C0000733C040140000700030394013000002800000FFF708C0000233C040130000203940000C0C0280FFF99FFD08C0000823C040000C0C203940000C085C
S3FD00002EC002807F750DFF08C0001023C040000C0841F940000D082D48FF74206EFF7470F7C1904EB90000098C4EB90000172A4EB9000017C64EB900000A344EB900000B644EB900000F644EB900000C4E4EB9000030804EB900000E8E4EB9000034084EB9000019484EB900001A5641F9401400062D48FF70206EFF70700301D041F9401400032D48FF6C206EFF6C700301D041F9401300062D48FF68206EFF68700101D041F9401300032D48FFF8206EFFF8700101D0708013C0401A00064E56FFFC48D7000140C002800000F8FF00800000000046C04CD700014E5E4FEF00942E1F4E5E4E754E560000598F1D40FFFC72001200670A700813C04010F6
S3FD00002FB8003B600870F713C0401000534E5E4E754E560000598F1D40FFFC72001200670A700413C040100045600870FB13C04010005D4E5E4E754E560000598F1D40FFFC72001200670A704013C04010003A600870BF13C0401000524E5E4E754E560000598F1D40FFFC72001200670A708013C04010003A6008707F13C0401000524E5E4E754E560000598F1D40FFFC72001200670A700413C04010003A600870FB13C0401000524E5E4E754E560000700010392000015F670C42392000015F4EB9000031A470004E5E4E754E5600004FEFFFF4708013C0401A000F41F9401A000D2D48FFF8206EFFF8700701D041F9401A000E2D48FFF4206EFFF426
S3FD000030B010100080000000C0108041F9401A000C2D48FFFC206EFFFC700301D03039401A000433C02000015C42392000015E42392000015F4EB9000031A44E5E4E7540E746FC27004E5600004FEFFFE848EF03070004700813C0401A000E700010392000015E67244E56FFFC48D7000140C002800000F8FF00800000060046C04CD700014E5E4EB900026AA84CEF030700044E5E588F4E7340E746FC27004E5600004FEFFFE448EF0307000841F9401A000F2D48FFE4206EFFE4700701D0700010392000015E67244E56FFFC48D7000140C002800000F8FF00800000060046C04CD700014E5E4EB900026B744CEF030700084E5E588F4E734E560000A8
S3FD000031A8518F700010392000015F671441F9401A000B2D48FFF8206EFFF8700701D0601641F9401A000B2D48FFFC206EFFFC723F1010C08110804E5E4E754E560000598F700813C04014000641F9401400032D48FFFC206EFFFC700301D04E5E4E7540E746FC27004E5600004FEFFFE848EF03070004700813C0401400064EB90002685E4CEF030700044E5E588F4E7340E746FC27004E5600004FEFFFDC48EF0187001041F94019000C2D48FFE0206EFFE0301008C0000B30802E39200001687000303940190012DE8023C72000016824392000016C7000303940190014D48023C22000016C7000103920000170528013C020000170720012007008CB
S3FD000032A0B2806654700113C02000017223C72000016023C22000016472001239200001717002B280662A42B92000016842B92000016C42392000017041F9401900002D48FFDC206EFFDC301008C0000D3080601E423920000171601641F9401900002D48FFE4206EFFE4301008C0000D30804CEF018700104E5E588F4E734E5600004FEFFFEC7000103920000173670000B87200323940190052203C00001C00C081673A303C03D033C040190052426EFFEC600C7000302EFFEC52803D40FFEC7200322EFFEC7064B28065E87200323940190052203C00001C00C08166EE7000103920000171674842392000017042392000017242B92000016842B979
S3FD000033982000016C41F9401900002D48FFF4206EFFF4301002800000BFFF308041F9401900002D48FFF0206EFFF0301008C0000D3080603841F9401900002D48FFF8206EFFF8301008C0000E3080602041F9401900002D48FFFC206EFFFC301008C0000E3080303C03D733C0401900524E5E4E754E560000700113C020000173423920000172423920000171303C480033C040190000427940190054427940190042427940190044303C7FF833C04019003233C04019003442794019002242794019002470FF33C04019001033C04019000E303C080033C04019000C303C00FC33C04019000A705333C040190006427940190004703933C040190002EF
S3FD000034904EB90000331A4E5E4E754E5600004E5E4E754E5600004FEFFFE82D48FFE82D49FFEC2D40FFF02009B1C067386022226EFFE82D49FFF8200952802D40FFE8206EFFEC2D48FFF4200852802D40FFEC1290222EFFF02D41FFFC200153802D40FFF04A8166CA4E5E4E754E560000598F41F90002CB682D48FFFC206EFFFC4A906720206EFFFC20280008221022412228000420414EB9000034A2720CD3AEFFFC60D84AA8000466DA4AA8000866D44E5E4E754AFC4E754E5600004FEFFFB42D48FFB42D40FFB87220B2806200010C240844827203C4812D42FFF8672890822D40FFB8206EFFB42D48FFF0200852802D40FFB44210202EFFF85380EA
S3FD000035882D40FFEC2D40FFF866DE222EFFB8EA892D41FFF8670000842D6EFFB4FFF4EB89D3AEFFB4206EFFF42D48FFE820085880429020402D48FFE420085880429020402D48FFE020085880429020402D48FFDC20085880429020402D48FFD820085880429020402D48FFD420085880429020402D48FFD020085880429020402D48FFCC200858802D40FFF44290202EFFF853802D40FFC82D40FFF8668A701F222EFFB8C280E4892D41FFF8672E2D6EFFB4FFF4E589D3AEFFB4206EFFF42D48FFC4200858802D40FFF44290202EFFF853802D40FFC02D40FFF866DE7203C3AEFFB84AAEFFB86722206EFFB42D48FFBC200852802D40FFB44210202E78
S3FD00003680FFB853802D40FFFC2D40FFB866DE4E5E4E7546FC27004FF920007FFC203C200000214E7B0C054EB9000028984FF9200062C02C7C000000004E5600004BF92000005441F920005AC043F92000005491C92008670C41F9200000544EB90000354441F92000005443F92000005491C92008670C41F9200000544EB90000354441F90002CB68200867064EB9000034F84EB900028C304EB90000349A487A001C42A74EB90000A646508F4E5E42A74EB900028C24588F4AFC4E75000000004E5600004FEFFFF02D48FFF02D49FFF41D40FFF870011D40FFFD422EFFFC6028206EFFF07400142EFFFC720012302800672C206EFFF470001030280056
S3FD000037786720B280664052821D42FFFC7200122EFFFC7000102EFFF8B28065C8102EFFFD602A206EFFF07200122EFFFC700010301800660C206EFFF470001030180067DC422EFFFD60D6422EFFFD60D04E5E4E754E5600004FEFFFE41D40FFE42D48FFE8422EFFEC422EFFED2D48FFF47200120066242D48FFF8200852807230108120402D48FFFC200852802D40FFE810812040108160000148720012000C81000000C8643A720012007463B2826324703110807200122EFFE4709CD2801D41FFEE70001001B082633C700070011D40FFED6032703010801D6EFFE4FFEE6026703210807000102EFFE40680FFFFFF381D40FFEE720012007063B280D8
S3FD000038706308700070021D40FFED7200122EFFEE7063B280630C7000102EFFED56801D40FFED7200122EFFEE7009B2806370700A1D40FFF070011D40FFEF602C7400142EFFEE7200122EFFF09481700AB4806D244A826720508154811D41FFF07000102EFFEF52801D40FFEF7200122EFFF07064B28065C8206EFFE87200122EFFEF7030D280114100017200122EFFEE7000102EFFF0B280631892801D41FFEC6010206EFFE87030114000011D6EFFEEFFEC7200122EFFEC7009B280630C7000102EFFED58801D40FFED206EFFE87200122EFFEC7030D280114100027000102EFFED67044E714AC84E5E4E754E5600004FEFFFF41D40FFF42D48FFF8EA
S3FD00003968422EFFFE720012000C81000000FE631A723010811141000111410002702E1140000311410004600000E6720012000C81000000C76316703210807000102EFFF40680FFFFFF381D40FFFE6028720012007063B2806314703110807200122EFFF4709CD2801D41FFFE600A703010801D6EFFF4FFFE7200122EFFFE7009B2806368700A1D40FFFD70011D40FFFC60287400142EFFFE7200122EFFFD9481700AB4806D20508154811D41FFFD7000102EFFFC52801D40FFFC7200122EFFFD705AB28063CC206EFFF87200122EFFFC7030D280114100017200122EFFFE7000102EFFFD92801D41FFFE600A206EFFF87030114000017200122EFFFE28
S3FD00003A60700AB28063044AC8600C206EFFF87030D280114100024E5E4E754E560000518F2D48FFF83D40FFFC4EB9000040D64E5E4E754E5600002F072F064FEFFF782D48FF783D40FF7C2D49FF8043EEFFD841F90002B21C721032D8538166FA43EEFF9841F90002B23C721012D8538166FA43EEFF8841F90002B24C721012D8538166FA43EEFFB841F90002B25C721012D8538166FA43EEFFC841F90002B26C721012D8538166FA43EEFFA841F90002B27C721012D8538166FA7C00422EFF85206EFF8012101D41FF84102800011D40FF877E001E017407BE826E0001427401BE826D00013A53873E3B7A0848C74EFB7A0000080011001E0030003927
S3FD00003B58007900911D46FF877000100152801D40FF8460000114206EFF7874001400118628007000100152801D40FF84600000FA7E001E007405BE82640001027400140052821D42FF877000100153801D40FF84600000D61D46FF877000100152801D40FF84600000C441EEFFD8720012007E003E301A0072001200740034301A007200322EFF7CC481BE82664E41EEFFA872001200123018001F41000741EEFFC872001200123018001F410003206EFF7843EEFFB8720012001431180043EEFF88720012001231180043EEFF987E001E00103178004EB9000041FA7000102EFF8452801D40FF8460427E001E0052871D47FF861D47FF877400140756
S3FD00003C507010B480640C7000100153801D40FF84601E7000100152801D40FF84601270011D40FF851D46FF84600670011D40FF84206EFF8010AEFF84116EFF870001102EFF85600C7000100152801D40FF8460E04FEF00882C1F2E1F4E5E4E754E5600004FEFFF942D48FFA82F6E0008000442974EB9000295684A806600014842AF00042EAE00084EB9000295744A80670870011D40FFAC6004422EFFAC2EAE00084EB9000095EA2D40FFBC2E804EB900029C0C2D40FFB02D40FFB42F6E0008000441EEFFC02E884EB900029B2041EEFFE820AEFFC0216EFFC40004223C000000B4B2AEFFB46C0442AEFFB42F6EFFEC00082F6EFFE8000441EEFFD80F
S3FD00003D482E884EB9000095762F6EFFB4000441EEFFF82E884EB90002A4EE202EFFF82F6EFFFC00102F40000C202EFFD82F6EFFDC00082F40000441EEFFC82E884EB90002A868202EFFC82F6EFFCC00102F40000C203C4024000042AF00082F40000441EEFFF02E884EB900028D00202EFFF02F6EFFF400102F40000C223C3F50624D203CD2F1A9FC2F4000082F41000441EEFFD02E884EB90002A63841EEFFE0202EFFD0222EFFD42080214100042F4100042E804EB9000292E42D40FFB8206EFFA8720012001081202EFFB46008206EFFA8421070004E5E4E754E5600004FEFFFE02D48FFE872001228000470D0D2802E814EB9000296B82D40FFECDA
S3FD00003E402F4000042EBC3DCCCCCD4EB9000297902D40FFF0206EFFE87200121070D0D28074644C012800720012280001D280700A4C010800D480700010280002204041F028D02E884EB9000296B82D40FFFC2F4000042EAEFFF04EB90002AC682D40FFF42D40FFF84E5E4E754E5600004FEFFFE41D40FFEC1D41FFED720012002E814EB9000296682D40FFF47000102EFFED2E804EB9000296682D40FFFC223C412000002F4100042E804EB900029DDC2D40FFF02F4000042EAEFFF44EB90002AC682D40FFF84E5E4E754E5600004FEFFF902D48FFA42F6E0008000442974EB9000295684A806600017C42AF00042EAE00084EB9000295744A8067083E
S3FD00003F3870011D40FFA86004422EFFA82EAE00084EB9000095EA2D40FFBC2E804EB900029C0C2D40FFB42D40FFB0223C000000B4B2806C0442AEFFB02EAE00084EB9000292982D40FFAC720012001D41FFA92F6E0008000441EEFFC02E884EB900029B2041EEFFD820AEFFC0216EFFC400047000102EFFA92F40000441EEFFF02E884EB90002A4A8202EFFF02F6EFFF400102F40000C2F6EFFDC00082F6EFFD8000441EEFFE82E884EB90002A86841EEFFD0202EFFE8222EFFEC2080214100042F4100102F40000C203C4024000042AF00082F40000441EEFFF82E884EB900028D00202EFFF82F6EFFFC00102F40000C223C3F847AE1203C47AE147B70
S3FD000040302F4000082F41000441EEFFC82E884EB90002A63841EEFFE0202EFFC8222EFFCC2080214100042F4100042E804EB9000292E42D40FFB8720012001D41FFAA206EFFA4202EFFB04EB9000037C87200122EFFAA700AB280640C206EFFA47030D28011410004206EFFA4702E11400003603242AEFFB06012206EFFA4202EFFB04230080052802D40FFB07204B2AEFFB06EE6206EFFA472301081702E11400001114100024E5E4E754E5600002F074FEFFF7C2D48FF803D40FF8443EEFFDA41F90002B28C721032D8538166FA43EEFFA941F90002B2AC721012D8538166FA43EEFF9941F90002B2BC721012D8538166FA43EEFFB941F90002B2CC7C
S3FD00004128721012D8538166FA43EEFFC941F90002B2DC721012D8538166FA43EEFF8941F90002B2EC721012D8538166FA422EFF886014206EFF807000102EFF884230080052801D40FF887200122EFF887005B28065E0422EFF88606441EEFFDA7E001E2EFF88740034307A007200322EFF842002C081B480663A41EEFF89103078001F40000741EEFFC9103078001F400003206EFF8043EEFFB91431780043EEFF991231780043EEFFA9103178004EB9000041FA7000102EFF8852801D40FF887200122EFF887010B28065904FEF00842E1F4E5E4E754E560000518F1D40FFF81D41FFF91D42FFFA2D48FFFC220070054EB90000425E206EFFFC122E38
S3FD00004220FFF970064EB90000425E206EFFFC122EFFFA70074EB90000425E206EFFFC122E000B70084EB90000425E206EFFFC122E000F70094EB90000425E4E5E4E754E5600004FEFFFDC48EF00F800101D40FFDC1D41FFDD2D48FFE016101D43FFE8182800011D44FFE41A2800021D45FFE51C2800031D46FFE61E2800041D47FFE7740014007009B4806E0000F27005B4806D0000EA5B82343B2A0848C24EFB2A00006800500038001F00067400140770001001D4801D42FFE7720012027009B280630000BA72001202700A92801D41FFE77000100652801D40FFE6600E7400140670001001D4801D42FFE67200122EFFE67009B28063000086700AAA
S3FD0000431892801D41FFE67000102EFFE552801D40FFE5600E7400140570001001D4801D42FFE57200122EFFE57009B2806354700A92801D41FFE57000102EFFE452801D40FFE4600E7400140470001001D4801D42FFE47200122EFFE47009B2806324700A92801D41FFE47000102EFFE852801D40FFE8600E7400140370001001D4801D42FFE8206EFFE010AEFFE8116EFFE40001116EFFE50002116EFFE60003116EFFE700044CEF00F800104E5E4E754E5600004FEFFFC41D40FFD41D41FFD52D48FFD84EB900003E1E2D40FFEC2D40FFF47200122EFFD47005B2806E0000B67001B2806D0000AE5381323B1A0848C14EFB1A00003F0051002C001951
S3FD0000441000067000102EFFD50C8000000080660C203C42C800002D40FFF0607C203CC2C800002D40FFF060707000102EFFD50C8000000080660C203C412000002D40FFF06056203CC12000002D40FFF0604A7000102EFFD50C8000000080660C203C3F8000002D40FFF06030203CBF8000002D40FFF060247000102EFFD50C8000000080660C203C3DCCCCCD2D40FFF0600A203CBDCCCCCD2D40FFF07000102EFFD50C8000000080660000A22F6EFFF4000441EEFFF82E884EB900029B20203C4066800042AF000C2F400008202EFFF82F6EFFFC00042E804EB9000293904A80670A203C433400002D40FFF4203C433400002F4000042EAEFFF44EB9C1
S3FD00004508000295744A80670000AC2F6EFFF000042EAEFFF44EB90002AC682D40FFE4223C433400002F4100042E804EB9000295744A80670000802F6EFFF000042EAEFFF44EB90002AC682D40FFE02D40FFF4606442AF00042EAEFFF44EB9000295744A80670442AEFFF442AF00042EAEFFF44EB9000295804A80673C2F6EFFF000042EAEFFF44EB90002AC682D40FFE842AF00042E804EB9000295804A8067182F6EFFF000042EAEFFF44EB90002AC682D40FFDC2D40FFF42EAEFFF4206EFFD84EB900003F064E5E4E754E5600004FEFFFF02D48FFF01D40FFF41D41FFF541EEFFFA4EB900003958206EFFF010AEFFFA116EFFFB0001116EFFFC000270
S3FD0000460041EEFFFA102EFFF54EB900003958206EFFF0702E11400003116EFFFC0004422EFFF860347200122EFFF87003B280671C206EFFF0103018004EB900004B6E1D40FFF97200120066044AC860187000102EFFF852801D40FFF87200122EFFF87005B28065C04E5E4E754E5600002F0C2F07518F2D48FFF02D49FFF4700010107ED0D08774644C002800720012280001D287700A4C010800D480700010280002284049F428D0200C1280226E0008700010280004D0871280508F2E1F285F4E5E4E754E5600002F074FEFFFD82D48FFD41D40FFD81D41FFD9422EFFDD422EFFE4422EFFE3422EFFE2422EFFE143EEFFE541F90002B2FC720B12D8A7
S3FD000046F8538166FA43EEFFF041F90002B307720C12D8538166FA142EFFDD1D42FFDE7000100252801D40FFDD7200122EFFD870001002B280660000847200122EFFD97001B280663C206EFFD443EEFFF07000102EFFE210310800108043EEFFF07000102EFFE3103108001140000143EEFFF07000102EFFE41031080011400002600000A4206EFFD443EEFFE57000102EFFE210310800108043EEFFE57000102EFFE3103108001140000143EEFFE57000102EFFE4103108001140000260687200122EFFE452811D41FFE01D41FFE4700010017E09B087632E7400422EFFE47200122EFFE352811D41FFDF1D41FFE370001001B08763101D42FFE3700018
S3FD000047F0102EFFE252801D40FFE2122EFFE11D41FFDC7000100152801D40FFE1700010010C80000000FE6500FEF64FEF00282E1F4E5E4E754E5600002F074FEFFFF42D48FFF01D40FFF41D40FFFA206EFFF07000102EFFFA103008001D40FFF94EB900004B921D40FFF872001200675A206EFFF07000102EFFFA7400143008007220B4816662103008FF1D40FFF94EB900004B921D40FFFB72001200671E206EFFF07E001E2EFFFA7400143078FF7220B481662E53871D47FFFA601A7200122EFFFA53811D41FFFA600C7200122EFFFA53811D41FFFA7200122EFFFA6600FF706008102EFFFA600252804FEF000C2E1F4E5E4E754E560000518F1D40BA
S3FD000048E8FFF8422EFFFE422EFFFD422EFFFC720012007013B280645070131D40FFFE7200122EFFFE7000102EFFF8B280660E41F92000368D702011801800603443F92000368D20412009103008FF13801800122EFFFE1D41FFFF7000100153801D40FFFE7000100166B86008702013C0200036A04E5E4E754E560000518F1D40FFF87400422EFFFD422EFFFC422EFFFE7200120067681D42FFFD600C7000102EFFFD52801D40FFFD7400142EFFFD220252817000102EFFF8B28066E07012B48066064239200036A01D6EFFFDFFFC601C7400142EFFFC41F92000368D2202528110301800118028001D41FFFC7200122EFFFC7013B28065D8102EFFFD5A
S3FD000049E0600270004E5E4E754E5600004FEFFFF02D48FFF01D40FFF4426EFFFC422EFFF9422EFFFA600000AE7200122EFFF97000B28067107001B28067367002B280675E60000086206EFFF0700010100C80000000E8670E74E87200102EFFF44EB900004E487000102EFFF952801D40FFF96058206EFFF0700010280001676C102800014EB900004B921D40FFFB72001200675C7000102EFFF952801D40FFF9602A206EFFF07000102EFFFA103008004EB900004B921D40FFF872001200660C7000102EFFFA72FFD081602E7000102EFFFA52801D40FFFA7200122EFFFA7000102EFFF4B2806500FF44600E7000600A206EFFF04228000170004E5E43
S3FD00004AD84E754E5600004FEFFFF42D48FFF4426EFFFA72011D41FFF9700010100C80000000E8666C1D41FFF96036206EFFF47000102EFFF9103008004EB900004B921D40FFF87200120067427000302EFFFA52803D40FFFA7000102EFFF952801D40FFF97200122EFFF97014B28065BE7200322EFFFA7013B28066083D6EFFFAFFFC6004426EFFFC302EFFFC6008302EFFFA600270004E5E4E754E560000598F1D40FFFC7400140070D0D480720012027009B28053C049C044804E5E4E754E5600002F07598F1D40FFF8740014007220B4816700008072001200677C7400140072BFD481720012027E19B287636E74001400729FD48172001202B2876F
S3FD00004BD063627E001E0072D0DE8174001407720BB4816354720012000C81000000A5674C720012000C81000000A467447E001E007284DE81740014077227B481633674001400722CB481673072001200702EB28057C049C0448060227001601E7000601A70016016700160127001600E7001600A70016006700160027001588F2E1F4E5E4E754E5600002F074FEFFFF02D48FFEC2D49FFF01D40FFF41D41FFF57E001E0074001401BE8262467400140167407E001E0074001401BE8267341D40FFF8601C226EFFF07200122EFFF8206EFFEC103018001380180052811D41FFF87200122EFFF87000102EFFF55280B0816ED24FEF00102E1F4E5E4E7597
S3FD00004CC84E5600004FEFFFF42D48FFF43D40FFF81D41FFFA426EFFFC6018206EFFF47200322EFFFC102EFFFA1180180052813D41FFFC7200322EFFFC7000302EFFF8B28065D84E5E4E754E5600004FEFFFF02D48FFF02D49FFF41D40FFF8422EFFFC6028226EFFF07400142EFFFC123128001D41FFFD206EFFF410302800138028001181280052821D42FFFC7200122EFFFC7000102EFFF8B28065C84E5E4E754E5600004FEFFFF02D48FFF02D49FFF41D40FFF8422EFFFC6022226EFFF47400142EFFFC206EFFF07200123028007030D2801381280052821D42FFFC7200122EFFFC7000102EFFF8B28065CE4E5E4E754E5600004FEFFFF42D48FFF4A8
S3FD00004DC01D40FFF81D41FFF91D42FFFA422EFFFD422EFFFC605E7400142EFFFD7000B48067087001B48067246036206EFFF47000102EFFFC7200123008007000102EFFF9B280662452821D42FFFD601C206EFFF47200122EFFFC102EFFFA118018006008422EFFFC422EFFFD7000102EFFFC52801D40FFFC7200122EFFFC7000102EFFF8B28065924E5E4E754E5600004FEFFFF42D48FFF41D40FFF81D41FFF91D42FFFA1D42FFFC1D41FFFD6024206EFFF47400142EFFFD123028001D41FFFE102EFFFC118028001D41FFFC52821D42FFFD7200122EFFFD7000102EFFF8B28065CC4E5E4E754E560000598F4EB900005B524EB900005A8C4EB9000094
S3FD00004EB85C2A4EB900005F024EB900005A604EB900005A0A4EB9000059A64EB9000057C84EB9000059344EB9000058A02EBC200003E8700A43F9200003DF41F920000A884EB9000058082EBC2000057D700A43F92000057441F92000324C4EB9000058082EBC20000587700A43F92000057E41F9200032744EB9000058082EBC20000573700543F92000056F41F920000A044EB9000058082EBC2000056E700543F92000056A41F9200009DC4EB9000058082EBC20000569701443F92000055641F920000A304EB9000058082EBC20000555700A43F92000054C41F9200009144EB9000058082EBC2000054B700A43F92000054241F92000093C4EB986
S3FD00004FB0000058082EBC20000541700A43F92000053841F9200009644EB9000058082EBC20000537703243F92000050641F920000AB44EB9000058082EBC20000505703243F9200004D441F920000ADC4EB9000058082EBC200004D3703243F9200004A241F920000B044EB9000058082EBC200004A1703243F92000047041F920000B2C4EB9000058082EBC2000046F700A43F92000046641F9200007804EB9000058082EBC20000465701443F92000045241F9200006A84EB9000058082EBC20000451701443F92000043E41F9200006E04EB9000058082EBC2000043D701443F92000042A41F9200007084EB9000058082EBC20000429701443F9E0
S3FD000050A82000041641F9200007304EB9000058082EBC20000415701443F92000040241F9200007584EB9000058082EBC20000401700543F9200003FD41F9200007A84EB9000058082EBC200003FC700543F9200003F841F9200007D04EB9000058082EBC200003F7700A43F9200003EE41F9200008EC4EB900005808700543F9200003E941F9200007F84EB90000533C700113C0200008084EB90000521C41F90000674423C820000B5441F9000064B023C82000098C41F90000667223C82000099041F9000067B623C820000B5841F9000066EE23C82000099441F90000685623C820000B5C4EB9000252321039200009BC088000040880000313C0E0
S3FD000051A0200009BC41F90000574823C8200008D041F90000578823C82000088C42392000084041F90002212E23C82000083841F900006AF023C82000082841F900006B5E23C82000082C41F90000704C23C82000083041F9000061CA23C8200006DC41F9000060D023C8200006D8423920003644705313C02000347E4E5E4E754E56000041F92000017423C820000694303C010043F92000059422392000069420414EB9000052484E5E4E754E5600004FEFFFF42D48FFF42D49FFF83D40FFFC2089316EFFFC000842680004426800064268000A4228000C7200322EFFFC700020494EB900028B8C4E5E4E754E560000518F2D48FFF81D40FFFC74003E
S3FD000052983428000A720032280008B481650A70011140000C700060327400342800042210D2822241128072003228000452817000302800084C4018003140000470003028000A52803140000A70014E5E4E754E5600002F0C518F2D48FFF42D49FFF870003028000A6604700060327200322800062010D0812840129472003228000652817000302800084C4018003140000670003028000A53803140000A7001508F285F4E5E4E754E5600004FEFFFF02D48FFF02D49FFF41D40FFF8214900047200122EFFF870FFD2802009D081214000082D49FFFC2149000C20894228002C43F9000053EE2149001443F90000554E2149001843F9000055DE21495F
S3FD00005390001C43F90000560821490020116EFFF8002D43F9000053B0214900284E5E4E754E5600004FEFFFF42D48FFF41D40FFF8202800042D40FFFC22402149000C224020894228002C72007000102EFFF82428000420424EB900004CC84E5E4E754E5600002F0C4FEFFFEC2D48FFE82D49FFEC72001229002C673C700010290010665E7001B2806732285110942051421070001029002C670653801340002C206EFFEC2010B0A8000867302D48FFF0528020807001605A700060562851109420514210202900082D40FFF820402348000C204022884229002C60D820A8000460D22869000410941029002C2229000420414EB9000054A82D48FFF4BA
S3FD00005488226EFFEC2348000C70001029002C53801340002C70014FEF0014285F4E5E4E754E5600002F074FEFFFF42D48FFF01D40FFF42408720012002241123128FF1D41FFF8720012007000B28067707001B28067087002B2806706600E4210605E10A80001422800016054422EFFF96020226EFFF07400142EFFF922025281202EFFF0D08120401010138028001D41FFF97400142EFFF97E001E2EFFF472FF2007D081B0826ECA242EFFF02047423028FF7200122EFFF470FED280D48120424FEF000C2E1F4E5E4E754E5600004FEFFFF41D40FFF42D48FFF8422EFFFC74001428002C72001228002DB481645272001228001066342268000C1280E7
S3FD000055802028000CB0A80008660821680004000C600452A8000C206EFFF870001028002C52801140002C70011D40FFFC60162268000C128052A8000C70001028002C52801140002C206EFFF82028000CB0A8000863044E714AC8102EFFFC4E5E4E754E560000518F2D48FFF8700010280010660820501D50FFFC6008206800041D50FFFC102EFFFC4E5E4E754E5600002F074FEFFFEC1D40FFE82D48FFEC72001228001066782E102D47FFF474001428002C7200B48167087201B4816708601A70006000008072001200204770001010B28057C049C04480606A206EFFF4720012107000102EFFE8B280660470016054202EFFF452802D40FFF4224071
S3FD00005678206EFFECB3E8000865062D680004FFF4226EFFF4206EFFECB3E8000C66C07000602622001028002C2428000420424EB9000056CA1D40FFF0720012004A8156C049C044802D40FFF84FEF00142E1F4E5E4E754E5600004FEFFFF02D48FFF01D40FFF41D41FFF57000102EFFF466047000605A206EFFF0740014107200122EFFF5B4816746122EFFF574FFD082242EFFF0528220424EB9000056CA242EFFF052822D42FFFC7200122EFFF470FFD2801D41FFF8102EFFF51D40FFF920422D48FFF01D41FFF41D40FFF5609C70014E5E4E754E560000598F701E13C0200008CD422EFFFC60167000102EFFFC41F92000089042700A0052801D4085
S3FD00005770FFFC7200122EFFFC70001039200008CDB28065D84E5E4E754E560000598F701E13C020000889422EFFFC60167000102EFFFC41F92000084C42700A0052801D40FFFC7200122EFFFC7000103920000889B28065D84E5E4E754E56000041F92000057E23C82000327841F9200005D723C82000327C20392000327823C02000327423C020003280427920003294700401B92000329C4E5E4E754E5600004FEFFFF42D48FFF42D49FFF83D40FFFC21490004216E0008000820A8000821680008000C4268002043F900005CE02149001043F900005D6221490014316EFFFC002243F90000585C2149001C4E5E4E754E5600002F0C4FEFFFF02D4891
S3FD00005868FFEC2D49FFF03D40FFF4202800082D40FFF82840214C000C2840208C426800207200302EFFF420494EB900004CC84FEF0010285F4E5E4E754E560000598F43F92000185823C92000187841F92000186223C82000187C200923C020001870200923C02000187443F92000186423C92000188841F92000186E23C82000188C200923C020001880200923C020001884426EFFFC60287000302EFFFC41F920000AB041F00A0042680DA841F920000AB041F00A0042680DB452803D40FFFC7200322EFFFC7006B28065CC4E5E4E754E5600002F0C518F43F92000176C23C92000183441F9200017D023C82000184449F9200017CE23CC200018380B
S3FD0000596049F92000183223CC2000184820092D40FFF4224023C920001840224023C92000183C20082D40FFF8204023C820001850204023C82000184C423920001854508F285F4E5E4E754E560000518F41F92000021C23C82000019441F92000023123C8200001902039200001942D40FFFC204023C820000188204023C82000018C422EFFF860167000102EFFF841F92000021C4230080052801D40FFF87200122EFFF87016B28065DE4E5E4E754E560000598F422EFFFC60167000102EFFFC41F9200002324230080052801D40FFFC7200122EFFFC7055B28065DE41F92000023223C8200001A02039200001A023C02000019841F92000028723C852
S3FD00005A582000019C4E5E4E754E56000041F9200002C823C8200001AC41F92000028823C8200001A82039200001AC23C0200001A44E5E4E754E5600002F0C598F43F9200018CC23C9200018C423C9200018C841F92000191C23C8200018C049F92000194323CC200018B449F9200018F323CC200018B849F92000191B23CC200018BC240923C2200018A0220923C1200018A4200823C02000189C23C2200018AC23C1200018B023C0200018A8426EFFF860387200322EFFF841F920000AB041F0180042280E1C41F920000AB041F0180042280E4441F920000AB041F0180070FF11400E6C52813D41FFF87200322EFFF87028B28065BC588F285F4E5E59
S3FD00005B504E754E5600004FEFFFF441F9200003BC23C82000021841F92000039923C82000020C41F92000037623C82000020041F9200003DE23C82000021441F9200003BB23C82000020841F92000039823C8200001FC22392000021823C12000021020392000020C23C02000020420392000020023C0200001F82041421020792000020442102079200001F842102039200002182D40FFF820392000020C2D40FFF42039200002002D40FFFC6020206EFFFC10BC00FF206EFFF84210206EFFF4421052AEFFF852AEFFF452AEFFFC206EFFF8B1F92000021463D44E5E4E754E5600004FEFFFF041F92000034E23C8200001F441F92000032623C8200059
S3FD00005C4801F041F92000037523C8200001E841F92000034D23C8200001EC2239200001F42D41FFF0204123C8200001DC204123C8200001E42039200001F02D40FFFC204023C8200001D8204023C8200001E02D41FFF8600A206EFFF8421052AEFFF8206EFFF8B1F9200001E863EA2039200001F02D40FFF4600C206EFFF410BC00FF52AEFFF4206EFFF4B1F9200001EC63E84239200001D44E5E4E754E5600002F0C4FEFFFF02D48FFEC2D49FFF072003229002067347001B280673228511094205142107000302900206706538033400020206EFFF02010B0A8000467302D48FFF4538020807001602A700060262851109420514210202900082D4008
S3FD00005D40FFF820402348000C204022884269002060D820A8000860D24FEF0010285F4E5E4E754E5600002F0C4FEFFFF01D40FFEC2D48FFF0422EFFF4740034280022720032280020B48162067000600001064A81663A202800082D40FFF822402149000C224020892268000C12AEFFEC2028000C53802140000C70003028002052803140002070011D40FFF4600000C42228000CB2A80004665E22280008B29066362268000C12802150000C700030280020528031400020720032280020700030280022B280660A70011D40FFF4600000824E714AC8607A2268000C128021680008000C70003028002052803140002070011D40FFF4605A2868000C4B
S3FD00005E3843ECFFFFB3D0663018802150000C700030280020528031400020720032280020700030280022B280660870011D40FFF460244E714AC8601E18802028000C53802140000C70003028002052803140002070011D40FFF4102EFFF44FEF0010285F4E5E4E754E560000598F41F92000031C23C8200001D02039200001D023C0200001CC41F92000032523C8200001C82079200001C870FF10802079200001D010802039200001D052802D40FFFC600C206EFFFC10BC00FF52AEFFFC206EFFFCB1F9200001C865E84E5E4E754E560000598F41F92000030823C8200001C041F92000031223C8200001C42039200001C023C0200001B820392000A1
S3FD00005F3001C423C0200001BC41F92000031123C8200001B041F92000031B23C8200001B42079200001B070FF10802079200001C010802039200001C052802D40FFFC600C206EFFFC10BC00FF52AEFFFC206EFFFCB1F9200001B065E84E5E4E754E5600004FEFFFE81D40FFE81D41FFE92D48FFEC422EFFF043EEFFF82D49FFF43010206EFFF44EB900003A7A7200122EFFE97000102EFFE84EB900020BF0206EFFF4700010107230D0814EB900020DEC206EFFF47000102800017230D0814EB900020DEC206EFFF47000102800027230D0814EB900020DEC206EFFF47000102800037230D0814EB900020DEC206EFFF47000102800047230D0814EB94B
S3FD0000602800020DEC4E5E4E754E5600004FEFFFF43D40FFF43D41FFF6422EFFF9422EFFF8426EFFFA602A342EFFF448C2302EFFF648C094807200322EFFFA41F92000058A30301A0048C0B480675852813D41FFFA7200322EFFFA7005B28065CA32392000058848C152813D41FFFC33C12000058848C17004B2806F0642792000058834392000058848C241F92000058A322EFFF448C1302EFFF648C0928031812A007001600270004E5E4E754E5600004FEFFFF43D40FFF43D41FFF6422EFFFD240048C2660648C1670000D8322EFFF6302EFFF44EB9000060301D40FFFB72001200670000B03D6EFFF4FFFE2279200006F441F9200006E0102EFFFF75
S3FD000061204E911D40FFFA7400142EFFFD72001200D4811D42FFFD22792000071C41F920000708102EFFFE4E911D40FFFC7400142EFFFD72001200D4811D42FFFD3D6EFFF6FFFE22792000074441F920000730102EFFFF4E911D40FFF87400142EFFFD72001200D4811D42FFFD22792000076C41F920000758102EFFFE4E911D40FFF97400142EFFFD72001200D4811D42FFFD6008700160127000600E7200122EFFFD7004B28066F060EA4E5E4E754E5600002F0C4FEFFFF02D48FFEC2D49FFF0422EFFF82879200006F043F9200006E041EEFFFB4E941D40FFF67400142EFFF872001200D4811D42FFF828792000071843F92000070841EEFFFA4E94B7
S3FD000062181D40FFF57400142EFFF872001200D4811D42FFF8206EFFEC30AEFFFA28792000074043F92000073041EEFFFB4E941D40FFF77400142EFFF872001200D4811D42FFF828792000076843F92000075841EEFFFA4E941D40FFF47400142EFFF872001200D4811D42FFF8206EFFF030AEFFFA720012027004B28057C049C044804FEF0010285F4E5E4E754E5600004FEFFFF02D48FFF02D49FFF43D40FFF8426EFFFC6024226EFFF07200322EFFFC42311800206EFFF410301800138018004230180052813D41FFFC7200322EFFFC7000302EFFF8B28065CC4E5E4E754E560000598F426EFFFC6048426EFFFE602A7200322EFFFC70184C010800D7
S3FD0000631041F920000AB041F008007000302EFFFE41F0080042280E9852803D40FFFE7200322EFFFE7018B28065CA7000302EFFFC52803D40FFFC7000302EFFFC0C800000008165AA4279200031784E5E4E754E5600002F0C518F43F920004BF023C920004C3441F920004BBE23C820004C2449F920004C2123CC20004C3849F920004BEF23CC20004C2820092D40FFF4224023C920004C40224023C920004C3C20082D40FFF8204023C820004C30204023C820004C2C423920004BBD423920004BBC508F285F4E5E4E754E560000598F72011D41FFFC4E714AC84E5E4E754E560000598F1D40FFFC7400143920004BBC7232B4816440207920004C30FF
S3FD000064081080203920004C30B0B920004C24671C538023C020004C307000103920004BBC528013C020004BBC70016010203920004C2823C020004C3060DE70004E5E4E754E5600004E714AC84E5E4E754E560000598F7000103920004BBC6746207920004C2C1D50FFFC4210203920004C2CB0B920004C24671E538023C020004C2C7000103920004BBC538013C020004BBC102EFFFC6010203920004C2823C020004C2C60DC70004E5E4E754E5600002F072F064FEFFFEC1D40FFE41D41FFE51D42FFE6422EFFE8422EFFEC7C003C39200009347E0ABC876400012C7E001E027463BE826E2CBE826D04600000827444BE826E167242BE816D00008E09
S3FD00006500BE816726BE8267000084600000807050BE80677860767470BE826E06BE82675A606A7072BE8067646062720012006700013672003239200009BA670000D27200120043F9200008EC41F118007200122800B8670000D67200120041F118007200122800B80C81000000FA650000DE600000F670631D40FFE5601274001400660C7000100166067001600000DC22792000092841F920000914102EFFE44E911D40FFEB1D40FFE822792000095041F92000093C102EFFE54E911D40FFEA7400142EFFE872001200D4811D42FFE822792000097841F920000964102EFFE64E911D40FFE97400142EFFE872001200D4811D42FFE87200122EFFE87A
S3FD000065F87003B280660670011D40FFEC102EFFEC605C70006058303C00FA33C0200009BA7200701441F9200009A44EB900004CC8603C7200120041F1180041E800B82D48FFF0206EFFF070001010528010806000FF447200120041F1180041E800B82D48FFF4206EFFF472001210528110814FEF00142C1F2E1F4E5E4E754E5600002F0C4FEFFFF42D48FFF02D49FFF47000303920000934661A700030392000095C670C700030392000098467024AC87000603C70011D40FFF828792000092443F9200009144E9428792000094C43F92000093C206EFFF44E9428792000097443F920000964206E00084E94102EFFF84FEF000C285F4E5E4E754E569F
S3FD000066F000002F0C700701F9200009BC287920000930700A43F92000054C41F9200009144E94287920000958700A43F92000054241F92000093C4E94287920000980700A43F92000053841F9200009644E94285F4E5E4E754E560000598F3D40FFFC3D41FFFE33C020000AB0227920000AC841F920000AB4103920000AB14E91227920000AF041F920000AB4103920000AB04E91302EFFFE33C020000AB0227920000B1841F920000B04103920000AB14E91227920000B4041F920000B2C103920000AB04E914E5E4E754E5600002F0C4FEFFFF42D48FFF02D49FFF4287920000AC443F920000AB441EEFFF94E94287920000AEC43F920000ADC41EEF1
S3FD000067E8FFF84E94102EFFF813C020000AB0102EFFF913C020000AB1206EFFF030B920000AB0287920000B1443F920000B0441EEFFF94E94287920000B3C43F920000B2C41EEFFF84E94122EFFF813C120000AB0122EFFF913C120000AB1206EFFF430B920000AB04FEF000C285F4E5E4E754E5600002F0C598F287920000AF8703243F92000050641F920000ADC4E94287920000AD0703243F9200004D441F920000AB44E94287920000B48703243F9200004A241F920000B2C4E94287920000B20703243F92000047041F920000B044E94422EFFF86046422EFFF960287400142EFFF92202EF8941F920000AB041F018007200122EFFF841F0180003
S3FD000068E0422800B052821D42FFF97400142EFFF97218B48165CC7200122EFFF852811D41FFF87200122EFFF80C810000008065AC588F285F4E5E4E754E5600002F0C4FEFFFF0422EFFF5600001AE2079200009944E90422EFFF870011D40FFF770021D40FFF6605A72003239200009347000102EFFF8B28067064E714AC84E7120792000098C142EFFF6122EFFF7102EFFF84E901D40FFF17200120067307000102EFFF852801D40FFF87000102EFFF752801D40FFF77000102EFFF652801D40FFF67200122EFFF87008B280659A422EFFF870011D40FFF770021D40FFF6606E28792000099041EEFFF22E8843EEFFF341EEFFF44E947200122EFFF858
S3FD000069D87000102EFFF4B28066207200122EFFF77000102EFFF3B28066107200122EFFF67000102EFFF2B28067044E714AC87000102EFFF852801D40FFF87000102EFFF752801D40FFF77000102EFFF652801D40FFF67200122EFFF87007B2806586422EFFF8600000802279200007BC41F9200007A87000102EFFF852804E911D40FFF07200120066064E714AC84E71422EFFF860402879200007B843F9200007A841EEFFF74E941D40FFF97200120067187200122EFFF77000102EFFF85280B08167064E714AC84E717000102EFFF852801D40FFF87200122EFFF87005B28065B452811D41FFF87200122EFFF87005B2806500FF767000102EFFF5D6
S3FD00006AD052801D40FFF57200122EFFF57002B2806500FE4870004FEF0010285F4E5E4E754E560000518F1D40FFF8422EFFFC422EFFFD60227400142EFFFD41F9200004667200123028007000102EFFF8B280673252821D42FFFD7200122EFFFD700AB28065D27000102EFFFC661222792000079441F920000780102EFFF84E91102EFFFC600870011D40FFFC60D84E5E4E754E5600002F0C2F074FEFFFF01D40FFE81D41FFE97400422EFFF67E001E000C87000000A1670E0C87000000A26700014660000274700010392000084A7E001E01B087663A7E001E39200036457218E3AF721FE2AF671E7204B081660A70011D40FFF66000024213C22000E4
S3FD00006BC8084A1D42FFF66000023470011D40FFF66000022A7E00B08767046000008E7E001E39200036457018E1AF701FE0AF67247E001E017004BE806612700413C02000084A70011D40FFF6600001F21D42FFF6600001EA2879200007B843F9200007A841EEFFF54E941D40FFF4720012006726102EFFF513C02000084A60024E71102EFFF54EB900006EB41D40FFF37200120067EA600001A8102EFFE913C02000084A70011D40FFF6600001947E001E017004BE8066081D42FFF66000018220014EB900006E141D40FFF2720012006600016E2279200007BC41F9200007A8102EFFE94E911D40FFF1720012006700015060024E71102EFFE94EB9F4
S3FD00006CC000006FE61D40FFF07200120067EA60000134700010392000084B7E001E01B087663A7E001E39200036457218E3AF721FE2AF671E7204B081660A70011D40FFF66000010213C22000084B1D42FFF6600000F470011D40FFF6600000EA7E00B08767046000008A7E001E39200036457018E1AF701FE0AF67247E001E017004BE806612700413C02000084B70011D40FFF6600000B21D42FFF6600000AA2879200007E043F9200007D041EEFFF54E941D40FFEF720012006724102EFFF513C02000084B60024E71102EFFF54EB900006F1A1D40FFEE7200120067EA6068102EFFE913C02000084B70011D40FFF660567E001E017004BE806606B3
S3FD00006DB81D42FFF6604620014EB900006E641D40FFED7200120066342279200007E441F9200007D0102EFFE94E911D40FFEC72001200671860024E71102EFFE94EB900006F801D40FFF77200120067EA102EFFF64FEF00102E1F285F4E5E4E754E5600004FEFFFD81D40FFD8422EFFDC43EEFFDE41F90002B314721032D8538166FA41EEFFDE7000102EFFD8740034300A00720032392000083C2002C081B480660670011D40FFDC102EFFDC4E5E4E754E5600004FEFFFD81D40FFD8422EFFDC43EEFFDE41F90002B334721032D8538166FA41EEFFDE7000102EFFD8740034300A00720032392000083E2002C081B480660670011D40FFDC102EFFDC9D
S3FD00006EB04E5E4E754E5600002F074FEFFFD81D40FFD4422EFFD843EEFFDA41F90002B354721032D8538166FA41EEFFDA7E001E2EFFD4740034307A00468230392000083CC48033C22000083C720032307A0070003002C280660670011D40FFD8102EFFD84FEF00282E1F4E5E4E754E5600002F074FEFFFD81D40FFD4422EFFD843EEFFDA41F90002B374721032D8538166FA41EEFFDA7E001E2EFFD4740034307A00468230392000083EC48033C22000083E720032307A0070003002C280660670011D40FFD8102EFFD84FEF00282E1F4E5E4E754E5600002F074FEFFFD81D40FFD4422EFFD843EEFFDA41F90002B394721032D8538166FA41EEFFDA6A
S3FD00006FA87200122EFFD43E301A0030392000083E8E8033C72000083E740034301A00720032072002C081B480660670011D40FFD8102EFFD84FEF00282E1F4E5E4E754E5600002F074FEFFFD81D40FFD4422EFFD843EEFFDA41F90002B3B4721032D8538166FA41EEFFDA7200122EFFD43E301A0030392000083C8E8033C72000083C740034301A00720032072002C081B480660670011D40FFD8102EFFD84FEF00282E1F4E5E4E754E560000598F1D40FFFC1D41FFFD740014000C82000000A1670A0C82000000A26720603C74001401700010392000084AB480660842392000084A60284E714AC8602274001401700010392000084BB48066084239DF
S3FD000070A02000084B600A4E714AC860044E714AC84E5E4E754E5600002F0C4FEFFFF41D40FFF041F9200001842D48FFF87400142EFFF07007B48067727009B480677470F6D480720012027001B28062707000103920000184673C72001239200008247000103920000825B280640000824A81675022792000081841F9200007F8102EFFF04E911D40FFF672001200674A70006000008C70001039200008246654102EFFF013C02000018470016072103920000184606A423920000184700060607000605C22792000081041F9200007F8102EFFF04E917000604622792000081041F9200007F8102EFFF04E91700060307000602C28792000080C43F958
S3FD00007198200007F841EEFFF54E941D40FFF47200120066047000600C102EFFF513C02000018470014FEF000C285F4E5E4E754E560000518F1D40FFF870074EB9000070B41D40FFFC7400142EFFF872001200B48167047000600A70094EB9000070B470014E5E4E754E5600004FEFFFF042AF00042EAE00084EB9000295744A80663A203C437F00002F4000042EAE00084EB9000295804A806706422EFFF860162EAE00084EB9000292982D40FFFC720012001D41FFF8102EFFF8600270004E5E4E754E5600004FEFFFE01D40FFE81D41FFE9740014017009B480630670091D40FFE97000102EFFE92E804EB9000296682D40FFF02F4000042EBC3DCC0F
S3FD00007290CCCD4EB9000297902D40FFF42D40FFF87000102EFFE82E804EB9000296682D40FFFC2F6EFFF800042E804EB90002AC682D40FFEC4E5E4E754E5600004FEFFFE02EAE00084EB9000071FC1D40FFEA1D40FFE9720012002E814EB9000296682D40FFF82F4000042EAE00084EB90002AC4C2D40FFF02F4000042EBC412000004EB9000297902D40FFF42D40FFEC2E804EB9000292982D40FFFC740014001D42FFE872001202700AB2806304422EFFE8102EFFE84E5E4E754E5600004FEFFFF01D40FFF41D41FFF52EB9200052544EB9000071FC1D40FFFB1D40FFF92EB9200052544EB9000072C81D40FFF81D40FFFA7400142EFFF57240B481F7
S3FD00007388670C0C8200000080674C600000927200122EFFF9670000A47000102EFFF9670000B07400142EFFF47201B481670000B07203B481670000C67204B481670000C67205B48166587264B081650000D690811D40FFF960487400142EFFF47201B481670000D07200122EFFF47003B280670000E27004B280670000FE7005B280661E7200122EFFF90C81000000B36700010E7063B2806308422EFFF9422EFFFA122EFFFA102EFFF94EB9000072562D40FFFC23C020005254600000F0720012006600FF5870B31D40FFF970091D40FFFA60CE70B31D40FFF970091D40FFFA60C07200122EFFFA670853811D41FFFA60B053801D40FFF970091D409D
S3FD00007480FFFA60A253801D40FFF9609A720AB081650890811D40FFF9608C70B31D40FFF970091D40FFFA6000FF7E70B31D40FFF970091D40FFFA6000FF6E720012007009B2806600FF287000102EFFF952801D40FFF9422EFFFA6000FF4E7000102EFFF90C80000000B3640A52801D40FFF96000FF36422EFFF9422EFFFA6000FF2A7200122EFFF90C81000000B3670C700AD2801D41FFF96000FF10422EFFF9422EFFFA6000FF04422EFFF9422EFFFA6000FEF84E5E4E754E5600004FEFFFD448EF00E000202D48FFD41D40FFD81D41FFD943EEFFE841F90002B3D4720632D8538166FA7200122EFFD97040B280670E0C810000008067000084600025
S3FD0000757801A6226EFFD47A003A117401BA826700019641EEFFE87C001C2EFFD83E306A003D47FFDE22067005BC806E00017ABC826D0001745381323B1A0848C14EFB1A000006000C000C000C000C2D49FFE4538532856000015234113D42FFDC7200320270003007B28065000088720032306A007000300290813D40FFDC328060000128206EFFD47E003E10203C00007FFFBE80640001147400142EFFD87201B48167587202B481675E7203B481670000807204B481670000A0B481670000C47205B481660000E43210740034010682000027103D42FFDC72003202B2806308303C7FFF3D40FFDC206EFFD430AEFFDC600000B870013280600000B0F3
S3FD000076702D48FFE052873087600000A4321074003401720AD4813D42FFDC72003202B2806308303C7FFF3D40FFDC206EFFD430AEFFDC607A3210740034017264D4813D42FFDC72003202B2806308303C7FFF3D40FFDC206EFFD430AEFFDC60523210740034010682000003E83D42FFDC72003202B2806308303C7FFF3D40FFDC206EFFD430AEFFDC60283210740034010682000003E83D42FFDC72003202B2806308303C7FFF3D40FFDC206EFFD430AEFFDC4CEF00E000204E5E4E754E5600004FEFFFF01D40FFF02D48FFF41D41FFF8720012003D41FFFE422EFFFD6026206EFFF47400142EFFFD700010302800720032007000302EFFFED2803D41EF
S3FD00007768FFFE52821D42FFFD7200122EFFFD7000102EFFF8B28065CA7200122EFFFE7000102EFFFFD2801D41FFFC7000100172FFB3801D40FFFD4E5E4E754E5600004FEFFFF02D48FFF02D49FFF43D40FFF83D40FFFC10AEFFFC12AEFFFD4E5E4E754E5600004FEFFFCC2F6E0014000441EEFFF82E884EB900029B20202EFFF82F6EFFFC00082F40000441EEFFE82E884EB9000092E4202EFFE82F6EFFEC00042E804EB900029C782D40FFE02D40FFF02F4000042EBCBF8000004EB9000297902D40FFD82F6E000C00042E804EB9000297902D40FFE42F4000042EAE00104EB90002AC682D40FFDC2D40FFF4226E000841EEFFF022D82290206E000804
S3FD0000786020084E5E4E754E5600004FEFFFB82F6E0008000441EEFFD82E884EB900029B2041EEFFF0202EFFD8222EFFDC2080214100042F4100082F40000441EEFFE82E884EB9000092E4202EFFE82F6EFFEC00102F40000C203C3FF0000042AF00082F40000441EEFFF82E884EB90002A074202EFFF82F6EFFFC00102F40000C203CBFF0000042AF00082F40000441EEFFD02E884EB900028D0041EEFFE0202EFFD0222EFFD42080214100042F4100042E804EB900029C782D40FFCC4E5E4E754E5600004FEFFFE42F6E001400042EBCBF8000004EB9000297902D40FFEC2F6E000C00042E804EB9000297902D40FFF42F4000042EAE00104EB9000210
S3FD00007958AC682D40FFF02D40FFFC2D6E0014FFF8226E000841EEFFF822D82290206E000820084E5E4E754E5600004FEFFFC83D40FFDC701041EEFFF04EB900028CEC203C42C000002D40FFE0203CC28000002D40FFE441EEFFE043EF000C22D8229041EE000C43EF000422D8229041EEFFF02E88322EFFDC704C4EB900007A2441EEFFE043EF000C22D8229041EE000C43EF000422D8229041EEFFE82E88322EFFDC70524EB900007A2443EEFFF841EEFFE822D82290226E000841EEFFF022D822D822D82290206E000820084E5E4E754E5600004FEFFFC01D40FFDC3D41FFDE41EE001443EF000C22D8229041EE000C43EF000422D822902EBC42C87D
S3FD00007A500000322EFFDE102EFFDC4EB900007E7A2D40FFE82D40FFF42F6E00140018203C3F4CCCCD2F40001441EE001443EF000C22D8229041EE000C43EF000422D822902EAEFFF4302EFFDE4EB900007AE82D40FFE42D40FFF02D40FFF82F4000042EAE000C4EB9000297902D40FFE02F4000042EAE00104EB90002AC682D40FFEC2D40FFFC226E000841EEFFF822D82290206E000820084E5E4E754E5600004FEFFFAC3D40FFC842AEFFF0720032002E814EB9000296682D40FFCC2D40FFE82F6E0008000442974EB9000295684A8067162F6E0020000442974EB9000295684A8067044E714AC82F6E0008001041EE001443EF000822D8229041EED4
S3FD00007B48000C43D722D822904EB900007C9A2D40FFE42D40FFF82F6E002000042EAE00084EB9000080E62D40FFE02D40FFEC2F40001041EE001443EF000822D8229041EE000C43D722D822904EB900007C9A2D40FFDC2D40FFF42F4000042EAEFFE84EB90002AC4C2D40FFFC2E804EB9000095EA2D40FFD82F6E001C00042E804EB9000295744A80670A2D6EFFECFFF0600000BC2F6EFFE800042EAEFFF84EB9000295804A8067502F6EFFF400042EAEFFE84EB9000295804A80673C2F6EFFEC00182F6E001C001441EE001443EF000C22D8229041EE000C43EF000422D822902EAE0008302EFFC84EB900007AE82D40FFD42D40FFF060562F6EFFE83D
S3FD00007C4000042EAEFFF44EB9000295804A80673C2F6E002000182F6E001C001441EE001443EF000C22D8229041EE000C43EF000422D822902EAEFFEC302EFFC84EB900007AE82D40FFD02D40FFF060064E714AC84E71202EFFF04E5E4E754E5600004FEFFF5C2F6E0008000441EEFFB02E884EB900029B2041EEFFF020AEFFB0216EFFB400042F6E000C000441EEFFA82E884EB900029B2041EEFFE820AEFFA8216EFFAC00042F6E0018000441EEFF982E884EB900029B2041EEFFD0202EFF98222EFF9C2080214100042F4100102F40000C2F6EFFF400082F6EFFF0000441EEFF902E884EB900028D00202EFF902F6EFF9400102F40000C2F6EFFEC6E
S3FD00007D3800082F6EFFE8000441EEFFC82E884EB90002A63841EEFFE020AEFFC8216EFFCC00042F6E0010000441EEFF802E884EB900029B20202EFF802F6EFF8400102F40000C2F6EFFD400082F6EFFD0000441EEFF882E884EB90002A868202EFF882F6EFF8C00082F40000441EEFFC02E8870024EB9000094242F6E0014000441EEFF782E884EB900029B20202EFF782F6EFF7C00102F40000C2F6EFFE400082F6EFFE0000441EEFFD82E884EB90002A868202EFFD82F6EFFDC00082F40000441EEFFB82E8870024EB900009424202EFFB82F6EFFBC00102F40000C202EFFC02F6EFFC400082F40000441EEFFF82E884EB90002A638202EFFF82F6EAA
S3FD00007E30FFFC00082F40000441EEFFA02E884EB900009766202EFFA02F6EFFA400042E804EB900029C782D40FF702D40FF742F40000442974EB9000295684A8067044AC84E71202EFF744E5E4E754E5600004FEFFF781D40FF8C3D41FF8E70011D40FF90426EFF922F6E0008000442974EB9000295684A80670A203C42C800002D4000087200122EFF8C704CB28067367052B2806702605C2F6E001400042EAE00084EB9000295744A80674C2F6E000800042EAE00144EB90002AC682D40FFB82D40000860322F6E000800042EAE00144EB9000295744A80671E2F6E001400042EAE00084EB90002AC4C2D40FFB42D40000860044AC84E712D6E0008A3
S3FD00007F28FFE07000302EFF9252803D40FF922F6EFFE000042EAE000C4EB9000297902D40FF982F4000042EAE00104EB90002AC682D40FFB02D40FFE42F6E001400042EAEFFE04EB90002AC4C2D40FFA82F40000441EEFFF02E884EB900029B20202EFFF02F6EFFF400082F40000441EEFFC82E8870024EB9000094242F6E001800042EAEFFE44EB90002AC4C2D40FF9C2F40000441EEFFD82E884EB900029B20202EFFD82F6EFFDC00082F40000441EEFFD02E8870024EB900009424202EFFD02F6EFFD400102F40000C202EFFC82F6EFFCC00082F40000441EEFFE82E884EB90002A638202EFFE82F6EFFEC00082F40000441EEFFF82E884EB90000B5
S3FD000080209766202EFFF82F6EFFFC00042E804EB900029C782D40FFAC2D40FFC07000302EFF8E2E804EB9000296682D40FFBC2D40FFA02F6EFFC000042E804EB9000295684A8067107200122EFF907001B28066047000606E2F6EFFC000042EAEFFA04EB9000295744A8067082D6EFFE0FF94604E7200122EFF8C7052B280661A202EFFE02F4000042E804EB90002AC682D40FFA42D40FFE06018202EFFE02F4000042E804EB90002AC4C2D40FFC42D40FFE07000302EFF920C800000FFF16500FE4E202EFF944E5E4E754E5600004FEFFFD4422EFFDC2F6E000C00042EAE00084EB90002AC4C2D40FFE82D40FFF4223C400000002F4100042E804EB9CB
S3FD0000811800029DDC2D40FFE42D40FFF02F4000042EAE000C4EB90002AC682D40FFE02D40FFF82F6EFFF000042E804EB90002AC682D40FFEC2F4000042EAE00084EB9000295684A80670C7000102EFFDC52801D40FFDC2F6EFFF000042EAEFFF84EB90002AC4C2D40FFFC2F4000042EAE000C4EB9000295684A80670C7000102EFFDC52801D40FFDC7200122EFFDC7002B2806606202EFFF860084E714AC84E7170004E5E4E754E5600004FEFFFE02D48FFE81D40FFEC720012007058B28067147059B280673C7078B28067087079B2806730605C2F6E00080004206EFFE82E904EB9000297902D40FFF42F400004206EFFE82EA800044EB90002AC6846
S3FD000082102D40FFF86030206EFFE82F68000400042EAE00084EB90002AC4C2D40FFFC206EFFE82F5000042E804EB900029DDC2D40FFF0600270004E5E4E754E5600004FEFFFB83D40FFCC2F6E000C00042EBC3F8000004EB900029DDC2D40FFE02F4000042EBCBF8000004EB9000297902D40FFE42D40FFE82F6E001000042E804EB9000297902D40FFD02F4000042EAE00144EB90002AC4C2D40FFD42D40FFEC41EE001043EF000C22D8229041EEFFE843EF000422D8229041EEFFF02E88302EFFCC4EB90000831E2EAEFFF8707841EEFFE84EB9000081BA2D40FFDC2D40FFFC2EAEFFF0707841EEFFE84EB9000081BA2D40FFD82D40FFF4226E00084A
S3FD0000830841EEFFF022D822D822D82290206E000820084E5E4E754E5600004FEFFF643D40FF7442AEFFA442AEFF88422EFF7B422EFF78422EFF79422EFF7C422EFF7A422EFF7D701041EEFFF04EB900028CEC223C4DCE35D22D41FFB8203C42C000002D40FFB42D41FFB0203C412000002D40FFA87000302EFF746608303C00823D40FF742F6E000C000442974EB9000295684A8067482F6E0010000442974EB9000295684A80673642AEFFF0223CC28000002D41FFF4203C434000002D40FFF82D41FFFC226E000841EEFFF022D822D822D82290206E00082008600002862D6EFFB4FFA42F6EFFB000042EAEFFA44EB9000295744A80661C4E714AC8A4
S3FD000084002F6EFFB000042EAEFFA44EB9000295804A8066044E714AC82F6EFFA800042EAEFFA44EB90002AC682D40FF982D40FFA42F6E001400042E804EB90002AC4C2D40FF902F40000441EEFFD82E884EB900029B20202EFFD82F6EFFDC00042E8070024EB90000935A2D40FFAC2F6EFFA400042EAE000C4EB9000297902D40FFCC2F4000042EAE00104EB90002AC682D40FFC02F6E001800042E804EB90002AC4C2D40FFA02F40000441EEFFE02E884EB900029B20202EFFE02F6EFFE400042E8070024EB90000935A2D40FFC42F4000042EAEFFAC4EB90002AC682D40FF802E804EB90000962E2D40FFC82D40FFD47000302EFF742E804EB90002EC
S3FD000084F896682D40FFBC2F4000042EAEFFD44EB90002AC4C2D40FF942E804EB9000095EA2D40FF9C2D40FF882F40000441EEFFE82E884EB900029B20223C3FF19999203C9999999A2F40000C2F410008202EFFE82F6EFFEC00042E804EB9000293844A8067587000102EFF7D66302D6EFFA4FFF052801D40FF7D223C42C000002D41FFB4203CC12000002D40FFA842AEFFB02D41FFA4422EFF796000FE702D6EFFA4FFF8226E000841EEFFF022D822D822D82290206E00082008600000B67000302EFF742E804EB9000296682D40FF842F4000042EAEFFD44EB9000295744A80671A2D6EFFA4FFB408EE0000FF797000102EFF7D6600FE166000FDFA90
S3FD000085F07000302EFF742E804EB9000296682D40FF8C2F4000042EAEFFD44EB9000295804A8067142D6EFFA4FFB02D6EFFB4FFA408EE0001FF7960044E714AC87200122EFF797001B2806320422EFF79203C412000002F4000042EAEFFA84EB900029DDC2D40FFD02D40FFA87000102EFF7D6600FDA06000FD844E5E4E754E560000518F1D40FFF874001400700FC4801D42FFFC72001202700AB28064361D42FFFD7400142EFFF80282000000F01D42FFFC700010020C800000009164107200122EFFFD70001002D2801D41FFFD102EFFFD6006422EFFFD60C84E5E4E754E5600004FEFFF681D40FF783D41FF7A422EFF7E422EFF7D422EFF7C42AFE4
S3FD000086E800042EAE00144EB9000295744A8067044E714AC8203C42B400002F4000042EAE00144EB9000295744A80670870011D40FF7C606C203C42B400002F4000042EAE00144EB90002AC4C2D40FF9C2E804EB9000095EA2D40FFC02F40000441EEFFE82E884EB900029B20223C3FF33333203C333333332F40000C2F410008202EFFE82F6EFFEC00042E804EB9000293844A80670870021D40FF7C600670031D40FF7C7200122EFF7C7400B282670002E47001B28067147002B280670001247003B280670001BA600002CA2EBC43400000707841EE000C4EB9000081BA2D40FFBC2D40FFD442AF00042E804EB9000295804A80673242AEFFD42F6E5D
S3FD000087E00010000442974EB90002AC4C2D40FF902F6E000C00042E804EB900029DDC2D40FF942D40FFD02D40FFD86020203C434000002D40FFD82E80707841EE000C4EB9000081BA2D40FFB82D40FFD42D6EFFD8FFF02D6EFFD4FFF44297707841EE000C4EB9000081BA2D40FFB42D40FFD4223CC2FE00002F4100042E804EB9000295744A806738203CC2FE00002D40FFD42F6E001000042E804EB90002AC4C2D40FFA42F6E000C00042E804EB900029DDC2D40FFE02D40FFCC2D40FFD8601A42AEFFD84297707841EE000C4EB9000081BA2D40FFAC2D40FFD42D6EFFD8FFF82D6EFFD4FFFC600001B87200122EFF787013B28067727021B280673CCF
S3FD000088D80C81000000A167046000019A7200322EFF7A706090812E804EB9000296B82D40FF842D40FFF042AEFFF42D40FFF8203CC2FE00002D40FFFC6000016A7200322EFF7A7060D2802E814EB9000296B82D40FF982D40FFF042AEFFF42D40FFF8203CC2FE00002D40FFFC6000013A203C42C000002D40FFF02D42FFF42D40FFF8203CC2FE00002D40FFFC6000011A2E82707841EE000C4EB9000081BA2D40FFB02D40FFD442AF00042E804EB9000295804A80673242AEFFD42F6E0010000442974EB90002AC4C2D40FF882F6E000C00042E804EB900029DDC2D40FFE42D40FFC82D40FFD8601A42AEFFD84297707841EE000C4EB9000081BA2D40DB
S3FD000089D0FFA82D40FFD42D6EFFD8FFF02D6EFFD4FFF42EBC43400000707841EE000C4EB9000081BA2D40FFDC2D40FFD4223CC2FE00002F4100042E804EB9000295804A806722203C434000002D40FFD82E80707841EE000C4EB9000081BA2D40FFA02D40FFD46036203CC2FE00002D40FFD42F6E001000042E804EB90002AC4C2D40FF802F6E000C00042E804EB900029DDC2D40FF8C2D40FFC42D40FFD82D6EFFD8FFF82D6EFFD4FFFC60044E714AC8226E000841EEFFF022D822D822D82290206E000820084E5E4E754E5600004FEFFFF02F6E000C000442974EB9000295684A806708203C42B4000060782F6E000C00042EBC42B400004EB900020C
S3FD00008AC895684A8067047000605E42AF00042EAE00084EB9000295804A8067182F6E000C00042EBC42B400004EB90002AC4C2D40FFF8603442AF00042EAE00084EB9000295744A8067182F6E000C00042EBC42B400004EB90002AC682D40FFFC600A4E714AC8203CBF8000004E5E4E754E5600004FEFFFA8422EFFB841EEFFF02D48FFD841EEFFCC2D48FFD042AF00042EAE000C4EB9000295744A80661242AF00042EAE00144EB9000295744A80670608EE0000FFB842AF00042EAE00104EB9000295804A80661242AF00042EAE00184EB9000295804A80670608EE0001FFB8203CC2FE00002F4000042EAE00104EB9000295744A80670670051D40D8
S3FD00008BC0FFB8203CC2FE00002F4000042EAE00184EB9000295744A80670670061D40FFB8203C434000002F4000042EAE000C4EB9000295804A806618203C434000002F4000042EAE00144EB9000295804A80670608EE0003FFB87000102EFFB867064E714AC84E7142AF00042EAE00104EB9000295744A80671C203CBF8000002F4000042EAE00104EB9000297902D40FFC82D40001042AF00042EAE00184EB9000295744A80671C203CBF8000002F4000042EAE00184EB9000297902D40FFDC2D400018206EFFD820AE000C206EFFD8216E00100004206EFFD8216E00140008206EFFD8216E0018000C422EFFB9600000F2206EFFD87000102EFFB94B
S3FD00008CB820300C002F40000442974EB9000295684A806712206EFFD07000102EFFB942300800600000B6206EFFD87000102EFFB920300C002E804EB9000292982D40FFC0206EFFD07400142EFFB97200120011812800206EFFD07000103028002E804EB9000296682D40FFE02D40FFD42F400004206EFFD87000102EFFB920300C002E804EB90002AC4C2D40FFE42F40000441EEFFE82E884EB900029B20203C3FE0000042AF000C2F400008202EFFE82F6EFFEC00042E804EB9000293904A80671C7200122EFFB9202EFFD0D0812D40FFC42240204070001010528012807000102EFFB952801D40FFB97200122EFFB97004B2806500FF04206EFFD074
S3FD00008DB01D50FFBA1D680001FFBB1D680002FFBC1D680003FFBD226E000841EEFFBA2290206E000820084E5E4E754E5600004FEFFF5C41EEFFF0429042A8000441EEFFE8429042A8000441EEFFE0429042A8000441EEFFD8429042A800042F6E000C000441EEFFC82E884EB900029B2041EEFFF020AEFFC8216EFFCC00042F6E0014000441EEFFC02E884EB900029B2041EEFFE820AEFFC0216EFFC400042F6E0010000441EEFF882E884EB900029B2041EEFFE020AEFF88216EFF8C00042F6E0018000441EEFFB02E884EB900029B2041EEFFD8202EFFB0222EFFB42080214100042F6EFFE400102F6EFFE0000C2F4100082F40000441EEFFA02E88AB
S3FD00008EA84EB90002A8682F6EFFEC00102F6EFFE8000C2F6EFFF400082F6EFFF0000441EEFF902E884EB90002A868202EFF902F6EFF9400102F40000C202EFFA02F6EFFA400082F40000441EEFF982E884EB90002A074202EFF982F6EFF9C00042E804EB900029C782D40FF742D40FFD02F6EFFDC00102F6EFFD8000C2F6EFFF400082F6EFFF0000441EEFF782E884EB900028D002F6EFFE400102F6EFFE0000C2F6EFFEC00082F6EFFE8000441EEFFB82E884EB900028D00202EFFB82F6EFFBC00102F40000C202EFF782F6EFF7C00082F40000441EEFFA82E884EB90002A8682F6EFFEC00102F6EFFE8000C2F6EFFF400082F6EFFF0000441EEFFF816
S3FD00008FA02E884EB90002A868202EFFF82F6EFFFC00102F40000C202EFFA82F6EFFAC00082F40000441EEFF802E884EB90002A074202EFF802F6EFF8400042E804EB900029C782D40FF702D40FFD4226E000841EEFFD022D82290206E000820084E5E4E754E5600004FEFFF9C41EEFFE8429042A800042F6E001000102F6E000C000C223C400921FB203C542FE9382F4000082F41000441EEFFD02E884EB900028D00203C4066800042AF00102F40000C202EFFD02F6EFFD400082F40000441EEFFC02E884EB90002A07441EEFFE020AEFFC0216EFFC40004422EFFB0600000DA42AF00042EBCBFF00000102EFFB04EB90000935A2D40FFB82F6EFFE43B
S3FD0000909800042EAEFFE07000102EFFB0E38852804EB90000935A2D40FFB441EEFFD82E887000102EFFB0E38852804EB9000094DC2F6EFFB400042EAEFFB84EB9000297902D40FFBC2F40000441EEFFF82E884EB900029B20202EFFD82F6EFFDC00102F40000C202EFFF82F6EFFFC00082F40000441EEFFC82E884EB90002A074202EFFC82F6EFFCC00102F40000C2F6EFFEC00082F6EFFE8000441EEFFF02E884EB90002A63841EEFFE820AEFFF0216EFFF400047000102EFFB052801D40FFB07200122EFFB07005B2806500FF1C206E000820AEFFE8216EFFEC00044E5E4E754E5600004FEFFF9C41EEFFE8429042A800042F6E001000102F6E000C1D
S3FD00009190000C223C400921FB203C542FE9382F4000082F41000441EEFFD02E884EB900028D00203C4066800042AF00102F40000C202EFFD02F6EFFD400082F40000441EEFFC02E884EB90002A07441EEFFE020AEFFC0216EFFC40004422EFFB0600000D642AF00042EBCBFF00000102EFFB04EB90000935A2D40FFB82F6EFFE400042EAEFFE07000102EFFB0E3884EB90000935A2D40FFB441EEFFD82E887000102EFFB0E3884EB9000094DC2F6EFFB400042EAEFFB84EB9000297902D40FFBC2F40000441EEFFF82E884EB900029B20202EFFD82F6EFFDC00102F40000C202EFFF82F6EFFFC00082F40000441EEFFC82E884EB90002A074202EFFC877
S3FD000092882F6EFFCC00102F40000C2F6EFFEC00082F6EFFE8000441EEFFF02E884EB90002A63841EEFFE820AEFFF0216EFFF400047000102EFFB052801D40FFB07200122EFFB07005B2806500FF20206E000820AEFFE8216EFFEC00044E5E4E754E5600004FEFFFD42F6E001000082F6E000C000441EEFFF02E884EB9000090002F6E001000082F6E000C000441EEFFE82E884EB900009174202EFFE82F6EFFEC00102F40000C202EFFF02F6EFFF400082F40000441EEFFF82E884EB90002A074206E0008202EFFF8222EFFFC2080214100044E5E4E754E5600002F074FEFFFC41D40FFD441EEFFEC20BC3FF0000042A8000441EEFFF4242E00082E2EF4
S3FD00009380000C208221470004720012006774720012007001B2806772422EFFD8603E2F6EFFF800102F6EFFF4000C2F6EFFF000082F6EFFEC000441EEFFE42E884EB900028D0041EEFFEC20AEFFE4216EFFE800047000102EFFD852801D40FFD87200122EFFD87000102EFFD4B28065B22F6EFFF000042EAEFFEC4EB900029C782D40FFE06018203C3F80000060102F4700042E824EB900029C782D40FFDC4FEF003C2E1F4E5E4E754E5600002F074FEFFFD41D40FFE441EEFFEC2E3C3FF000007400208742A8000472001200676E720012007001B2806770422EFFE8603E2F6E001000102F6E000C000C2F6EFFF000082F6EFFEC000441EEFFF42E888B
S3FD000094784EB900028D0041EEFFEC20AEFFF4216EFFF800047000102EFFE852801D40FFE87200122EFFE87000102EFFE4B28065B2206E000820AEFFEC216EFFF00004601A206E0008208721420004600E206E000820AE000C216E001000044FEF002C2E1F4E5E4E754E5600004FEFFFCC1D40FFE041EEFFE820BC3FF0000042A8000470011D40FFE460567000102EFFE42F40000441EEFFF82E884EB90002A4A8202EFFF82F6EFFFC00102F40000C2F6EFFEC00082F6EFFE8000441EEFFF02E884EB900028D0041EEFFE820AEFFF0216EFFF400047000102EFFE452801D40FFE47200122EFFE47000102EFFE0B280639A206E000820AEFFE8216EFFECB7
S3FD0000957000044E5E4E754E5600004FEFFFE442AF000C42AF00082F6E001000042EAE000C4EB9000293844A80673A2F6E001000102F6E000C000C203CBFF0000042AF00082F40000441EEFFF82E884EB900028D00206E0008202EFFF8222EFFFC208021410004600E206E000820AE000C216E00100004206E00084E5E4E754E5600004FEFFFF042AF00042EAE00084EB9000295744A80671C2F6E000800042EBCBF8000004EB9000297902D40FFFC2D40FFF860062D6E0008FFF8202EFFF84E5E4E754E5600004FEFFFC442AF00042EAE00084EB90002957A4A80672A2F6E0008000442974EB9000295684A80670642AEFFE4600A203CBF8000002D401E
S3FD00009668FFE4202EFFE4600000F2426EFFCC222E00082D41FFF0203C400000002F4000042E814EB900029DDC2D40FFDC2D40FFF4600000AC202EFFF42F4000042E804EB9000297902D40FFD02F6E000800042E804EB90002AC4C2D40FFE82F6EFFF400042EBC400000004EB9000297902D40FFF82F4000042EAEFFE84EB900029DDC2D40FFD42F4000042EAEFFF44EB90002AC4C2D40FFD82D40FFF02F4000042EAEFFF44EB90002AC4C2D40FFFC2E804EB9000095EA2D40FFE0223C38D1B7172F4100042E804EB9000295744A8066267000302EFFCC52803D40FFCC2D6EFFF0FFF47200322EFFCC7019B2806500FF4A202EFFF060082D6EFFF0FFEC99
S3FD0000976060F24E5E4E754E5600004FEFFF9042AF000C42AF00082F6E001000042EAE000C4EB90002938A4A80673E2F6E0010000C2F6E000C000842AF000442974EB9000293784A80670C206E0008429042A80004600E206E000820BCBFF0000042A80004206E0008600001C8426EFFA441EEFFC8222E000C242E0010208121420004203C4000000042AF00102F40000C2F4200082F41000441EEFFA82E884EB90002A07441EEFFE820AEFFA8216EFFAC000460000150202EFFE8222EFFEC2F4100102F40000C2F4100082F40000441EEFFB82E884EB900028D002F6E001000102F6E000C000C202EFFB82F6EFFBC00082F40000441EEFFE02E884EB9C6
S3FD000098580002A8682F6EFFEC00102F6EFFE8000C203C4000000042AF00082F40000441EEFFF02E884EB900028D00202EFFF02F6EFFF400102F40000C202EFFE02F6EFFE400082F40000441EEFFC02E884EB90002A074202EFFC02F6EFFC400102F40000C2F6EFFEC00082F6EFFE8000441EEFFB02E884EB90002A86841EEFFC8202EFFB0222EFFB42080214100042F4100102F40000C2F6EFFEC00082F6EFFE8000441EEFFF82E884EB90002A868202EFFF82F6EFFFC00082F40000441EEFFD82E884EB900009576223C3F1A36E2203CEB1C432D2F40000C2F410008202EFFD82F6EFFDC00042E804EB9000293844A8066387000302EFFA452803D4012
S3FD00009950FFA441EEFFE820AEFFC8216EFFCC00047200322EFFA47019B2806500FEA6206E000820AEFFC8216EFFCC0004601041EEFFD020AEFFC8216EFFCC000460E04E5E4E754E560000518F1D40FFF8720012007063B2806E00076E7001B2806D0007665381323B1A0848C14EFB1A000064006E00780082008C009600A000AA00B400BE00C800D200DC00E600F000FA0104010E01180122012C01360140014A0154015D0166016F01780181018A0193019C01A501AE01B701C001C801D001D801E001E801F001F80200020802100218022002280230023802400248025002580260026802700278028002880290029802A002A802B002B802C002C849
S3FD00009A4802D002D802E002E802F002F803000308031003180320032803300338034003480350035803600368036F0376037D0384038B0392039903A003A7303C8ACE3D40FFFC303C5D6F3D40FFFE60000680303C0F853D40FFFC303C0A593D40FFFE6000066C303C083E3D40FFFC303C057F3D40FFFE60000658303C059A3D40FFFC303C03BC3D40FFFE60000644303C043E3D40FFFC303C02D43D40FFFE60000630303C036A3D40FFFC303C02473D40FFFE6000061C303C02DC3D40FFFC303C01E83D40FFFE60000608303C02743D40FFFC303C01A33D40FFFE600005F4303C02263D40FFFC303C016F3D40FFFE600005E0303C01EA3D40FFFC303C99
S3FD00009B4001473D40FFFE600005CC303C01BA3D40FFFC303C01273D40FFFE600005B8303C01923D40FFFC303C010C3D40FFFE600005A4303C01713D40FFFC303C00F63D40FFFE60000590303C01543D40FFFC303C00E33D40FFFE6000057C303C013C3D40FFFC303C00D33D40FFFE60000568303C01273D40FFFC303C00C53D40FFFE60000554303C01153D40FFFC303C00B93D40FFFE60000540303C01053D40FFFC303C00AE3D40FFFE6000052C303C00F63D40FFFC303C00A43D40FFFE60000518303C00EA3D40FFFC303C009C3D40FFFE60000504303C00DE3D40FFFC303C00943D40FFFE600004F0303C00D33D40FFFC303C008D3D40FFFE6000D5
S3FD00009C3804DC303C00CA3D40FFFC303C00873D40FFFE600004C8303C00C13D40FFFC303C00813D40FFFE600004B4303C00B83D40FFFC707B3D40FFFE600004A2303C00B23D40FFFC70773D40FFFE60000490303C00AB3D40FFFC70723D40FFFE6000047E303C00A53D40FFFC706E3D40FFFE6000046C303C009F3D40FFFC706A3D40FFFE6000045A303C00993D40FFFC70663D40FFFE60000448303C00913D40FFFC70633D40FFFE60000436303C00903D40FFFC70603D40FFFE60000424303C008B3D40FFFC705D3D40FFFE60000412303C00853D40FFFC70593D40FFFE60000400303C00823D40FFFC70573D40FFFE600003EE303C00803D40FFFC2B
S3FD00009D3070553D40FFFE600003DC707B3D40FFFC70523D40FFFE600003CC70783D40FFFC70503D40FFFE600003BC70753D40FFFC704E3D40FFFE600003AC706F3D40FFFC704B3D40FFFE6000039C706D3D40FFFC704A3D40FFFE6000038C706C3D40FFFC70483D40FFFE6000037C70673D40FFFC70463D40FFFE6000036C70663D40FFFC70453D40FFFE6000035C70653D40FFFC70433D40FFFE6000034C70633D40FFFC70423D40FFFE6000033C70603D40FFFC70403D40FFFE6000032C705E3D40FFFC703F3D40FFFE6000031C705C3D40FFFC703D3D40FFFE6000030C705A3D40FFFC703C3D40FFFE600002FC70583D40FFFC703B3D40FFFE600007
S3FD00009E2802EC70573D40FFFC703A3D40FFFE600002DC70553D40FFFC70393D40FFFE600002CC70543D40FFFC70383D40FFFE600002BC70523D40FFFC70373D40FFFE600002AC70513D40FFFC70363D40FFFE6000029C704F3D40FFFC70353D40FFFE6000028C704E3D40FFFC70343D40FFFE6000027C704A3D40FFFC70333D40FFFE6000026C704B3D40FFFC70323D40FFFE6000025C70493D40FFFC70313D40FFFE6000024C70483D40FFFC70303D40FFFE6000023C70483D40FFFC70303D40FFFE6000022C70463D40FFFC702F3D40FFFE6000021C70453D40FFFC702E3D40FFFE6000020C70443D40FFFC702D3D40FFFE600001FC70433D40FFFC46
S3FD00009F20702D3D40FFFE600001EC70423D40FFFC702C3D40FFFE600001DC70413D40FFFC702B3D40FFFE600001CC70403D40FFFC702B3D40FFFE600001BC703F3D40FFFC702A3D40FFFE600001AC703F3D40FFFC702A3D40FFFE6000019C703D3D40FFFC70293D40FFFE6000018C703C3D40FFFC70283D40FFFE6000017C703C3D40FFFC70283D40FFFE6000016C703A3D40FFFC70273D40FFFE6000015C70393D40FFFC70273D40FFFE6000014C70393D40FFFC70263D40FFFE6000013C70393D40FFFC70263D40FFFE6000012C70383D40FFFC70253D40FFFE6000011C70373D40FFFC70253D40FFFE6000010C70363D40FFFC70243D40FFFE6000B4
S3FD0000A01800FC70363D40FFFC70243D40FFFE600000EC70353D40FFFC70233D40FFFE600000DC70353D40FFFC70233D40FFFE600000CC70343D40FFFC70233D40FFFE600000BC70333D40FFFC70223D40FFFE600000AC70333D40FFFC70223D40FFFE6000009C70323D40FFFC70213D40FFFE6000008C70323D40FFFC70213D40FFFE607C70313D40FFFC70213D40FFFE606E70303D40FFFC70203D40FFFE606070303D40FFFC70203D40FFFE605270303D40FFFC70203D40FFFE6044702F3D40FFFC701F3D40FFFE6036702F3D40FFFC701F3D40FFFE6028702E3D40FFFC701F3D40FFFE601A702D3D40FFFC701E3D40FFFE600C702D3D40FFFC701EDC
S3FD0000A1103D40FFFE302EFFFC33C0200056CE302EFFFE33C0200056D2226E000841EEFFFC2290206E000820084E5E4E754E5600004FEFFF2448EF10F800C43D40FF382D48FF3C2D49FF40422EFF5949EEFF8028BC3FEE6666223C666666662941000449EEFF7028BC4034000042AC000418111D44FF5A1D690001FF581D690002FF5C1D690003FF5D322EFF5C2D41FF443D41FF621D690004FF5C1D690005FF5D3A2EFF5C3D45FF601D690006FFA01D690007FFA11D690008FFA21D690009FFA349EEFFB02D6EFFA0FF4C2D6EFFA4FF4828AEFF4C296EFF4800041D69000AFFA01D69000BFFA11D69000CFFA21D69000DFFA349EEFFC0222EFFA0242E52
S3FD0000A208FFA42881294200041D69000EFFA01D69000FFFA11D690010FFA21D690011FFA349EEFFC8222EFFA0242EFFA42881294200041D690012FFA01D690013FFA11D690014FFA21D690015FFA349EEFF902E2EFFA02C2EFFA42887294600041D690016FFA01D690017FFA11D690018FFA21D690019FFA349EEFF882D6EFFA0FF542D6EFFA4FF5028AEFF54296EFF5000041D69001AFF5C1D69001BFF5D342EFF5C3D42FF5E72001204760AB2836E0002787601B2836D0002705381323B1A0848C14EFB1A00000B0014001D0035006E009300D8010801170129426EFF5E7000100452801D40FF5A600002443D40FF607000100452801D40FF5A600074
S3FD0000A300023248C52F45000441EEFFB82E884EB90002A4EE41EEFFB020AEFFB8216EFFBC00047000102EFF5A52801D40FF5A60000202203C666666662F400010203C3FEE66662F40000C223CBFF0000042AF00082F41000441EEFF682E884EB900028D002F6EFFB400102F6EFFB0000C202EFF682F6EFF6C00082F40000441EEFFD02E884EB900028D0041EEFFC020AEFFD0216EFFD400047000102EFF5A52801D40FF5A600001902F6EFF5000102F6EFF54000C203C666666662F400008203C3FEE66662F40000441EEFF782E884EB900028D0041EEFFC820AEFF78216EFF7C00047000102EFF5A52801D40FF5A6000014648C52F45000441EEFF989A
S3FD0000A3F82E884EB90002A4EE2F6EFFC400102F6EFFC0000C202EFF982F6EFF9C00082F40000441EEFFD82E884EB90002A638202EFFD82F6EFFDC00102F40000C2F6EFFCC00082F6EFFC8000441EEFFA82E884EB90002A63841EEFF90202EFFA8222EFFAC20802141000441EEFF882080214100047000102EFF5A52801D40FF5A600000BC48C252823D42FF5E2F6EFF4800102F6EFF4C000C2F4600082F47000441EEFFE02E884EB90002A8682F6EFF74000C2F6EFF700008202EFFE02F6EFFE400042E804EB9000293844A80670E7000102EFF5A52801D40FF5A606270021D40FF5A605A48C20C82000000826F0C7000100452801D40FF5A6044700227
S3FD0000A4F01D40FF5A603C2F4600042E874EB9000294C42D40FF6448C03D40FF627000102EFF5A52801D40FF5A601848C0222EFF4448C12D41FF4490813080600670011D40FF5A206EFF4010AEFF5A116EFF5800013D6EFF62FF5C116EFF5C0002116EFF5D00033D6EFF60FF5C116EFF5C0004116EFF5D000543EEFFA022AEFFB0236EFFB40004116EFFA00006116EFFA10007116EFFA20008116EFFA3000943EEFFA022AEFFC0236EFFC40004116EFFA0000A116EFFA1000B116EFFA2000C116EFFA3000D43EEFFA022AEFFC8236EFFCC0004116EFFA0000E116EFFA1000F116EFFA20010116EFFA3001143EEFFA022AEFF90236EFF940004116EFFA0A0
S3FD0000A5E80012116EFFA10013116EFFA20014116EFFA3001543EEFF88202EFFA0222EFFA4228023410004116EFFA00016116EFFA10017116EFFA20018116EFFA300193D6EFF5EFF5C116EFF5C001A116EFF5D001B102EFF594CEF10F800C44E5E4E754E560000598F4EB9000028FE427940150002427940160002700D33C04015000033C04016000070494EB90000B3A44EB90000B2204EB900000B5441F9401400032D48FFFC206EFFFC700301904EB90002532A4EB900000C2E4EB9000030604EB900025E604EB90000B1904EB900022B344EB900022A2A4EB90000AC584EB900026C084EB9000252944EB90000B22E4EB9000253024EB90002531ABC
S3FD0000A6E04EB900024DC04EB9000284A84EB900004EA24EB900025B96700A4EB90000B3A470014EB90000B3144EB9000231764EB9000286704EB9000069184EB9000066EE203C000003E84EB90000BE824EB900025E4C4EB900021F524EB900021A444EB900026CCE4EB90000B5CC4EB90000A76A4EB90002218C4EB9000288244EB900021DBE4EB900021FFA60C24E5600002F0C4FEFFFDC72001239200036457018E1A9701FE0A96600033470001039200032A4660003327200123920000A877018E1A9741FE4A96700035A41F920000A812D48FFF041F920000A832D48FFE4226EFFF0720012117000B28067107001B280672E7002B280677860006A
S3FD0000A7D800C47200123920000A877019E1A9E4A9670670011280600470021280206EFFE44210600000A0206EFFE4720012107013B280620002E841F920000A30103018291D40FFD872001200671A227920000A444E91206EFFE47000101041F920000A3042300829206EFFE42D48FFE87000101052801080604E206EFFE4720012107013B2806200029E41F920000A301030183D1D40FFD872001200671A227920000A444E91206EFFE47000101041F920000A304230083D206EFFE42D48FFF870001010528010807200323920000A50700FB2806300025641F920000A842D48FFE041F920000A852D48FFEC41F920000A582D48FFF4287920000A409D
S3FD0000A8D043F920000A3041EEFFD84E947400142EFFD87245B4816E1E7041B4806D0CB4806738B48167346000009C702AB4806700008C60000090704CB4806E08B480671A600000827252B4816E7A704FB4806D74B4806706B4816702606A700010392000347B0C80000000A2671A0C80000000BD670A0C80000000DB6712601870011D40FFDA601670011D40FFDA600E70011D40FFDA600670011D40FFDA206EFFE0720012107000102EFFD8B280660870441D40FFD9601670491D40FFD9600E702A1D40FFD9600670431D40FFD9206EFFF4720012107007B2806E00010A7000B2806D000102323B1A0848C14EFB1A000009007C007C007C0026003654
S3FD0000A9C8004D00647200122EFFD9702AB280670001287043B280670001207044B280670C7049B280670001126000010E70041080102EFFD813C020000A86600000FC7200122EFFD97043B280670C7044B280670000E8600000E470051080600000DC7200122EFFD9702AB28067127043B280670000C87044B280670C600000BE70071080600000B670061080600000AE7200122EFFD9702AB28067127043B28067147044B280670000946000009070071080600000887005108060000080206EFFE0720012107000103920000A86B280670E103920000A844EB90000AB0A605C103920000A864EB90000AB0A604E206EFFF442106046700113C02000AD
S3FD0000AAC032A4603C3239200032A63D41FFDC70003001538033C0200032A6700030016600FCB4303C01C733C0200032A64239200032A4600C42116000FDA442116000FD9E4FEF0024285F4E5E4E754E560000598F1D40FFFC74001400704CB4806E1CB4806D0260407245B4816E567041B4806D50B4806744B481671860467252B4816E40704FB4806D3AB4806724B481670C603070224EB90000E2C2602670254EB90000E2C2601C70244EB90000E2C2601270234EB90000E2C2600870264EB90000E2C24EB90000AB92700701F920000A874E5E4E754E5600002F0C700701B920000A87423920000A827200701441F920000A594EB90000AC127200B4
S3FD0000ABB8701441F920000A6D4EB90000AC12287920000A4C701443F92000055641F920000A304E94423920000A58423920000A81423920000A85423920000A83103920000A8613C020000A84423920000A864EB90000069C285F4E5E4E754E5600004FEFFFF42D48FFF41D40FFF81D41FFF9422EFFFC6018206EFFF47200122EFFFC102EFFF91180180052811D41FFFC7200122EFFFC7000102EFFF8B28065D84E5E4E754E5600004FEFFFD8203C000F42402D40FFEC203C4BBB74482D40FFE842AEFFF04EB900000B2270334EB90000B110303C151533C04010006C427940000340303C800C33C040000340427940000348303C050033C040000348BD
S3FD0000ACB0303C070733C0400003442EAEFFE8323C2000202EFFEC41EEFFF44EB90000ADB2702033C040000350303C7E0033C04000035470011D40FFDC6016303C600033C0400003547000102EFFDC52801D40FFDC7200122EFFDC7006B28065DE427940000350422EFFDC601A41EEFFF47200122EFFDC30301A0033C04000035452811D41FFDC7200122EFFDC7006B28065DA41F94000034C2D48FFE4206EFFE4301008C00004308070004EB90000180241F9400003442D48FFE0206EFFE0301008C0000F3080700133C04000034C42AEFFF060064E7152AEFFF0223C000000D2B2AEFFF062EE70014EB900001802720032394000034C7001B28066F27A
S3FD0000ADA84EB900000A224E5E4E754E5600004FEFFF982D48FFAC2D40FFB03D41FFB4426EFFB8426EFFBA2F40000441EEFFE82E884EB90002A4A841EEFFD0202EFFE8222EFFEC2080214100042F4100102F40000C203C41B0000042AF00082F40000441EEFFE02E884EB900028D002F6E0008000441EEFFF82E884EB900029B20202EFFF82F6EFFFC00102F40000C202EFFE02F6EFFE400082F40000441EEFFF02E884EB90002A07441EEFFD8202EFFF0222EFFF42080214100042F4100042E804EB9000292E42D40FFC42D40FFC0240002820FFFC000720EE2AA2D42FFCC028000003FFF2D40FFBC2D42FFC8342EFFCA2D40FFC8322EFFCA08C1000EB3
S3FD0000AEA03D41FFBA08C2000E3D42FFB8206EFFAC30BC0100303C2100314000023141000431420006303CC00031400008316EFFB4000A4E5E4E754E56000072001239200042D47041B280670E7042B2806740704DB280671E605472001239200042E8203C000003E84C0108000680000D4670E388604872001239200042E7203C000003E84C0108000680000445C0E388602C72001239200042E6203C000003E84C0108000680000186A0E3886010704D13C0200042D44EB90000AED660804E5E4E754E5600004FEFFFCC1D40FFD4426EFFD842AEFFE44EB90000AED62D40FFEC2D40FFF8B0B9200032A866167200122EFFD47001B280670A700EB280B2
S3FD0000AF9867046000011E202EFFF823C0200032A8203C001E84802D40FFF8423920005AB84EB900000E8E70334EB90000B110223C0010C8E0202EFFF8B280650000D80680000001F42D40FFF82EAEFFF84EB9000296682D40FFE0223C4BBB80002F4100042E804EB900029DDC2D40FFF02D40FFE42F4000042EBC4D8000004EB9000297902D40FFFC2E804EB9000292982D40FFF42D40FFE8240002820FFFC000720EE2AA028000003FFF08C0000E3D40FFDA08C2000E3D42FFDC302EFFD802800000C0003D40FFD8303C01004EB90000B0BE303C21004EB90000B0BE302EFFDA4EB90000B0BE302EFFDC4EB90000B0BE303CC0004EB90000B0BE303C02
S3FD0000B09020284EB90000B0BE7200122EFFD4700EB28067164EB900028670600E203C00045D302D40FFF86000FF284E5E4E754E560000518F3D40FFF83D40FFFC70004EB90000180270014EB90000BEAE7000102EFFFC4EB900000D1870014EB90000BEAE7000102EFFFD4EB900000D1870014EB90000BEAE70014EB9000018024E5E4E754E560000598F1D40FFFC720012007037B2806E687033B2806D62048100000033323B1A0848C14EFB1A0000060014000F001D002670014EB900002FC870014EB900002FA2603670004EB900002FA2602C70004EB900002FC870004EB900002FA2601A70004EB900002FC870014EB900002FA2600870014EB983
S3FD0000B18800002FA24E5E4E754E5600004EB90000B1B642B9200034384EB90000B23E4EB90000B26C4239200032DE4E5E4E754E56000070004EB90000109E70004EB9000010C470014EB90000102C70014EB90000109E70014EB9000010C470004EB90000102C70014EB90000109E70004EB9000010C470014EB90000102C4EB900000B0042392000343670014EB9000010524EB90000BDC24E5E4E754E5600004239200034354E5E4E754E560000700113C0200034354E5E4E754E560000598F426EFFFC60124239200033D07000302EFFFC52803D40FFFC7200322EFFFC7064B28063E24E5E4E754E5600004FEFFFF44EB90000B3062D48FFFC2D4870
S3FD0000B280FFF82D48FFF46036206EFFF4B1EEFFF8673A43F9200033C4242EFFF4B3C26748720C2002D081208070F4D480214200044228000842280009720CD3AEFFF441F9200033C4B1EEFFF464BE603620BC200032EC43F9200033C4214900047077114000084228000960D020BC200032E043F9200033B821490004422800084228000960B64E5E4E754E56000041F9200032E04E5E4E754E560000598F72001239200032AC7000B28067087001B280673C60703239200032AE3D41FFFC70003001528033C0200032AE700030010C80000006D6634E4279200032AE70004EB900001078700113C0200032AC60363239200032AE3D41FFFE7000300150
S3FD0000B378528033C0200032AE700030010C80000006D663144279200032AE70014EB9000010784239200032AC4E5E4E754E5600004FEFFFF01D40FFF074001400720AB48167227243B48167307049B4806702604C70491D40FFF413C0200032B013C0200032B26038700A1D40FFF513C0200032B013C0200032B2602472001239200032B10C81000000FF660E1039200032B213C0200032B0600613C0200032B072001239200032B0700AB280672A7043B28067747049B280670A7055B280673C600000BE70004EB9000010EA70FF13C0200032B1600000AA4279200032B470FF13C0200032B170551D40FFF613C0200032B013C0200032B260000086E9
S3FD0000B4703239200032B43D41FFF870003001528033C0200032B4700030010C800000015E624670FF13C0200032B160583239200032B43D41FFFA70003001528033C0200032B4700030010C8000000C80633641F9401000152D48FFFC206EFFFC700301504279200032B4601C70014EB9000010EA704313C0200032B04239200032B14279200032B44E5E4E754E5600004FEFFFD81D40FFD843EEFFEC41F90002B3E0721412D8538166FA122EFFD81D41FFE1700010017276B0816E4CB0816D046000009A24007234B0816E287230B0816D1A048200000030343B2A0848C24EFB2A00003E003E003E003E003E7201B081674A60687240B0816E06B08119
S3FD0000B568675E605C7241B081674C6054223C00000082B0816E10B0816D0260440C8000000081671C603A223C00000083B0816E06B081672C602A0C80000000846722602070451D40FFE04EB9000222742D40FFDC2D40FFE4600A4E71700301F9200032CF4E5E4E754E5600004EB90000B5E04EB90000B7D84E5E4E754E56000070001039200032D87216B0816E32B0816D046000013624007206B0816E0001AA7201B0816D0001A25382343B2A0848C24EFB2A0000150033004200570063007D7217B0816E0AB081670001346000017A7218B081670001586000016E720813C14010004513C14010003C720213C140100045720113C14010004542399A
S3FD0000B660200032CF4279200032DA4279200032DC528013C0200032D86000015A72003239200032DC0C8100000C8063000148528013C0200032D86000013C72F713C14010005D13C14010005472FD13C14010005D72FE13C14010005D528013C0200032D86000011270001039200032CF670000E8701613C0200032D8600000FA70003039200032DC0C8000000898630000E870004EB9000010C470014EB90000109E700613C0200032D84279200032DC600000C670003039200032DC0C8000000898630000B4700413C0200032D8600000A872001239200032CF701CE1A9701FE0A967000094701713C0200032D870014EB9000010C470014EB9000027
S3FD0000B758109E4279200032DC607270003039200032DC0C80000007086362701813C0200032D84279200032DC70004EB9000010C470004EB90000109E604270003039200032DC0C80000007086332700413C0200032D86028700113C0200032D8601E700513C0200032D84279200032DC70014EB9000010C470004EB90000109E4E5E4E754E56000072001239200032CF701CE1A9701FE0A9672A70003039200032D60C80000003E8631A4EB90000AC584EB9000286704279200032D6700301B9200032CF4E5E4E754E5600004239200032C64239200032C74279200032C84239200032CA4239200032CB4279200032CC4239200032C04279200032C268
S3FD0000B8504239200032C44EB90000BE344EB90000BE544E5E4E754E5600004FEFFFF41D40FFF4740014007043B4806E2EB4806D02606E7231B4816E00013C702FB4806D000134B480670000B67030B480670000D4B481670000D86000011C7049B4806E08B48067106000010E0C82000000F2677A600001024239200032B64239200032B742B9200032B842B9200032BC70004EB90000B9C870004EB90000BA88600000D670001039200032B6670000960C80000000EF620000822239200032B82D41FFF82001528023C0200032B8203C000009C4B081640000A070024EB90000B9C870024EB90000BA886000008C700001F9200032B6700001F92000FF
S3FD0000B94832B7607872FE1039200032B6C08113C0200032B642B9200032B81039200032B7C08113C0200032B76052700701F9200032B66048700601F9200032B6603E70034EB90000B9C860342239200032BC2D41FFFC2001528023C0200032BC203C000007D0B081641642B9200032BC70004EB90000B9C870004EB90000BA884E5E4E754E560000598F1D40FFFC74001439200032C672001200B481670000A2720012007000B280670000847001B280670E7002B280673C7003B280674C606E720113C1200032CB4279200032CC1039200032C613C0200032C713C1200032C64279200032C813C1200032CA4EB90000BE24604C4239200032CB7002CB
S3FD0000BA4013C0200032C64279200032C860364239200032CB700313C0200032C64279200032C8700113C0200032CA4EB90000BE2460124239200032CB4239200032C64279200032C84E5E4E754E560000598F1D40FFFC74001439200032C072001200B481674C720012007000B28067367001B28067207002B28067026028700213C0200032C04279200032C2700113C0200032C4601C700113C0200032C04279200032C2600C4239200032C04279200032C24E5E4E754E56000070001039200032CB676072001239200032C67001B280665272003239200032CC528133C1200032CC700030010C800000012C653674004239200032CB1039200032C70C
S3FD0000BB3813C0200032C64279200032C8720012007003B2806700015013C2200032CA4EB90000BE346000014072001239200032C67000B280671A7001B28067767002B280670000CA7003B2806700011C6000011874003439200032C8528233C2200032C870001039200032CA6724700030020C8000000118650000F04239200032CA4279200032C84EB90000BE34600000DA720032027009B280650000CE700113C0200032CA4279200032C84EB90000BE24600000B674003439200032C8528233C2200032C870001039200032CA6720720032027032B280650000904239200032CA4279200032C84EB90000BE34607A720032027032B280657070011B
S3FD0000BC3013C0200032CA4279200032C84EB90000BE24605A72003239200032C8528133C1200032C870001039200032CA6720700030010C800000012C65344239200032CA4279200032C84EB90000BE346020700030010C800000012C6514700113C0200032CA4279200032C84EB90000BE244E5E4E754E56000070003039200032C2528033C0200032C274001439200032C07200B48167127201B481675E7202B481670000A6600000EA72001239200032C46724720032000C810000012C650000D24239200032C44279200032C24EB90000BE54600000BC720032007008B280650000B0700113C0200032C44279200032C24EB90000BE446000009864
S3FD0000BD2872001239200032C46722720032000C81000001F4650000804239200032C44279200032C24EB90000BE54606A720032000C81000001F4655E700113C0200032C44279200032C24EB90000BE44604872001239200032C4671E720032007032B28065344239200032C44279200032C24EB90000BE546020720032000C81000003206514700113C0200032C44279200032C24EB90000BE444E5E4E754E5600004EB90000B81C4EB90000BE344EB90000BE54203C000003204EB90000BE824EB90000BE244EB90000BE44203C000003204EB90000BE824EB90000BE344EB90000BE5470004EB90000B9C870004EB90000BA8870494EB90000B86630
S3FD0000BE204E5E4E754E560000700113C0401000454E5E4E754E56000070FE13C04010005D4E5E4E754E560000700213C0401000454E5E4E754E56000070FD13C04010005D4E5E4E754E560000598F42AEFFFC60064E7152AEFFFC7218B2AEFFFC62F24E5E4E754E560000518F2D40FFF842AEFFFC60064E7152AEFFFC223C0000E5B04C2E1800FFF8B2AEFFFC62E84E5E4E754E560000518F3D40FFF842AEFFFC600A4EB90000BE6452AEFFFC7200322EFFF8B2AEFFFC6EEA4E5E4E754E560000518F3D40FFF8422EFFFD3D40FFFE20792000098C7475122EFFFF102EFFFE4E901D40FFFC72001200670670011D40FFFD102EFFFD4E5E4E754E560000F1
S3FD0000BF18518F3D40FFF8422EFFFD3D40FFFE20792000098C746D122EFFFF102EFFFE4E901D40FFFC72001200670670011D40FFFD102EFFFD4E5E4E754E5600004FEFFFF03D40FFF02D48FFF4422EFFFB14101D42FFF9720012027001B280670E7002B28067127003B280672A606A7000100252801D40FFF94EB9000018281D40FFFA7200120066567000102EFFF952801D40FFF9604841EEFFFC4EB9000018B81D40FFF8720012007000B280670E7004B280672A7005B280672460227200322EFFFC7000302EFFF0B2806312422EFFF970011D40FFFB600670011D40FFF9206EFFF410AEFFF9102EFFFB4E5E4E754E5600002F072F064FEFFFE42D4884
S3FD0000C010FFEC2D49FFF07C00422EFFF412111D41FFF5740014017001B480670E7002B48067307003B4806764606E2C392000519C2039200051A04CEE00840008D087DD822086214000047000100152801D40FFF5604C4CD0000348EF0003000820392000519C2239200051A048D700034EB900028CC83D40FFF648C07201B08166207000102EFFF552801D40FFF5601270011D40FFF41D46FFF5600670011D40FFF5206EFFF010AEFFF5102EFFF44FEF001C2C1F2E1F4E5E4E754E56000072001239200042D87031B280660A703013C0200042D86008703113C0200042D84E5E4E754E56000072001239200042D77031B280660A703013C0200042D794
S3FD0000C1086008703113C0200042D74E5E4E754E56000072001239200042D67031B280660A703013C0200042D66008703113C0200042D64E5E4E754E560000518F1D40FFF8720012007045B280670E7046B280673E705AB280672460501039200036B24EB90000C9241D40FFFE4EB900024D2C1D40FFFD13C02000343C602E70024EB900024CB41D40FFFC13C02000343C601A700010392000343C52804EB900024CB41D40FFFF13C02000343C10392000343C4E5E4E754E5600004FEFFFEC4EB900020BA8725D70004EB90000C2EE1D40FFED1D40FFEE4EB90001FB7C1D6EFFEEFFEC70021D40FFEF60000086102EFFEC4EB900024C9C2D48FFFC2D4854
S3FD0000C200FFF87200122EFFEF0081000000F010104EB90000C2EE206EFFF84EB900004ADA3D40FFF23D40FFF07200122EFFEF70184EB900020BF043EEFFF4302EFFF0222EFFF8528120414EB900000622122EFFEF206EFFF870354EB90000C28C7000102EFFEC52801D40FFEC7000102EFFEF54801D40FFEF7200122EFFEC7000102EFFEE5E80B0816E00FF6A4E5E4E754E5600002F074FEFFFF41D40FFF02D48FFF41D41FFF87E001E007424BE8267087435BE82671A60307400140170001001E288948041F92000343D1030280060187E001E0174001401E28A9E8243F92000343D1210138178004FEF000C2E1F4E5E4E754E560000518F1D40FFF839
S3FD0000C2F81D41FFF9740014017058B480670C700010010C80000000F0660A7000102EFFF866024AC87400142EFFF9223C000000F02002C081B081660C70F0C4801D42FFFC1D40FFF9700010392000347B0C80000000C76E0003760C80000000BB6D00036C0480000000BB303B0A0848C04EFB0A00000E006D01AE01AE01AE01AE01AE01AE00D4014B000E01AE014B7400142EFFF9725BB4816E2A7058B4806D0CB480675EB481677C600000987040B4806E08B480673A6000008A7053B480677860000080203C00000080B4806E06B480670C606E0C82000000F0673260647000103920003445528013C02000344560527000103920003445538013C0BC
S3FD0000C3F0200034456040102EFFF813C02000344560347200122EFFFC41F920003447102EFFF811801800601E7000102EFFF841F920003447103008006000029A102EFFF813C020003445103920003445600002867400142EFFF9725DB4816E2C7058B4806D1CB4806760705BB480677C705CB4806700008AB48167000092600000987040B48067306000008E203C00000080B4806E06B480670C607C0C82000000F0673260727000103920003446528013C02000344660607000103920003446538013C020003446604E102EFFF813C02000344660427200122EFFFC41F920003447102EFFF811801800602C7000102EFFF841F9200034471030080037
S3FD0000C4E8600001DA70001039200034465C80600001CC103920003446600001C2103920003446600001B87400142EFFF97053B4806E20B4806D04600000C87024B4806E08B480674A600000C47040B4806766600000BA203C00000080B4806E28B4806D026040725DB4816E0000A27058B4806D00009AB4806750705CB480676CB4816776600000880C82000000F06746607C7000102EFFF841F920003447103008006000013C700010392000344E528013C02000344E6056700010392000344E538013C02000344E6044102EFFF813C02000344E60387200122EFFFC41F920003447102EFFF8118018006022700010392000344E5C80600000E8103902
S3FD0000C5E02000344E600000DE102EFFF813C02000344E10392000344E600000CA7400142EFFF9725DB4816E347058B4806D16B4806768705CB48067000084B4816700008A600000987040B4806E08B480673A6000008A7053B480677860000080203C00000080B4806E06B480670C606E0C82000000F067326064700010392000344E528013C02000344E6052700010392000344E538013C02000344E6040102EFFF813C02000344E60347200122EFFFC41F920003447102EFFF811801800601E700010392000344E5C80601C10392000344E6014102EFFF813C02000344E10392000344E600270004E5E4E754E560000518F1D40FFF81D41FFF97400FF
S3FD0000C6D8140166024AC87400142EFFF87221B4816628725D70004EB90000C2EE1D40FFFC7400142EFFF97200120094817007B4806C047001602E7000602A0C82000000A16622725D70004EB90000C2EE1D40FFFD7400142EFFF972001200B48164047000600270014E5E4E754E560000598F725D70004EB90000C2EE1D40FFFD1D40FFFC720012007401B282621A72001200B282661672001239200036B27002B2806608700160067000600270004E5E4E754E5600002F07598F1D40FFF81D41FFF97E001E0174001401E28A9E8220477200120041F018FF2008588F2E1F4E5E4E754E560000518F1D40FFF87200120066024AC8725D70004EB90000FB
S3FD0000C7D0C2EE1D40FFFD7400142EFFF87200120094811D42FFFC720012027006B28063024AC87200122EFFFC52817002C1C14E5E4E754E5600002F074FEFFFF41D40FFF01D41FFF142AEFFF87400140166024AC87400142EFFF07221B48166627200122EFFF152811D41FFF1202EFFF80680000027102D40FFF81D41FFF4602E7200122EFFF441F9200036B57000103018000C80000000E8660E4A8166024AC8102EFFF4600000A852811D41FFF47000102EFFF40C80000000C765C470006000008E0C82000000A1660000827400142EFFF17202B48166047001607253821D42FFF1222EFFF80681000003E82D41FFF81D42FFF4603C7E001E2EFFF4B7
S3FD0000C8C87201BE8166047001604841F9200036B57200123078000C81000000E8660C4A8766024AC8102EFFF46028740AD5AEFFF853871D47FFF47400142EFFF47201B48162B8B4816604700160087464D5AEFFF84AC84FEF000C2E1F4E5E4E754E560000518F1D40FFF8720070004EB90000C2EE1D40FFFC122EFFF84EB90000C7861D40FFFD4E5E4E754E560000598F3D40FFFC720032007005B2806E4E7001B2806D485381323B1A0848C14EFB1A000006000B00100015001A303C00D63D40FFFC602C303C00DE3D40FFFC6022303C00E63D40FFFC6018303C00EE3D40FFFC600E303C00F63D40FFFC6004426EFFFC302EFFFC4E5E4E754E5600006C
S3FD0000C9C0598F1D40FFFC720012007006B28067167008B2806732700AB280674E700CB280676A6000008872001239200042E27031B280660A703013C0200042E2606E703113C0200042E2606472001239200042E17031B280660A703013C0200042E1604C703113C0200042E1604272001239200042E07031B280660A703013C0200042E0602A703113C0200042E0602072001239200042DF7031B280660A703013C0200042DF6008703113C0200042DF4E5E4E754E5600004FEFFFEC1D40FFEC72001239200036B2700CB2806E0002307002B2806D0002285581323B1A0848C14EFB1A00000C010E0037010E006D010E00A3010E00D9010E010E4EB949
S3FD0000CAB8000226381D40FFFD1D40FFFE7200122EFFEC0C810000009D661872001200200152801D40FFF81D40FFFE4EB90002267A601672001200200153801D40FFF71D40FFFE4EB90002267A70B34EB90001FFE0600001B04EB9000226461D40FFFC1D40FFFE7200122EFFEC0C810000009D66207400140052821D42FFF61D42FFFE72001202700CB280632270011D40FFFE601A7200120053811D41FFF51D41FFFE700010016606700C1D40FFFE102EFFFE4EB90002268E70B14EB90001FFE0600001444EB9000226541D40FFFB1D40FFFE7200122EFFEC0C810000009D66207400140052821D42FFF41D42FFFE720012027020B280652270011D40E8
S3FD0000CBB0FFFE601A7200120053811D41FFF31D41FFFE700010016606701F1D40FFFE102EFFFE4EB9000226A270B44EB90001FFE0600000D84EB9000226201D40FFFA1D40FFFE7200122EFFEC0C810000009D661E7400140052821D42FFF21D42FFFE720012027018B2806524422EFFFE601E7400140053821D42FFF11D42FFFE720012027018B280630670171D40FFFE102EFFFE4EB9000226B670B04EB90001FFE0606A4EB9000226621D40FFF91D40FFFE7200122EFFEC0C810000009D661E7400140052821D42FFF01D42FFFE72001202703BB2806324422EFFFE601E7400140053821D42FFFF1D42FFFE72001202703CB2806306703B1D40FFFE11
S3FD0000CCA8102EFFFE4EB9000226DC70B24EB90001FFE04E5E4E754E560000598F1D40FFFC720012392000347B0C81000000D866000094720012000C8100000091664472001239200042DA7041B280670E7042B280671C704DB280670C601E704D13C0200042DA6060704213C0200042DA6056704113C0200042DA604C704D13C0200042DA604272001239200042DB7041B280670E7042B2806712704AB2806716601E704213C0200042DB601C704A13C0200042DB6012704113C0200042DB6008704213C0200042DB4E5E4E754E560000598F422EFFFD70021D40FFFC60207200122EFFFC41F9200036B57000103018000C80000000E8671852811D41B6
S3FD0000CDA0FFFC7000102EFFFC0C80000000C865D27001600270004E5E4E754E560000518F1D40FFF8422EFFFC720012000C81000000E06E0014E20C81000000A16D0014D80481000000A1323B1A0848C14EFB1A0000410075010B00A9063606980A6409A2044C075C026202C402F50326035703880A6403B90667047D0572041B05D4060506C906FA078D07BE07EF0820084B087C09D308AD08DE090F09400A640A040A640A340A640A640A640A640A640A64029301CF02000231016D03EA019E04AE04DF0510054100DA05A3072B013C0A64097170A113C020003458708413C02000345A42B92000345C41F90000E52823C82000346041F9000172D47D
S3FD0000CE9823C82000346441F9000172DC23C82000346C41F9000172E423C82000347041F9000172EC23C82000346841F9000172F423C82000347470011D40FFFC600013E470A213C020003458708413C02000345A42B92000345C41F90000EA9623C82000346041F90001730C23C82000346441F9000173C823C82000346841F9000173B823C82000346C41F9000173C023C82000347041F90001747023C82000347470011D40FFFC6000137C70A413C020003458708413C02000345A41F90000FE9C23C82000345C41F9000174EA23C82000346441F90001759623C82000346C41F90001759E23C82000347041F9000175A623C82000346841F90001BC
S3FD0000CF90768E23C82000347470011D40FFFC6000131A70DB13C020003458708413C02000345A41F900011B1E23C82000345C41F90001772023C82000346441F9000178FC23C82000346C41F9000179A823C82000347041F90001781A23C82000346841F900017D3423C82000347470011D40FFFC600012B870A313C020003458708413C02000345A41F9000100B023C82000345C41F900017DF823C82000346441F900017EA423C82000346C41F900017EAC23C82000347041F900017EB423C82000346841F900017F9823C82000347470011D40FFFC6000125670DE13C020003458708413C02000345A41F90000EE7E23C82000346041F9000180225E
S3FD0000D08823C82000346441F90001824823C82000346C41F90001834023C82000347041F90001813823C82000346841F90001843823C82000347470011D40FFFC600011F470D413C020003458708413C02000345A41F900010FBA23C82000345C41F9000186AA23C82000346441F90001874223C82000346C41F90001874A23C82000347041F90001875223C82000346841F9000187F823C82000347470011D40FFFC6000119270D613C020003458708413C02000345A41F9000102C423C82000345C41F9000188A423C82000346441F90001895023C82000346C41F90001895823C82000347041F90001896023C82000346841F900018A0823C82000E7
S3FD0000D180347470011D40FFFC6000113070D113C020003458708413C02000345A41F90001052023C82000345C41F900018AFC23C82000346441F900018BA823C82000346C41F900018BB023C82000347041F900018BB823C82000346841F900018C6023C82000347470011D40FFFC600010CE70D213C020003458708413C02000345A41F900010CD223C82000345C41F900018CEC23C82000346441F900018D9C23C82000346C41F900018DA423C82000347041F900018DAC23C82000346841F900018E5023C82000347470011D40FFFC6000106C70D313C020003458708413C02000345A41F900010DC623C82000345C41F900018EA823C820003464DD
S3FD0000D27841F900018F9423C82000346C41F90001908423C82000347041F90001915A23C82000346841F90001926023C82000347470011D40FFFC6000100A70AB13C020003458708413C02000345A41F9000128C423C82000345C41F9000192BC23C82000346441F9000192C423C82000346C41F9000192CC23C82000347041F9000192D423C82000346841F9000192DC23C82000347470011D40FFFC60000FA870D013C020003458708413C02000345A41F900012B1423C82000345C41F90001937023C82000346441F90001937823C82000346C41F90001938023C82000347041F90001938823C82000346841F90001939023C82000347470011D40C8
S3FD0000D370FFFC60000F4670AC13C020003458708413C02000345A41F900012DAC23C82000345C41F9000193DE23C82000346441F9000193E623C82000346C41F9000193EE23C82000347041F9000193F623C82000346841F9000193FE23C82000347470011D40FFFC60000EE470AD13C020003458708413C02000345A41F900012DB423C82000345C41F90001940623C82000346441F90001940E23C82000346C41F90001941623C82000347041F90001941E23C82000346841F90001942623C82000347470011D40FFFC60000E8270AE13C020003458708413C02000345A41F900012FAA23C82000345C41F90001943623C82000346441F90001943E6B
S3FD0000D46823C82000346C41F90001944623C82000347041F90001944E23C82000346841F90001945623C82000347470011D40FFFC60000E2070AF13C020003458708413C02000345A41F90001324623C82000345C41F90001946623C82000346441F90001946E23C82000346C41F90001947623C82000347041F90001947E23C82000346841F90001948623C82000347470011D40FFFC60000DBE70B013C020003458708413C02000345A41F90001345A23C82000345C41F90001949623C82000346441F90001949E23C82000346C41F9000194A623C82000347041F9000194AE23C82000346841F9000194B623C82000347470011D40FFFC60000D5CB5
S3FD0000D56070B213C020003458708413C02000345A41F90001350623C82000345C41F9000194BE23C82000346441F9000194C623C82000346C41F9000194CE23C82000347041F9000194D623C82000346841F9000194DE23C82000347470011D40FFFC60000CFA70D513C020003458708413C02000345A41F90001375A23C82000345C41F9000194EE23C82000346441F9000195A423C82000346C41F90001963023C82000347041F90001963E23C82000346841F9000196EE23C82000347470011D40FFFC60000C9870B613C020003458708413C02000345A41F90001393223C82000345C41F90001981023C82000346441F9000198BC23C82000346C30
S3FD0000D65841F9000198D423C82000347041F9000198EC23C82000346841F90001999E23C82000347470011D40FFFC60000C3670A913C020003458708413C02000345A41F90001120A23C82000345C41F9000199EE23C82000346441F900019AA023C82000346C41F900019AA823C82000347041F900019AB023C82000346841F900019B6623C82000347470011D40FFFC60000BD470B413C020003458708413C02000345A41F90001145423C82000345C41F900019C0223C82000346441F900019C0A23C82000346C41F900019C4E23C82000347041F900019C9223C82000346841F900019C9A23C82000347470011D40FFFC60000B7270D713C020006F
S3FD0000D7503458708413C02000345A41F90001158823C82000345C41F900019CBE23C82000346441F900019D6A23C82000346C41F900019D7223C82000347041F900019D7A23C82000346841F900019E3223C82000347470011D40FFFC60000B1070D813C020003458708413C02000345A41F900013C0E23C82000345C41F900019EDA23C82000346441F900019F8023C82000346C41F900019F8823C82000347041F900019F9023C82000346841F90001A03623C82000347470011D40FFFC60000AAE70D913C020003458708413C02000345A41F900013D2023C82000345C41F90001A0A223C82000346441F90001A0F023C82000346C41F90001A0F8F7
S3FD0000D84823C82000347041F90001A10023C82000346841F90001A14E23C82000347470011D40FFFC60000A4C70DA13C020003458708413C02000345A41F90001188A23C82000345C41F90001A19623C82000346441F90001A24223C82000346C41F90001A24A23C82000347041F90001A25223C82000346841F90001A2F823C82000347470011D40FFFC600009EA70B513C020003458708413C02000345A41F900011D2823C82000345C41F90001A3AE23C82000346441F90001A45A23C82000346C41F90001A46223C82000347041F90001A46A23C82000346841F90001A51223C82000347470011D40FFFC6000098870DC13C020003458708413C057
S3FD0000D9402000345A41F900013F6823C82000345C41F90001A66E23C82000346441F90001A71A23C82000346C41F90001A72223C82000347041F90001A72A23C82000346841F90001A7D023C82000347470011D40FFFC6000092670B713C020003458708413C02000345A41F900011EAA23C82000345C41F90001A86E23C82000346441F90001A91A23C82000346C41F90001A92223C82000347041F90001A92A23C82000346841F90001A9D223C82000347470011D40FFFC600008C470B813C020003458708413C02000345A41F90001436023C82000345C41F90001AA6023C82000346441F90001AB0C23C82000346C41F90001AB1423C82000347021
S3FD0000DA3841F90001AB1C23C82000346841F90001ABC423C82000347470011D40FFFC6000086270A513C020003458708413C02000345A41F900014C1623C82000345C41F90001AC2C23C82000346441F90001AC3423C82000346C41F90001AC3C23C82000347041F90001AC4423C82000346841F90001AC4C23C82000347470011D40FFFC6000080070B313C020003458708413C02000345A41F90001457023C82000345C41F90001AC9A23C82000346441F90001ACA223C82000346C41F90001ACAA23C82000347041F90001ACB223C82000346841F90001ACBA23C82000347470011D40FFFC6000079E70A613C020003458708413C02000345A41F9FF
S3FD0000DB300001459E23C82000345C41F90001AD0823C82000346441F90001ADB423C82000346C41F90001ADBC23C82000347041F90001ADC423C82000346841F90001AE6C23C82000347470011D40FFFC6000073C70B913C020003458708413C02000345A41F9000147AE23C82000345C41F90001AEC623C82000346441F90001AF7223C82000346C41F90001AF7A23C82000347041F90001AF8223C82000346841F90001B02A23C82000347470011D40FFFC600006DA70BA13C020003458708413C02000345A41F90001497E23C82000345C41F90001B0D623C82000346441F90001B0DE23C82000346C41F90001B0E623C82000347041F90001B0EE60
S3FD0000DC2823C82000346841F90001B0F623C82000347470011D40FFFC6000067870DD13C020003458708413C02000345A41F900014C7023C82000345C41F90001B10C23C82000346441F90001B24823C82000346C41F90001B3C823C82000347041F90001B52E23C82000346841F90001B66023C82000347470011D40FFFC6000061670AA13C020003458708413C02000345A41F900014EEA23C82000345C41F90001B73423C82000346441F90001B73C23C82000346C41F90001B74423C82000347041F90001B74C23C82000346841F90001B75423C82000347470011D40FFFC600005B470BB13C020003458708413C02000345A41F90001231C23C874
S3FD0000DD202000345C41F90001B7A423C82000346441F90001B7B823C82000346C41F90001B7C023C82000347041F90001B7C823C82000346841F90001B7DC23C82000347470011D40FFFC6000055270BC13C020003458708413C02000345A41F90001FB5423C82000345C41F90001D5D623C82000346441F90001D5EA23C82000346C41F90001D5F223C82000347041F90001D5FA23C82000346841F90001D80423C82000347470011D40FFFC600004F070BD13C020003458708413C02000345A41F90001555423C82000345C41F90001B88223C82000346441F90001B93023C82000346C41F90001BA8A23C82000347041F90001BBDC23C8200034681A
S3FD0000DE1841F90001BD1423C82000347470011D40FFFC6000048E70BE13C020003458708413C02000345A41F90001C97023C82000346441F90001C9C423C82000346C41F90001C9CC23C82000347041F90001C9D423C82000346841F90001CA2823C82000347470011D40FFFC6000043870BF13C020003458708413C02000345A41F90001255223C82000345C41F90001CA4E23C82000346441F90001CAFA23C82000346C41F90001CB0223C82000347041F90001CB0A23C82000346841F90001CBB223C82000347470011D40FFFC600003D670C013C020003458708413C02000345A41F90001276423C82000345C41F90001CC0623C82000346441F949
S3FD0000DF100001CC0E23C82000346C41F90001CC1623C82000347041F90001CC1E23C82000346841F90001CC2623C82000347470011D40FFFC6000037470C213C020003458708413C02000345A41F90001541623C82000345C41F90001CC5223C82000346441F90001CCEE23C82000346C41F90001CCF623C82000347041F90001CCFE23C82000346841F90001CDB023C82000347470011D40FFFC6000031270C313C020003458708413C02000345A41F90001230023C82000345C41F90001CE5C23C82000346441F90001CFF623C82000346C41F90001CFFE23C82000347041F90001D00623C82000346841F90001D19223C82000347470011D40FFFC16
S3FD0000E008600002B070C413C020003458708413C02000345A41F9000122E423C82000345C41F90001D23023C82000346441F90001D24423C82000346C41F90001D24C23C82000347041F90001D25423C82000346841F90001D26823C82000347470011D40FFFC6000024E70C513C020003458708413C02000345A41F90001233823C82000345C41F90001D2A423C82000346441F90001D2B823C82000346C41F90001D2C023C82000347041F90001D2C823C82000346841F90001D2DC23C82000347470011D40FFFC600001EC70E013C020003458708413C02000345A41F90001584E23C82000345C41F90001DAFC23C82000346441F90001DB0423C836
S3FD0000E1002000346C41F90001DB0C23C82000347041F90001DB1423C82000346841F90001DB1C23C82000347470011D40FFFC6000018A70A813C020003458708413C02000345A41F90001079C23C82000345C41F90001DB2423C82000346441F90001DB2C23C82000346C41F90001DBFA23C82000347041F90001DCC823C82000346841F90001DCD023C82000347470011D40FFFC6000012870C113C020003458708413C02000345A41F90001096223C82000345C41F90001DB2423C82000346441F90001DB2C23C82000346C41F90001DBFA23C82000347041F90001DCC823C82000346841F90001DCD023C82000347470011D40FFFC600000C670C771
S3FD0000E1F813C020003458708413C02000345A41F90001219823C82000345C41F90001D86023C82000346441F90001D87423C82000346C41F90001D87C23C82000347041F90001D88423C82000346841F90001D89823C82000347470011D40FFFC606470C913C020003458708413C02000345A41F90002045623C82000345C41F90001D91023C82000346441F90001D90023C82000346C41F90001D90823C82000347041F90001D9EE23C82000346841F90001DABC23C82000347470011D40FFFC6004422EFFFC102EFFFC4E5E4E754E560000598F1D40FFFC720012392000347B0C81000000E06E0000A40C81000000A16D00009A0481000000A1323B24
S3FD0000E2F01A0848C14EFB1A00004200420042004200420042004100420042004200420041004200420042004100410042004200420042004200420042004200420042004200420042004200420042004200420042004200420042004100420041004100410041004100410042004200420042004200420042004200420042004200420042004200420041004260064EB90000E3844E5E4E754E560000518F1D40FFF842AEFFFC700010392000347B0C80000000E06E0000A60C80000000A16D00009C0480000000A1303B0A0848C04EFB0A0000410041004100410041004100460041004100410041004600410041004100460046004100410041004184
S3FD0000E3E8004100410041004100410041004100410041004100410041004100410041004100410041004600410046004600460046004600460041004100410041004100410041004100460046004100410041004100410046004141F9200034582D48FFFC206EFFFC4A88670C102EFFF84EB90000E4826022700010392000347B0C80000000A8670A0C80000000C16702600870A813C02000347B4E5E4E754E5600004FEFFFF41D40FFF42D48FFF8720703B920000A87720012007026B2806E467022B2806D40048100000022323B1A0848C14EFB1A000016000A0012000E00062068000C4E90601E206800104E906016206800144E90600E206800182A
S3FD0000E4E04E9060062068001C4E90422EFFFC60207000102EFFFC41F920000A304230083D41F920000A304230082952801D40FFFC7200122EFFFC7014B28065D4700701F920000A874E5E4E754E5600004FEFFF6C48EF00E0008843EEFFA841F90002B3F4720812D8538166FA43EEFFB041F90002B3FC720C12D8538166FA43EEFFDE41F90002B408721312D8538166FA43EEFFBC41F90002B41B721112D8538166FA43EEFFCD41F90002B42C721112D8538166FA41F90002B43D2D50FFA041F90002B4412D50FFA47E00422EFF7370111D40FF86426EFF8E1239200036481D41FF8A41F9200036492D48FF9441F92000364A2D48FF9810392000364B4F
S3FD0000E5D81D40FF8914392000364C1D42FF883039200036703D40FF8C1A392000364D1D45FF794239200052587A070BB920000A877A001A017C17BA866E0004407C00BA866D0004383A3B5A0848C54EFB5A000019001C0026002D0042005500680080009F00CE00E00117012901400158016F0187019901B001C801D901E901EF01FF70011D40FF8A422EFF897000102EFF8A52801D40FF8A600003E87000100152801D40FF8A600003DA226EFF98206EFF944EB900020B181D40FF8472001200670003C07000102EFF8A52801D40FF8A600003B0303C00C84EB90000BF141D40FF83720012006700039A7000102EFF8A52801D40FF8A6000038A72008D
S3FD0000E6D070414EB900020BF01D40FF8172001200670003747000102EFF8A52801D40FF8A600003642EAEFF9443EEFF8E700841EEFFA84EB900020CF21D40FF7E72001200670003447000102EFF8A52801D40FF8A600003341039200042B51D40FF79701441F9200042B44EB9000049E83D40FF903D40FF8C4EB900010C741D40FF721D40FF887000102EFF8A52801D40FF8A600002F672117012B08166287202700010024EB900020BF01D40FF7472001200670002D67000102EFF8A52801D40FF8A600002C67200122EFFA47000102EFFA04EB900020BF01D40FF7072001200670002A87000102EFF8A52801D40FF8A6000029870024EB90000BF1414
S3FD0000E7C81D40FF7172001200670002847000102EFF8A52801D40FF8A6000027474117212B282663641EEFF792D48FF9C2EAEFF9443EEFF8E206EFF9C4EB900020C101D40FF7B72001200670002467000102EFF8A52801D40FF8A600002362EAEFF9443EEFF8E700C41EEFFB04EB900020CF21D40FF8772001200670002167000102EFF8A52801D40FF8A60000206700A4EB90000BF141D40FF8572001200670001F27000102EFF8A52801D40FF8A600001E27200122EFFA57000102EFFA14EB900020BF01D40FF8272001200670001C47000102EFF8A52801D40FF8A600001B42EAEFF9443EEFF8E701341EEFFDE4EB900020CF21D40FF767200120051
S3FD0000E8C0670001947000102EFF8A52801D40FF8A600001847200122EFFA67000102EFFA24EB900020BF01D40FF7772001200670001667000102EFF8A52801D40FF8A600001562EAEFF9443EEFF8E701141EEFFBC4EB900020CF21D40FF7C72001200670001367000102EFF8A52801D40FF8A6000012670644EB90000BED81D40FF7A72001200670001127000102EFF8A52801D40FF8A600001027200122EFFA77000102EFFA34EB900020BF01D40FF7872001200670000E47000102EFF8A52801D40FF8A600000D42EAEFF9443EEFF8E701141EEFFCD4EB900020CF21D40FF8072001200670000B47000102EFF8A52801D40FF8A600000A44EB90002D6
S3FD0000E9B882401D40FF7D72001200670000927000102EFF8A52801D40FF8A60000082700A4EB90000BF141D40FF7F72001200676E7000102EFF8A52801D40FF8A60607000100152801D40FF8A6054700A4EB90000BF141D40FF757200120067427000102EFF8A52801D40FF8A6034700113C02000525813C7200009B84EB900027C1C700701F920000A87700501F920003645422EFF8A70011D40FF736004422EFF8A102EFF8A13C020003648102EFF8913C02000364B102EFF8813C02000364C302EFF8C33C020003670102EFF7913C02000364D102EFF734CEF00E000884E5E4E754E5600004FEFFF50422EFF5D43EEFFB141F90002B445721812D890
S3FD0000EAB0538166FA43EEFF9D41F90002B45D721412D8538166FA43EEFFE141F90002B471721F12D8538166FA43EEFF8B41F90002B490721212D8538166FA43EEFF7E41F90002B4A2720D12D8538166FA43EEFFC941F90002B4AF721812D8538166FA43EEFF7041F90002B4C7720712D8538166FA43EEFF7741F90002B4CE720712D8538166FA1439200036481D42FF6241F9200036492D48FF6C41F92000364A2D48FF68720012027011B2806E0003167001B2806D00030E5381323B1A0848C14EFB1A000012001900200035004C0064007B009300AA00C200D900F1010801200137014D01627000100252801D40FF62600002D87000100252801D4023
S3FD0000EBA8FF62600002CA226EFF68206EFF6C4EB900020B181D40FF6072001200670002B07000102EFF6252801D40FF62600002A07200122EFF777000102EFF704EB900020BF01D40FF5872001200670002827000102EFF6252801D40FF62600002722EAEFF6C43EEFF64701841EEFFB14EB900020CF21D40FF5C72001200670002527000102EFF6252801D40FF62600002427200122EFF787000102EFF714EB900020BF01D40FF5A72001200670002247000102EFF6252801D40FF62600002142EAEFF6C43EEFF64701441EEFF9D4EB900020CF21D40FF5B72001200670001F47000102EFF6252801D40FF62600001E47200122EFF797000102EFF724E
S3FD0000ECA04EB900020BF01D40FF5572001200670001C67000102EFF6252801D40FF62600001B62EAEFF6C43EEFF64701F41EEFFE14EB900020CF21D40FF6372001200670001967000102EFF6252801D40FF62600001867200122EFF7A7000102EFF734EB900020BF01D40FF6172001200670001687000102EFF6252801D40FF62600001582EAEFF6C43EEFF64701241EEFF8B4EB900020CF21D40FF5972001200670001387000102EFF6252801D40FF62600001287200122EFF7B7000102EFF744EB900020BF01D40FF56720012006700010A7000102EFF6252801D40FF62600000FA2EAEFF6C43EEFF64700D41EEFF7E4EB900020CF21D40FF5472001D
S3FD0000ED981200670000DA7000102EFF6252801D40FF62600000CA7200122EFF7C7000102EFF754EB900020BF01D40FF5F72001200670000AC7000102EFF6252801D40FF626000009C2EAEFF6C43EEFF64701841EEFFC94EB900020CF21D40FF5772001200677C7000102EFF6252801D40FF62606E7200122EFF7D7000102EFF764EB900020BF01D40FF5E7200120067527000102EFF6252801D40FF6260444239200036B3700413C0200036B2700A4EB900016B4A12392000364508C10005422EFF62700701F920000A8708C1000513C12000364570011D40FF5D600670011D40FF62102EFF5D4E5E4E754E5600002F072F064FEFFF6470011D40FF89EE
S3FD0000EE9043EEFFA441F90002B4D532D8129043EEFFA741F90002B4D832D8129043EEFFAA41F90002B4DB32D8129043EEFFAD41F90002B4DE32D8129043EEFFB041F90002B4E132D8129041F90002B4E42D50FFD843EEFFB341F90002B4E832D8129043EEFFB641F90002B4EB32D8129043EEFFE041F90002B4EE720712D8538166FA43EEFFE741F90002B4F5720812D8538166FA43EEFFEF41F90002B4FD720812D8538166FA7400422EFF6D1239200036481D41FF6841F9200036492D48FFC041F92000364A2D48FFC410392000364B1D40FF9810392000364C1D40FF9741F92000364D2D48FFBC41F9200036522D48FFC841F9200036542D48FFCC0E
S3FD0000EF8841F9200036592D48FFD041F9200036702D48FFD4700010012C3C0000014BB0866E00012AB0866D0460000BAA2C3C00000137B0866E000108B0866D0460000B1E2C007E70B0876E000DDC7E01B0876D000DD453863C3B6A0848C64EFB6A00008F00A100B600C300D800E500FC0103011B0132014A015D01740187019F01B201C901DC01F40206021D02300248025B0272028A029D02B402CC02DF02F6030E031E03320345035D03750385039603AA03BD03D503E80400041004210435044804600473048704A104B504C604DA04ED0507051A05340558057B06E406E406E406E406E406E406E406E406E406E406E406E406E406E406E406E48C
S3FD0000F08006E406E406E406E406E406E406E406E406E406E406E406E406E406E406E406E406E406E406E406E406E406E406E406E406E406E406E406E406E406E406E406E406E406E406D60C800000014167000A3860000CDA2E3C0000015FB0876E16B0876D0460000C160C800000015567000A8460000CBA0C800000016967000C2060000CAC41F9200057AC23C8200057A42079200057A410BC00AA7000100152801D40FF6860000C8E226EFFC4206EFFC04EB900020B181D40FF967200120067000C747000102EFF6852801D40FF6860000C64303C07D04EB90000BF147000102EFF6852801D40FF6860000C4A226EFFC4206EFFC04EB900020B180C
S3FD0000F1781D40FF957200120067000C307000102EFF6852801D40FF6860000C20303C07D04EB90000BF147000102EFF6852801D40FF6860000C067200122EFFEF7000102EFFE74EB900020BF01D40FF947200120067000BE87000102EFF6852801D40FF6860000BD87000100152801D40FF6860000BCA2EAEFFC043EEFFA2700341EEFFA44EB900020C101D40FF937200120067000BAA7000102EFF6852801D40FF6860000B9A7200122EFFF07000102EFFE84EB900020BF01D40FF927200120067000B7C7000102EFF6852801D40FF6860000B6C2EAEFFC043EEFFA2700341EEFFAA4EB900020C101D40FF917200120067000B4C7000102EFF685280AB
S3FD0000F2701D40FF6860000B3C303C03E84EB90000BED81D40FF907200120067000B267000102EFF6852801D40FF6860000B167200122EFFF17000102EFFE94EB900020BF01D40FF8F7200120067000AF87000102EFF6852801D40FF6860000AE8303C03E84EB90000BED81D40FF8E7200120067000AD27000102EFF6852801D40FF6860000AC22EAEFFC043EEFFA2700341EEFFAD4EB900020C101D40FF8D7200120067000AA27000102EFF6852801D40FF6860000A92303C03E84EB90000BED81D40FF777200120067000A7C7000102EFF6852801D40FF6860000A6C7200122EFFF27000102EFFEA4EB900020BF01D40FF9D7200120067000A4E7000D6
S3FD0000F368102EFF6852801D40FF6860000A3E303C03E84EB90000BED81D40FF737200120067000A287000102EFF6852801D40FF6860000A182EAEFFC043EEFFA2700341EEFFB04EB900020C101D40FF7472001200670009F87000102EFF6852801D40FF68600009E870644EB90000BED81D40FF6C72001200670009D47000102EFF6852801D40FF68600009C47200122EFFF37000102EFFEB4EB900020BF01D40FF8B72001200670009A67000102EFF6852801D40FF6860000996303C03E84EB90000BED81D40FF8672001200670009807000102EFF6852801D40FF68600009702EAEFFC043EEFFA2700441EEFFD84EB900020C101D40FF6A72001200B4
S3FD0000F460670009507000102EFF6852801D40FF6860000940303C03E84EB90000BED81D40FF84720012006700092A7000102EFF6852801D40FF686000091A7200122EFFF47000102EFFEC4EB900020BF01D40FF6972001200670008FC7000102EFF6852801D40FF68600008EC2EAEFFC043EEFFA2700341EEFFB34EB900020C101D40FF9E72001200670008CC7000102EFF6852801D40FF68600008BC303C03E84EB90000BED81D40FF9C72001200670008A67000102EFF6852801D40FF68600008967200122EFFF57000102EFFED4EB900020BF01D40FF9A72001200670008787000102EFF6852801D40FF68600008682EAEFFC043EEFFA2700341EEBA
S3FD0000F558FFB64EB900020C101D40FF9972001200670008487000102EFF6852801D40FF6860000838303C03E84EB90000BED81D40FF7E72001200670008227000102EFF6852801D40FF68600008127200122EFFF67000102EFFEE4EB900020BF01D40FF7D72001200670007F47000102EFF6852801D40FF68600007E42EAEFFC043EEFFA2700741EEFFE04EB900020C101D40FF7C72001200670007C47000102EFF6852801D40FF68600007B42EB920005254206EFFBC4EB900003F067000102EFF6852801D40FF68600007947204303C00D64EB900020BF01D40FF7B720012006700077C7000102EFF6852801D40FF686000076C303C03E84EB900002D
S3FD0000F650BED81D40FF7A72001200670007567000102EFF6852801D40FF68600007462EAEFFC843EEFFA27005206EFFBC4EB900020C101D40FF6E72001200670007267000102EFF6852801D40FF6860000716226EFFC8303920005248206EFFBC4EB900003A921D40FF8172001200670006F67000102EFF6852801D40FF68600006E67005226EFFCC206EFFBC4EB900004D647000102EFF6852801D40FF68600006C672047000226EFFBC206EFFCC4EB900004C527000102EFF6852801D40FF68600006A47202303C00D64EB900020BF01D40FF75720012006700068C7000102EFF6852801D40FF686000067C303C03E84EB90000BED81D40FF787200A2
S3FD0000F7481200670006667000102EFF6852801D40FF68600006562EAEFFC843EEFFA27005206EFFBC4EB900020C101D40FF8572001200670006367000102EFF6852801D40FF6860000626303C03E84EB90000BED81D40FF9F72001200670006107000102EFF6852801D40FF6860000600226EFFC8303920005250206EFFBC4EB900003A921D40FF9B72001200670005E07000102EFF6852801D40FF68600005D07005226EFFCC206EFFBC4EB900004D647000102EFF6852801D40FF68600005B072047000226EFFBC206EFFCC4EB900004C527000102EFF6852801D40FF686000058E7206303C00D64EB900020BF01D40FF7F72001200670005767000CD
S3FD0000F840102EFF6852801D40FF6860000566303C03E84EB90000BED81D40FF7172001200670005507000102EFF6852801D40FF68600005402EAEFFC843EEFFA27005206EFFBC4EB900020C101D40FF7072001200670005207000102EFF6852801D40FF6860000510303C03E84EB90000BED81D40FF8A72001200670004FA7000102EFF6852801D40FF68600004EA720C303C00D64EB900020BF01D40FF8772001200670004D27000102EFF6852801D40FF68600004C27200123920001760701EE1A9701FE0A9670A206EFFBC703110806008206EFFBC703010807000102EFF6852801D40FF686000048E206EFFBC10104EB900020DEC1D40FF82720082
S3FD0000F9381200670004767000102EFF6852801D40FF686000046672011039200056CA206EFFBC4EB9000046C07000102EFF6852801D40FF6860000444720A303C00D64EB900020BF01D40FF72720012006700042C7000102EFF6852801D40FF686000041C303C03E84EB90000BED81D40FF6B72001200670004067000102EFF6852801D40FF68600003F62EAEFFC843EEFFA27002222EFFBC528120414EB900020C101D40FF8872001200670003D27000102EFF6852801D40FF68600003C2303C03E84EB90000BED81D40FF8072001200670003AC7000102EFF6852801D40FF686000039C1D42FFA06012206EFFD042107000102EFFA052801D40FFA02D
S3FD0000FA307200122EFFA0700FB28065E27000102EFF6852801D40FF6860000368303C03E83F40000A70403F400006303C00C03F400002226EFFD4206EFFD074407200102EFF894EB90002105E1D40FF8372001200670003307000102EFF6852801D40FF6860000320303C03E83F40000A707F3F400006705F3F400002226EFFD4206EFFD07400725F102EFF894EB90002105E1D40FF7672001200670002EA7000102EFF6852801D40FF68600002DA70701D40FF68600002D02EB9200052543039200052484EB90001F4D67000102EFF6852801D40FF68600002AE7200123920001760701BE1A9701FE0A97001B280670002BC72001239200036B1700AD9
S3FD0000FB28B280661270C613C0200036B3700A13C0200036B2600E70E313C0200036B34239200036B27000102EFF6852801D40FF6860000258700301F9200017607000100152801D40FF68600002422039200057A454802040720012107000B28067107050B280676C7053B28067366000015670454EB9000208A872001239200036B267000142303C00BE4EB900020BF0703E4EB900020DEC70BE13C0200036B36000012470454EB9000208A87202303C00BE4EB900020BF0703E4EB900020DEC700213C0200036B270BE13C0200036B3600000F470454EB9000208A82039200057A45A802040720012107005B2806E0002547001B2806D00024C538125
S3FD0000FC20323B1A0848C14EFB1A000006000600060006000670081D40FF6F72087008B08166447206303C00DD4EB900020BF070204EB900020DEC70204EB900020DEC70204EB900020DEC70204EB900020DEC70204EB900020DEC70014EB900020DEC70024EB900020DEC70CE1D40FF8C2439200057A45A822D42FFDC70061D40FF79720620427000101074059480E78A203C000000CED0827400142EFF6FD0824EB900020BF0705E4EB900020DEC70014EB900020DEC70024EB900020DEC700413C0200036B270BE13C0200036B37000102EFF6852801D40FF68600000BA70BB13C0200036B013C22000368C42792000368A7000100152801D40FF6888
S3FD0000FD1860000098700A4EB900016B4A1039200017600880000608C000050880000413C0200017602039200057A454802040720012107050B28067302039200057A45280204042102039200057A45880204042102039200057A45A80204042102039200057A4548020404210700501F92000364570701D40FF6860221D42FF68700701F920000A87700501F92000364570011D40FF6D600670011D40FF68102EFF6813C020003648102EFF9813C02000364B102EFF9713C02000364C102EFF6D600000BA7200303C00EC4EB900020BF070204EB900020DEC70784EB900020DEC7200123920001760701DE1A9701FE0A97001B28066064EB9000062F23E
S3FD0000FE1072001239200017607018E1A9701FE0A9673472001239200036B2700AB2806614700A13C0200036B270BE13C0200036B36000FD0A70014EB90001F32E700E13C0200036B260E270014EB90001F32E700E13C0200036B260D07204303C00BE4EB900020BF0703E4EB900020DEC700413C0200036B270BE13C0200036B36000FE5C4FEF009C2C1F2E1F4E5E4E754E5600004FEFFF6043EEFFE041F90002B505721E12D8538166FA43EEFFC741F90002B523721912D8538166FA43EEFFB241F90002B53C721512D8538166FA43EEFF7041F90002B551720F12D8538166FA43EEFF9F41F90002B560721312D8538166FA43EEFF7F41F90002B573D6
S3FD0000FF08721012D8538166FA43EEFF8F41F90002B583721012D8538166FA43EEFF6241F90002B593720712D8538166FA43EEFF6941F90002B59A720712D8538166FA4EB900020BA87200122EFF697000102EFF624EB900020BF04EB90000BE6443EEFF60701E41EEFFE04EB9000006224EB90000BE647200122EFF6A7000102EFF634EB900020BF04EB90000BE6443EEFF60701941EEFFC74EB9000006224EB90000BE647200122EFF6B7000102EFF644EB900020BF04EB90000BE6443EEFF60701541EEFFB24EB9000006224EB90000BE647200122EFF6C7000102EFF654EB900020BF04EB90000BE6443EEFF60700F41EEFF704EB9000006224EB9E6
S3FD000100000000BE647200122EFF6D7000102EFF664EB900020BF04EB90000BE6443EEFF60701341EEFF9F4EB9000006224EB90000BE647200122EFF6E7000102EFF674EB900020BF04EB90000BE6443EEFF60701041EEFF7F4EB9000006224EB90000BE647200122EFF6F7000102EFF684EB900020BF04EB90000BE6443EEFF60701041EEFF8F4EB9000006224EB90000BE644239200036B3700413C0200036B2700A4EB900016B4A700501F9200036454E5E4E754E5600004FEFFF3043EEFF8141F90002B5A1721E12D8538166FA43EEFFBF41F90002B5BF722012D8538166FA43EEFFDF41F90002B5DF722012D8538166FA43EEFF9F41F90002B5FF2B
S3FD000100F8722012D8538166FA43EEFF6A41F90002B61F721712D8538166FA43EEFF5441F90002B636721612D8538166FA43EEFF4041F90002B64C721412D8538166FA43EEFF3241F90002B660720712D8538166FA43EEFF3941F90002B667720712D8538166FA4EB900020BA87200122EFF397000102EFF324EB900020BF04EB90000BE6443EEFF30701E41EEFF814EB9000006224EB90000BE647200122EFF3A7000102EFF334EB900020BF04EB90000BE6443EEFF30702041EEFFBF4EB9000006224EB90000BE647200122EFF3B7000102EFF344EB900020BF04EB90000BE6443EEFF30702041EEFFDF4EB9000006224EB90000BE647200122EFF3CAF
S3FD000101F07000102EFF354EB900020BF04EB90000BE6443EEFF30702041EEFF9F4EB9000006224EB90000BE647200122EFF3D7000102EFF364EB900020BF04EB90000BE6443EEFF30701741EEFF6A4EB9000006224EB90000BE647200122EFF3E7000102EFF374EB900020BF04EB90000BE6443EEFF30701641EEFF544EB9000006224EB90000BE647200122EFF3F7000102EFF384EB900020BF04EB90000BE6443EEFF30701441EEFF404EB9000006224EB90000BE644239200036B3700413C0200036B2700A4EB900016B4A700501F9200036454E5E4E754E5600004FEFFF5043EEFF5241F90002B66E32D8129043EEFFAE41F90002B671721812D8B4
S3FD000102E8538166FA43EEFF8941F90002B689721212D8538166FA43EEFFC641F90002B69B721812D8538166FA43EEFF6541F90002B6B3721212D8538166FA43EEFFDE41F90002B6C5722012D8538166FA43EEFF7741F90002B6E5721212D8538166FA43EEFF9B41F90002B6F7721312D8538166FA43EEFF5541F90002B70A720812D8538166FA43EEFF5D41F90002B712720812D8538166FA4EB900020BA87200122EFF5D7000102EFF554EB900020BF04EB90000BE6443EEFF50700341EEFF524EB9000006224EB90000BE647200122EFF5E7000102EFF564EB900020BF04EB90000BE6443EEFF50701841EEFFAE4EB9000006224EB90000BE64720025
S3FD000103E0122EFF5F7000102EFF574EB900020BF04EB90000BE6443EEFF50701241EEFF894EB9000006224EB90000BE647200122EFF607000102EFF584EB900020BF04EB90000BE6443EEFF50701841EEFFC64EB9000006224EB90000BE647200122EFF617000102EFF594EB900020BF04EB90000BE6443EEFF50701241EEFF654EB9000006224EB90000BE647200122EFF627000102EFF5A4EB900020BF04EB90000BE6443EEFF50702041EEFFDE4EB9000006224EB90000BE647200122EFF637000102EFF5B4EB900020BF04EB90000BE6443EEFF50701241EEFF774EB9000006224EB90000BE647200122EFF647000102EFF5C4EB900020BF04EB949
S3FD000104D80000BE6443EEFF50701341EEFF9B4EB9000006224EB90000BE644EB900013BC64EB900013BA64239200036B3700213C0200036B2700A4EB900016B4A700501F9200036454E5E4E754E5600004FEFFF3C43EEFFDF41F90002B71A722112D8538166FA43EEFFC141F90002B73B721E12D8538166FA43EEFF4E41F90002B759721112D8538166FA43EEFF8341F90002B76A721312D8538166FA43EEFF9641F90002B77D721512D8538166FA43EEFFAB41F90002B792721612D8538166FA43EEFF5F41F90002B7A8721212D8538166FA43EEFF7141F90002B7BA721212D8538166FA43EEFF4641F90002B7CC720812D8538166FA43EEFF3E41F985
S3FD000105D00002B7D4720812D8538166FA4EB900020BA87200122EFF3E7000102EFF464EB900020BF04EB90000BE6443EEFF3C702141EEFFDF4EB9000006224EB90000BE647200122EFF3F7000102EFF474EB900020BF04EB90000BE6443EEFF3C701E41EEFFC14EB9000006224EB90000BE647200122EFF407000102EFF484EB900020BF04EB90000BE6443EEFF3C701141EEFF4E4EB9000006224EB90000BE647200122EFF417000102EFF494EB900020BF04EB90000BE6443EEFF3C701341EEFF834EB9000006224EB90000BE647200122EFF427000102EFF4A4EB900020BF04EB90000BE6443EEFF3C701541EEFF964EB9000006224EB90000BE6483
S3FD000106C87200122EFF437000102EFF4B4EB900020BF04EB90000BE6443EEFF3C701641EEFFAB4EB9000006224EB90000BE647200122EFF447000102EFF4C4EB900020BF04EB90000BE6443EEFF3C701241EEFF5F4EB9000006224EB90000BE647200122EFF457000102EFF4D4EB900020BF04EB90000BE6443EEFF3C701241EEFF714EB9000006224EB90000BE6470A14EB90001FC3870A24EB90001FC3870A34EB90001FC3870A44EB90001FC3870A54EB90001FC3870A64EB90001FC384239200036B3700413C0200036B2700A4EB900016B4A4E5E4E754E5600004FEFFFB043EEFFDA41F90002B7DC721212D8538166FA43EEFFEC41F90002B7EEA8
S3FD000107C0721212D8538166FA43EEFFCC41F90002B800720E12D8538166FA700341EEFFBA4EB900028CEC43EEFFBD41F90002B80E32D812904EB900020BA87200122EFFBD7000102EFFBA4EB900020BF04EB90000BE6443EEFFB4701241EEFFDA4EB9000006224EB90000BE647200122EFFBE7000102EFFBB4EB900020BF04EB90000BE6443EEFFB4701241EEFFEC4EB9000006224EB90000BE647200122EFFBF7000102EFFBC4EB900020BF04EB90000BE6443EEFFB4700E41EEFFCC4EB9000006224EB90000BE644239200036B3700A13C0200036B2700010392000347C0C80000000BB672C0C80000000BC67120C80000000C3671C0C80000000C757
S3FD000108B86714603441F92000368D2D48FFC070143D40FFB660221039200036AD4EB900024C9C2D48FFC82D48FFC04EB900004ADA3D40FFB23D40FFB6206EFFC04EB900004ADA3D40FFB83D40FFB44EB900010C741D40FFB01D40FFBA7200122EFFBD7400140020024EB900020BF04EB90000BE64222EFFC052812D41FFC420412D48FFC043EEFFB4302EFFB620414EB9000006224EB90000BE64700A4EB900016B4A700501F9200036454E5E4E754E5600004FEFFEE843EEFFDC41F90002B811722112D8538166FA43EEFF8041F90002B832721C12D8538166FA43EEFFBC41F90002B84E722012D8538166FA43EEFF9C41F90002B86E722012D8538136
S3FD000109B066FA43EEFF1041F90002B88E721C12D8538166FA43EEFF2C41F90002B8AA721C12D8538166FA43EEFF4841F90002B8C6721C12D8538166FA43EEFF6441F90002B8E2721C12D8538166FA700841EEFF004EB900028CEC43EEFF0841F90002B8FE720812D8538166FA4EB900020BB47200122EFF087000102EFF004EB900020BF04EB90000BE6443EEFEEC702141EEFFDC4EB9000006224EB90000BE647200122EFF097000102EFF014EB900020BF04EB90000BE6443EEFEEC701C41EEFF804EB9000006224EB90000BE647200122EFF0A7000102EFF024EB900020BF04EB90000BE6443EEFEEC702041EEFFBC4EB9000006224EB90000BE64C8
S3FD00010AA87200122EFF0B7000102EFF034EB900020BF04EB90000BE6443EEFEEC702041EEFF9C4EB9000006224EB90000BE647200122EFF0C7000102EFF044EB900020BF04EB90000BE6443EEFEEC701C41EEFF104EB9000006224EB90000BE647200122EFF0D7000102EFF054EB900020BF04EB90000BE6443EEFEEC701C41EEFF2C4EB9000006224EB90000BE647200122EFF0E7000102EFF064EB900020BF04EB90000BE6443EEFEEC701C41EEFF484EB9000006224EB90000BE647200122EFF0F7000102EFF074EB900020BF04EB90000BE6443EEFEEC701C41EEFF644EB9000006224EB90000BE644239200036B3700A13C0200036B2700A4EB97B
S3FD00010BA000016B4A700010392000347C0C80000000BB672C0C80000000BC67120C80000000C3671C0C80000000C76714603441F92000368D2D48FEF470143D40FEF060221039200036AD4EB900024C9C2D48FEF82D48FEF44EB900004ADA3D40FEEE3D40FEF0206EFEF44EB900004ADA3D40FEEA3D40FEEC4EB900010C741D40FEE81D40FF007200122EFF087400140020024EB900020BF04EB90000BE64222EFEF452812D41FEFC20412D48FEF443EEFEEC302EFEF020414EB9000006224EB90000BE64700A4EB900016B4A700501F9200036454E5E4E754E560000598F1D40FFFC720012007005B2806E347000B2806D2E323B1A0848C14EFB1A0019
S3FD00010C9800070009000B000D000F001170806026708060227078601E7078601A70706016706860127200122EFFFCE289E789203C0000008090814E5E4E754E5600004FEFFFDC41F90002B9062D50FFE443EEFFE841F90002B90A721712D8538166FA43EEFFDE41F90002B92132D8129043EEFFE141F90002B92432D812904EB900020BA87200122EFFE17000102EFFDE4EB900020BF04EB90000BE6443EEFFDC700441EEFFE44EB9000006224EB90000BE647200122EFFE27000102EFFDF4EB900020BF04EB90000BE6443EEFFDC701741EEFFE84EB9000006224EB90000BE647200122EFFE37000102EFFE04EB900020BF04EB90000BE64720012391D
S3FD00010D90200042E97009B28063064239200042E970001039200042E97230D0814EB90000053470B213C0200036B3700413C0200036B24E5E4E754E5600004FEFFF8C43EEFFE541F90002B927721B12D8538166FA43EEFFD141F90002B942721412D8538166FA43EEFFAB41F90002B956721312D8538166FA43EEFFBE41F90002B969721312D8538166FA43EEFF9E41F90002B97C720D12D8538166FA43EEFF9641F90002B989720812D8538166FA43EEFF8E41F90002B991720812D8538166FA4EB900020BA87200122EFF8E7000102EFF964EB900020BF04EB90000BE6443EEFF8C701B41EEFFE54EB9000006224EB90000BE647200122EFF8F70000E
S3FD00010E88102EFF974EB900020BF04EB90000BE6443EEFF8C701441EEFFD14EB9000006224EB90000BE647200122EFF907000102EFF984EB900020BF04EB90000BE6443EEFF8C701341EEFFAB4EB9000006224EB90000BE647200122EFF917000102EFF994EB900020BF04EB90000BE6443EEFF8C701341EEFFBE4EB9000006224EB90000BE647200122EFF927000102EFF9A4EB900020BF04EB90000BE6443EEFF8C700D41EEFF9E4EB9000006224EB90000BE64720470784EB900020BF04EB90000BE6470001039200042E87230D0814EB900000534720870784EB900020BF04EB90000BE6470001039200042E77230D0814EB900000534720C707879
S3FD00010F804EB900020BF04EB90000BE6470001039200042E67230D0814EB900000534707813C0200036B3700413C0200036B2700A4EB900016B4A4E5E4E754E5600004FEFFF5C43EEFF5E41F90002B99932D8129043EEFFCA41F90002B99C721812D8538166FA43EEFFA341F90002B9B4721312D8538166FA43EEFFB641F90002B9C7721412D8538166FA43EEFF9041F90002B9DB721312D8538166FA43EEFFE241F90002B9EE721B12D8538166FA43EEFF7141F90002BA09720F12D8538166FA43EEFF8041F90002BA18721012D8538166FA43EEFF6141F90002BA28720812D8538166FA43EEFF6941F90002BA30720812D8538166FA4EB900020BA8F1
S3FD000110787200122EFF697000102EFF614EB900020BF04EB90000BE6443EEFF5C700341EEFF5E4EB9000006224EB90000BE647200122EFF6A7000102EFF624EB900020BF04EB90000BE6443EEFF5C701841EEFFCA4EB9000006224EB90000BE647200122EFF6B7000102EFF634EB900020BF04EB90000BE6443EEFF5C701341EEFFA34EB9000006224EB90000BE647200122EFF6C7000102EFF644EB900020BF04EB90000BE6443EEFF5C701441EEFFB64EB9000006224EB90000BE647200122EFF6D7000102EFF654EB900020BF04EB90000BE6443EEFF5C701341EEFF904EB9000006224EB90000BE647200122EFF6E7000102EFF664EB900020BF096
S3FD000111704EB90000BE6443EEFF5C701B41EEFFE24EB9000006224EB90000BE647200122EFF6F7000102EFF674EB900020BF04EB90000BE6443EEFF5C700F41EEFF714EB9000006224EB90000BE647200122EFF707000102EFF684EB900020BF04EB90000BE6443EEFF5C701041EEFF804EB9000006224EB90000BE644239200036B3700213C0200036B2700A4EB900016B4A700501F9200036454E5E4E754E5600004FEFFF6443EEFFDF41F90002BA38722012D8538166FA43EEFF8641F90002BA58720912D8538166FA43EEFF6641F90002BA61720712D8538166FA43EEFFC741F90002BA68721812D8538166FA43EEFFB041F90002BA80721712D866
S3FD00011268538166FA43EEFF7D41F90002BA97720912D8538166FA43EEFF8F41F90002BAA0720D12D8538166FA43EEFF9C41F90002BAAD721412D8538166FA43EEFF6D41F90002BAC1720812D8538166FA43EEFF7541F90002BAC9720812D8538166FA4EB900020BA87200122EFF757000102EFF6D4EB900020BF04EB90000BE6443EEFF64702041EEFFDF4EB9000006224EB90000BE647200122EFF767000102EFF6E4EB900020BF04EB90000BE6443EEFF64700941EEFF864EB9000006224EB90000BE647200122EFF777000102EFF6F4EB900020BF04EB90000BE6443EEFF64700741EEFF664EB9000006224EB90000BE647200122EFF787000102E1A
S3FD00011360FF704EB900020BF04EB90000BE6443EEFF64701841EEFFC74EB9000006224EB90000BE647200122EFF797000102EFF714EB900020BF04EB90000BE6443EEFF64701741EEFFB04EB9000006224EB90000BE647200122EFF7A7000102EFF724EB900020BF04EB90000BE6443EEFF64700941EEFF7D4EB9000006224EB90000BE647200122EFF7B7000102EFF734EB900020BF04EB90000BE6443EEFF64700D41EEFF8F4EB9000006224EB90000BE647200122EFF7C7000102EFF744EB900020BF04EB90000BE6443EEFF64701441EEFF9C4EB9000006224EB90000BE644239200036B34239200036B2700A4EB900016B4A4E5E4E754E56000097
S3FD000114584FEFFFCC43EEFFEA41F90002BAD1721412D8538166FA43EEFFDC41F90002BAE5720E12D8538166FA43EEFFCE41F90002BAF332D8129043EEFFD141F90002BAF632D8129041F90002BAF92D50FFD441F90002BAFD2D50FFD84EB900020BA87200122EFFD87000102EFFD44EB900020BF04EB90000BE6443EEFFCC701441EEFFEA4EB9000006224EB90000BE647200122EFFD97000102EFFD54EB900020BF04EB90000BE6443EEFFCC700E41EEFFDC4EB9000006224EB90000BE647200122EFFDA7000102EFFD64EB900020BF04EB90000BE6443EEFFCC700341EEFFCE4EB9000006224EB90000BE647200122EFFDB7000102EFFD74EB90002C1
S3FD000115500BF04EB90000BE6443EEFFCC700341EEFFD14EB9000006224EB90000BE644239200036B3700413C0200036B2700A4EB900016B4A4E5E4E754E5600004FEFFF6443EEFFE041F90002BB01722012D8538166FA43EEFFCD41F90002BB21721312D8538166FA43EEFFBB41F90002BB34721212D8538166FA43EEFFAB41F90002BB46721012D8538166FA43EEFF8D41F90002BB56720F12D8538166FA43EEFF8141F90002BB65720C12D8538166FA43EEFF7641F90002BB71720B12D8538166FA43EEFF9C41F90002BB7C720F12D8538166FA43EEFF6641F90002BB8B720812D8538166FA43EEFF6E41F90002BB93720812D8538166FA4EB90002C2
S3FD000116480BA87200122EFF6E7000102EFF664EB900020BF04EB90000BE6443EEFF64702041EEFFE04EB9000006224EB90000BE647200122EFF6F7000102EFF674EB900020BF04EB90000BE6443EEFF64701341EEFFCD4EB9000006224EB90000BE647200122EFF707000102EFF684EB900020BF04EB90000BE6443EEFF64701241EEFFBB4EB9000006224EB90000BE647200122EFF717000102EFF694EB900020BF04EB90000BE6443EEFF64701041EEFFAB4EB9000006224EB90000BE647200122EFF727000102EFF6A4EB900020BF04EB90000BE6443EEFF64700F41EEFF8D4EB9000006224EB90000BE647200122EFF737000102EFF6B4EB9000206
S3FD000117400BF04EB90000BE6443EEFF64700C41EEFF814EB9000006224EB90000BE647200122EFF747000102EFF6C4EB900020BF04EB90000BE6443EEFF64700B41EEFF764EB9000006224EB90000BE647200122EFF757000102EFF6D4EB900020BF04EB90000BE6443EEFF64700F41EEFF9C4EB9000006224EB90000BE644239200036B374001439200042DC706DB4806E28B4806D0260407256B4816E76704DB4806D70B48067267050B480675C7053B480672EB481673E605A7073B4806E06B4806728604E7076B48067346046700213C0200036B2604C700413C0200036B26042700613C0200036B26038700813C0200036B2602E700A13C020002B
S3FD0001183836B26024700C13C0200036B2601A700E13C0200036B26010705013C0200042DC700E13C0200036B272001239200036B270001039200036B34EB900020BF0703E4EB900000534700A4EB900016B4A4E5E4E754E5600004FEFFF6043EEFF6241F90002BB9B32D8129043EEFF9941F90002BB9E721412D8538166FA43EEFFEA41F90002BBB2721512D8538166FA43EEFF6C41F90002BBC7720812D8538166FA43EEFFAD41F90002BBCF721412D8538166FA43EEFF8641F90002BBE3721312D8538166FA43EEFFD541F90002BBF6721512D8538166FA43EEFF6541F90002BC0B720712D8538166FA43EEFFC141F90002BC12721412D8538166FA16
S3FD0001193043EEFF7441F90002BC26720912D8538166FA43EEFF7D41F90002BC2F720912D8538166FA4EB900020BA87200122EFF7D7000102EFF744EB900020BF04EB90000BE6443EEFF60700341EEFF624EB9000006224EB90000BE647200122EFF7E7000102EFF754EB900020BF04EB90000BE6443EEFF60701441EEFF994EB9000006224EB90000BE647200122EFF7F7000102EFF764EB900020BF04EB90000BE6443EEFF60701541EEFFEA4EB9000006224EB90000BE647200122EFF807000102EFF774EB900020BF04EB90000BE6443EEFF60700841EEFF6C4EB9000006224EB90000BE647200122EFF817000102EFF784EB900020BF04EB9000039
S3FD00011A28BE6443EEFF60701441EEFFAD4EB9000006224EB90000BE647200122EFF827000102EFF794EB900020BF04EB90000BE6443EEFF60701341EEFF864EB9000006224EB90000BE647200122EFF837000102EFF7A4EB900020BF04EB90000BE6443EEFF60701541EEFFD54EB9000006224EB90000BE647200122EFF847000102EFF7B4EB900020BF04EB90000BE6443EEFF60700741EEFF654EB9000006224EB90000BE647200122EFF857000102EFF7C4EB900020BF043EEFF60701441EEFFC14EB9000006224EB90000BE644EB90001F9564EB90001F9D24EB90001FA4E4239200036B3700213C0200036B2700A4EB900016B4A4E5E4E754E56EA
S3FD00011B2000004FEFFF9C43EEFF9E41F90002BC3832D8129043EEFFCE41F90002BC3B720E12D8538166FA43EEFFC041F90002BC49720E12D8538166FA43EEFFDC41F90002BC57721212D8538166FA43EEFFB341F90002BC69720D12D8538166FA43EEFFEE41F90002BC76721212D8538166FA43EEFFA141F90002BC88720912D8538166FA43EEFFAA41F90002BC91720912D8538166FA4EB900020BA841F9200057AC23C82000579C7200122EFFAA7000102EFFA14EB900020BF04EB90000BE6443EEFF9C700341EEFF9E4EB9000006224EB90000BE647200122EFFAE7000102EFFA54EB900020BF04EB90000BE6443EEFF9C700E41EEFFCE4EB9000038
S3FD00011C1806224EB90000BE647200122EFFAF7000102EFFA64EB900020BF04EB90000BE6443EEFF9C700E41EEFFC04EB9000006224EB90000BE647200122EFFB07000102EFFA74EB900020BF04EB90000BE6443EEFF9C701241EEFFDC4EB9000006224EB90000BE647200122EFFB17000102EFFA84EB900020BF04EB90000BE6443EEFF9C700D41EEFFB34EB9000006224EB90000BE647200122EFFB27000102EFFA94EB900020BF043EEFF9C701241EEFFEE4EB9000006224EB90000BE64740041F9200052487206303C00A84EB90001F8C67208303C00A84EB90001FDC64EB90002808A4239200009B84239200036B3700613C0200036B2700A4EB9BD
S3FD00011D1000016B4A20792000579C4210700501F9200036454E5E4E754E5600004FEFFFA043EEFFA441F90002BC9A32D8129043EEFFB941F90002BC9D721412D8538166FA43EEFFCD41F90002BCB1721812D8538166FA43EEFFE541F90002BCC9721A12D8538166FA43EEFFA741F90002BCE3720912D8538166FA43EEFFB041F90002BCEC720912D8538166FA70143D40FFA070144EB90000BEAE4EB900020BA8302EFFA04EB90000BEAE4EB900020BB47200122EFFB07000102EFFA74EB900020BF04EB90000BE6443EEFFA2700341EEFFA44EB9000006224EB90000BE647200122EFFB57000102EFFAC4EB900020BF04EB90000BE6443EEFFA270145E
S3FD00011E0841EEFFB94EB9000006224EB90000BE647200122EFFB67000102EFFAD4EB900020BF04EB90000BE6443EEFFA2701841EEFFCD4EB9000006224EB90000BE647200122EFFB77000102EFFAE4EB900020BF04EB90000BE6443EEFFA2701A41EEFFE54EB9000006224EB90000BE64720070284EB900020BF0720070134EB9000207EE4239200036B3700813C0200036B2700A4EB900016B4A700501F9200036454E5E4E754E5600004FEFFF8043EEFF8241F90002BCF532D8129043EEFF9F41F90002BCF8720D12D8538166FA43EEFFCB41F90002BD05721012D8538166FA43EEFFAC41F90002BD15720F12D8538166FA43EEFF9541F90002BD24B6
S3FD00011F00720A12D8538166FA43EEFFBB41F90002BD2E721012D8538166FA43EEFFDB41F90002BD3E721112D8538166FA43EEFFEC41F90002BD4F721312D8538166FA43EEFF8541F90002BD62720812D8538166FA43EEFF8D41F90002BD6A720812D8538166FA4EB900020BA87200122EFF8D7000102EFF854EB900020BF04EB90000BE6443EEFF80700341EEFF824EB9000006224EB90000BE647200122EFF8E7000102EFF864EB900020BF04EB90000BE6443EEFF80700D41EEFF9F4EB9000006224EB90000BE647200122EFF8F7000102EFF874EB900020BF04EB90000BE6443EEFF80701041EEFFCB4EB9000006224EB90000BE647200122EFF9074
S3FD00011FF87000102EFF884EB900020BF04EB90000BE6443EEFF80700F41EEFFAC4EB9000006224EB90000BE647200122EFF917000102EFF894EB900020BF04EB90000BE6443EEFF80700A41EEFF954EB9000006224EB90000BE647200122EFF927000102EFF8A4EB900020BF04EB90000BE6443EEFF80701041EEFFBB4EB9000006224EB90000BE647200122EFF937000102EFF8B4EB900020BF04EB90000BE6443EEFF80701141EEFFDB4EB9000006224EB90000BE647200122EFF947000102EFF8C4EB900020BF04EB90000BE6443EEFF80701341EEFFEC4EB9000006224EB90000BE644239200036B3700213C0200036B2700A4EB900016B4A70051D
S3FD000120F001F9200036454E5E4E754E560000518F2D48FFF8705A4EB90000C13E1D40FFFC1D40FFFD740014007205B4816324725874001400200274FCD0824EB90000C2EE701013C0200036B3700A13C0200036B26028725870014EB90000C2EE701013C0200036B3122EFFFD70014EB90001250C1D40FFFE13C0200036B24EB90000C1BA206EFFF84E9072001239200036B270001039200036B34EB900020BF0703E4EB9000005344E5E4E754E56000041F9000123BC4EB9000120FA4E5E4E754E5600004FEFFFD043EEFFE441F90002BD72721A12D8538166FA43EEFFD241F90002BD8C720912D8538166FA43EEFFDB41F90002BD95720912D853814A
S3FD000121E866FA720070294EB900020BF04EB90000BE6443EEFFD0701A41EEFFE44EB9000006224EB90000BE644E5E4E754E5600004FEFFFD043EEFFE441F90002BD9E721A12D8538166FA43EEFFD241F90002BDB8720912D8538166FA43EEFFDB41F90002BDC1720912D8538166FA720070294EB900020BF04EB90000BE6443EEFFD0701A41EEFFE44EB9000006224EB90000BE644E5E4E754E5600004FEFFFD043EEFFE441F90002BDCA721A12D8538166FA43EEFFD241F90002BDE4720912D8538166FA43EEFFDB41F90002BDED720912D8538166FA720070294EB900020BF04EB90000BE6443EEFFD0701A41EEFFE44EB9000006224EB90000BE6452
S3FD000122E04E5E4E754E56000041F9000123544EB90002071C700501F9200036454E5E4E754E56000041F90001227C4EB90002071C700501F9200036454E5E4E754E56000041F9000121AC4EB90002071C700501F9200036454E5E4E754E56000041F9000122144EB90002071C700501F9200036454E5E4E754E5600004FEFFFD043EEFFE441F90002BDF6721A12D8538166FA43EEFFD241F90002BE10720912D8538166FA43EEFFDB41F90002BE19720912D8538166FA720070294EB900020BF04EB90000BE6443EEFFD0701A41EEFFE44EB9000006224EB90000BE644E5E4E754E5600004FEFFFD043EEFFE441F90002BE22721A12D8538166FA43EE57
S3FD000123D8FFD241F90002BE3C720912D8538166FA43EEFFDB41F90002BE45720912D8538166FA720070294EB900020BF04EB90000BE6443EEFFD0701A41EEFFE44EB9000006224EB90000BE644E5E4E754E5600004FEFFFF41D40FFF4720012392000347B0C81000000BB671C0C81000000C367140C81000000C4670C0C81000000C56704600000AE7400142EFFF47221B481664470001039200036B30C80000000E366024AC8725D70004EB90000C2EE1D40FFFC1D40FFFE1239200036B24EB90000C7861D40FFFB220070214EB90000C8021D40FFFA605C0C82000000A1665470001039200036B30C80000000E366024AC8725D70004EB90000C2EE86
S3FD000124D01D40FFF91D40FFFE1239200036B24EB90000C7861D40FFF82200102EFFF44EB90000C8021D40FFFF1D40FFFD7200120066024AC8102EFFFD4E5E4E754E5600004FEFFFF41D40FFF41D41FFF543EEFFF841F90002BE4E720712D8538166FA7000102EFFF566024AC87200122EFFF57000102EFFF4928041EEFFF8103018004E5E4E754E5600004FEFFF7843EEFFDF41F90002BE55721E12D8538166FA43EEFFCE41F90002BE73721112D8538166FA43EEFFC041F90002BE84720E12D8538166FA43EEFFA441F90002BE92720E12D8538166FA43EEFF8841F90002BEA0720E12D8538166FA43EEFF9641F90002BEAE720E12D8538166FA43EE5C
S3FD000125C8FFB241F90002BEBC720E12D8538166FA43EEFF7A41F90002BECA720712D8538166FA43EEFF8141F90002BED1720712D8538166FA4EB900020BA87200122EFF817000102EFF7A4EB900020BF04EB90000BE6443EEFF78701E41EEFFDF4EB9000006224EB90000BE647200122EFF827000102EFF7B4EB900020BF04EB90000BE6443EEFF78701141EEFFCE4EB9000006224EB90000BE647200122EFF837000102EFF7C4EB900020BF04EB90000BE6443EEFF78700E41EEFFC04EB9000006224EB90000BE647200122EFF847000102EFF7D4EB900020BF04EB90000BE6443EEFF78700E41EEFFA44EB9000006224EB90000BE647200122EFF850D
S3FD000126C07000102EFF7E4EB900020BF04EB90000BE6443EEFF78700E41EEFF884EB9000006224EB90000BE647200122EFF867000102EFF7F4EB900020BF04EB90000BE6443EEFF78700E41EEFF964EB9000006224EB90000BE647200122EFF877000102EFF804EB900020BF04EB90000BE6443EEFF78700E41EEFFB24EB9000006224EB90000BE644239200036B3700413C0200036B24EB9000169AE700A4EB900016B4A4E5E4E754E5600004FEFFFCC43EEFFE041F90002BED8721E12D8538166FA43EEFFD241F90002BEF6720E12D8538166FA41F90002BF043D50FFCE41F90002BF063D50FFCC4EB900020BA84EB90002808A7200122EFFCC7000FA
S3FD000127B8102EFFCE4EB900020BF04EB90000BE6443EEFFD0701E41EEFFE04EB9000006224EB90000BE647200122EFFCD7000102EFFCF4EB900020BF04EB90000BE6443EEFFD0700E41EEFFD24EB9000006224EB90000BE644239200036B34239200036B241F9200057AC23C8200057A82079200057A842102039200057A8528020404210720C2039200057A8D081224041F9200057C02010222800042280234100042039200057A858802040700A1080700501F9200036454E5E4E754E560000598F7204303C00B34EB900020BF070001039200042E952801D40FFFC13C0200042E9720012007009B28063064239200042E970001039200042E972303B
S3FD000128B0D0814EB90000053470D24EB900023DDE4E5E4E754E5600004FEFFFB043EEFFB241F90002BF0832D8129043EEFFB541F90002BF0B720612D8538166FA43EEFFEA41F90002BF11721312D8538166FA43EEFFDB41F90002BF24720F12D8538166FA43EEFFC341F90002BF33720812D8538166FA43EEFFCB41F90002BF3B720812D8538166FA43EEFFBB41F90002BF43720812D8538166FA43EEFFD341F90002BF4B720812D8538166FA4EB900020BA87200122EFFD37000102EFFBB4EB900020BF04EB90000BE6443EEFFB0700341EEFFB24EB9000006224EB90000BE647200122EFFD47000102EFFBC4EB900020BF04EB90000BE6443EEFFB00F
S3FD000129A8701341EEFFEA4EB9000006224EB90000BE647200122EFFD57000102EFFBD4EB900020BF04EB90000BE6443EEFFB0700F41EEFFDB4EB9000006224EB90000BE647200122EFFD67000102EFFBE4EB900020BF04EB90000BE6443EEFFB0700841EEFFC34EB9000006224EB90000BE647200122EFFD77000102EFFBF4EB900020BF04EB90000BE6443EEFFB0700841EEFFCB4EB9000006224EB90000BE647200122EFFD87000102EFFC04EB900020BF04EB90000BE6443EEFFB0700641EEFFB54EB9000006224EB90000BE647200122EFFD4303C00B94EB900020BF04EB90000BE6470304EB9000005347200122EFFD5303C00B94EB900020BF0BC
S3FD00012AA04EB90000BE6470304EB9000005347200122EFFD6303C00B94EB900020BF04EB90000BE6470304EB9000005347200122EFFD7303C00B94EB900020BF04EB90000BE6470304EB90000053470E313C0200036B34239200036B2700113C020005208700A4EB900016B4A700501F9200036454E5E4E754E5600004FEFFF5043EEFF5241F90002BF5332D8129043EEFF5541F90002BF56720612D8538166FA43EEFF7C41F90002BF5C721312D8538166FA43EEFF6D41F90002BF6F720F12D8538166FA43EEFFD141F90002BF7E721612D8538166FA43EEFF8F41F90002BF94721612D8538166FA43EEFFA541F90002BFAA721612D8538166FA43EED1
S3FD00012B98FFBB41F90002BFC0721612D8538166FA43EEFFE741F90002BFD6721612D8538166FA43EEFF5B41F90002BFEC720912D8538166FA43EEFF6441F90002BFF5720912D8538166FA4EB900020BA87200122EFF647000102EFF5B4EB900020BF04EB90000BE6443EEFF50700341EEFF524EB9000006224EB90000BE647200122EFF657000102EFF5C4EB900020BF04EB90000BE6443EEFF50700641EEFF554EB9000006224EB90000BE647200122EFF667000102EFF5D4EB900020BF04EB90000BE6443EEFF50701341EEFF7C4EB9000006224EB90000BE647200122EFF677000102EFF5E4EB900020BF04EB90000BE6443EEFF50700F41EEFF6D42
S3FD00012C904EB9000006224EB90000BE647200122EFF687000102EFF5F4EB900020BF04EB90000BE6443EEFF50701641EEFFD14EB9000006224EB90000BE647200122EFF697000102EFF604EB900020BF04EB90000BE6443EEFF50701641EEFF8F4EB9000006224EB90000BE647200122EFF6A7000102EFF614EB900020BF04EB90000BE6443EEFF50701641EEFFA54EB9000006224EB90000BE647200122EFF6B7000102EFF624EB900020BF04EB90000BE6443EEFF50701641EEFFBB4EB9000006224EB90000BE647200122EFF6C7000102EFF634EB900020BF04EB90000BE6443EEFF50701641EEFFE74EB9000006224EB90000BE6470E313C0200096
S3FD00012D8836B34239200036B2700113C020005208700A4EB900016B4A700501F9200036454E5E4E754E5600004E5E4E754E5600004FEFFFAC43EEFFB141F90002BFFE32D8129043EEFFC441F90002C001721412D8538166FA43EEFFAE41F90002C01532D8129043EEFFD841F90002C018721412D8538166FA43EEFFEC41F90002C02C721412D8538166FA43EEFFB441F90002C040720812D8538166FA43EEFFBC41F90002C048720812D8538166FA4EB900020BA87200122EFFBC7000102EFFB44EB900020BF04EB90000BE6443EEFFAC700341EEFFB14EB9000006224EB90000BE647200122EFFBD7000102EFFB54EB900020BF04EB90000BE6443EE89
S3FD00012E80FFAC701441EEFFC44EB9000006224EB90000BE647200122EFFBE7000102EFFB64EB900020BF04EB90000BE6443EEFFAC700341EEFFAE4EB9000006224EB90000BE647200122EFFBF7000102EFFB74EB900020BF04EB90000BE6443EEFFAC701441EEFFD84EB9000006224EB90000BE647200122EFFC07000102EFFB84EB900020BF04EB90000BE6443EEFFAC701441EEFFEC4EB9000006224EB90000BE647202303C00984EB900020BF04EB90000BE6470304EB9000005347204303C00984EB900020BF04EB90000BE6470304EB9000005347208303C00984EB900020BF04EB90000BE6470304EB900000534720C303C00984EB900020BF0A7
S3FD00012F784EB90000BE6470304EB90000053470E313C0200036B3700213C0200036B2700A4EB900016B4A700501F9200036454E5E4E754E5600004FEFFF2043EEFFDF41F90002C050722112D8538166FA43EEFFC241F90002C071721D12D8538166FA43EEFF7A41F90002C08E721812D8538166FA43EEFF9241F90002C0A6721812D8538166FA43EEFF6241F90002C0BE721812D8538166FA43EEFF3241F90002C0D6721812D8538166FA43EEFF4A41F90002C0EE721812D8538166FA43EEFFAA41F90002C106721812D8538166FA43EEFF2241F90002C11E720812D8538166FA43EEFF2A41F90002C126720812D8538166FA4EB900020BA87200122E3B
S3FD00013070FF2A7000102EFF224EB900020BF04EB90000BE6443EEFF20702141EEFFDF4EB9000006224EB90000BE647200122EFF2B7000102EFF234EB900020BF04EB90000BE6443EEFF20701D41EEFFC24EB9000006224EB90000BE647200122EFF2C7000102EFF244EB900020BF04EB90000BE6443EEFF20701841EEFF7A4EB9000006224EB90000BE641039200042F84EB9000005347200122EFF2D7000102EFF254EB900020BF04EB90000BE6443EEFF20701841EEFF924EB9000006224EB90000BE641039200042F94EB9000005347200122EFF2E7000102EFF264EB900020BF04EB90000BE6443EEFF20701841EEFF624EB9000006224EB9000034
S3FD00013168BE641039200042FA4EB9000005347200122EFF2F7000102EFF274EB900020BF04EB90000BE6443EEFF20701841EEFF324EB9000006224EB90000BE641039200042FB4EB9000005347200122EFF307000102EFF284EB900020BF04EB90000BE6443EEFF20701841EEFF4A4EB9000006224EB90000BE641039200042FC4EB9000005347200122EFF317000102EFF294EB900020BF04EB90000BE6443EEFF20701841EEFFAA4EB9000006224EB90000BE641039200042FD4EB9000005344239200036B3700413C0200036B2700A4EB900016B4A700501F9200036454E5E4E754E5600004FEFFF6443EEFFE041F90002C12E721E12D8538166FA12
S3FD0001326043EEFFCA41F90002C14C721612D8538166FA43EEFFB541F90002C162721512D8538166FA43EEFFA341F90002C177721212D8538166FA43EEFF7641F90002C189720F12D8538166FA43EEFF8541F90002C198720F12D8538166FA43EEFF9441F90002C1A7720F12D8538166FA43EEFF6641F90002C1B6720812D8538166FA43EEFF6E41F90002C1BE720812D8538166FA4EB900020BA87200122EFF6E7000102EFF664EB900020BF04EB90000BE6443EEFF64701E41EEFFE04EB9000006224EB90000BE647200122EFF6F7000102EFF674EB900020BF04EB90000BE6443EEFF64701E41EEFFCA4EB9000006224EB90000BE647200122EFF7090
S3FD000133587000102EFF684EB900020BF04EB90000BE6443EEFF64701E41EEFFB54EB9000006224EB90000BE647200122EFF717000102EFF694EB900020BF04EB90000BE6443EEFF64701E41EEFFA34EB9000006224EB90000BE647200122EFF727000102EFF6A4EB900020BF04EB90000BE6443EEFF64700F41EEFF764EB9000006224EB90000BE647200122EFF737000102EFF6B4EB900020BF04EB90000BE6443EEFF64700F41EEFF854EB9000006224EB90000BE647200122EFF747000102EFF6C4EB900020BF04EB90000BE6443EEFF64700F41EEFF944EB9000006224EB90000BE644239200036B370E313C0200036B2700A4EB900016B4A700534
S3FD0001345001F9200036454E5E4E754E5600004FEFFFEC43EEFFEE41F90002C1C6720912D8538166FA43EEFFF741F90002C1CF720912D8538166FA4EB900020BA8720E303C00C04EB900020BF04EB90000BE6472001239200042E47030B280661A703113C0200042E443EEFFEC700941EEFFF74EB9000006226018703013C0200042E443EEFFEC700941EEFFEE4EB9000006224EB90000BE644239200036B3700E13C0200036B2700A4EB900016B4A700501F9200036454E5E4E754E5600004FEFFF8C43EEFFE141F90002C1D8721F12D8538166FA43EEFFAE41F90002C1F7720912D8538166FA43EEFF9E41F90002C200720812D8538166FA43EEFFD67B
S3FD0001354841F90002C208720B12D8538166FA43EEFFCB41F90002C213720B12D8538166FA43EEFFB741F90002C21E720A12D8538166FA43EEFFC141F90002C228720A12D8538166FA43EEFF9641F90002C232720812D8538166FA43EEFFA641F90002C23A720812D8538166FA43EEFF8E41F90002C242720812D8538166FA4EB900020BA87200122EFF8E7000102EFFA64EB900020BF04EB90000BE6443EEFF8C701F41EEFFE14EB9000006224EB90000BE647200122EFF8F7000102EFFA74EB900020BF04EB90000BE6443EEFF8C700941EEFFAE4EB9000006224EB90000BE647200122EFF907000102EFFA84EB900020BF04EB90000BE6443EEFF8C4E
S3FD00013640700841EEFF9E4EB9000006224EB90000BE647200122EFF917000102EFFA94EB900020BF04EB90000BE6443EEFF8C700B41EEFFD64EB9000006224EB90000BE647200122EFF927000102EFFAA4EB900020BF04EB90000BE6443EEFF8C700B41EEFFCB4EB9000006224EB90000BE647200122EFF937000102EFFAB4EB900020BF04EB90000BE6443EEFF8C700A41EEFFB74EB9000006224EB90000BE647200122EFF947000102EFFAC4EB900020BF04EB90000BE6443EEFF8C700A41EEFFC14EB9000006224EB90000BE647200122EFF957000102EFFAD4EB900020BF04EB90000BE6443EEFF8C700841EEFF964EB9000006224EB90000BE64A7
S3FD000137384239200036B370E313C0200036B2700A4EB900016B4A700501F9200036454E5E4E754E5600004FEFFFAC43EEFFE041F90002C24A722012D8538166FA43EEFFAE41F90002C26A720612D8538166FA43EEFFC941F90002C270720712D8538166FA43EEFFB441F90002C277720712D8538166FA43EEFFBB41F90002C27E720712D8538166FA43EEFFC241F90002C285720712D8538166FA700841EEFFD04EB900028CEC43EEFFD841F90002C28C720812D8538166FA4EB900020BA87200122EFFD87000102EFFD04EB900020BF04EB90000BE6443EEFFAC702041EEFFE04EB9000006224EB90000BE647200122EFFD97000102EFFD14EB90002D4
S3FD000138300BF04EB90000BE6443EEFFAC700641EEFFAE4EB9000006224EB90000BE647200122EFFDA7000102EFFD24EB900020BF04EB90000BE6443EEFFAC700741EEFFC94EB90000062270014EB90001FE927200122EFFDB7000102EFFD34EB900020BF04EB90000BE6443EEFFAC700741EEFFB44EB90000062270024EB90001FE927200122EFFDC7000102EFFD44EB900020BF04EB90000BE6443EEFFAC700741EEFFBB4EB90000062270034EB90001FE927200122EFFDD7000102EFFD54EB900020BF04EB90000BE6443EEFFAC700741EEFFC24EB90000062270044EB90001FE92700813C0200036B3700613C0200036B2700A4EB900016B4A7005D2
S3FD0001392801F9200036454E5E4E754E5600004FEFFFC443EEFFC641F90002C29432D8129043EEFFD141F90002C297720512D8538166FA41F90002C29C2D50FFCD41F90002C2A02D50FFC943EEFFD641F90002C2A4720612D8538166FA43EEFFE441F90002C2AA720812D8538166FA43EEFFF441F90002C2B2720912D8538166FA43EEFFDC41F90002C2BB720812D8538166FA43EEFFEC41F90002C2C3720812D8538166FA4EB900020BA87200122EFFEC7000102EFFDC4EB900020BF04EB90000BE6443EEFFC4700341EEFFC64EB9000006224EB90000BE647200122EFFED7000102EFFDD4EB900020BF04EB90000BE6443EEFFC4700541EEFFD14EB97B
S3FD00013A20000006224EB90000BE647200122EFFEE7000102EFFDE4EB900020BF04EB90000BE6443EEFFC4700441EEFFCD4EB9000006224EB90000BE647200122EFFEF7000102EFFDF4EB900020BF04EB90000BE6443EEFFC4700441EEFFC94EB9000006224EB90000BE647200122EFFF07000102EFFE04EB900020BF04EB90000BE6443EEFFC4700641EEFFD64EB9000006224EB90000BE647200122EFFF17000102EFFE14EB900020BF04EB90000BE6443EEFFC4700841EEFFE44EB9000006224EB90000BE647200122EFFF27000102EFFE24EB900020BF04EB90000BE6443EEFFC4700941EEFFF44EB9000006224EB90000BE644EB9000227B24EB9B1
S3FD00013B1800013B4670414EB90002274E4239200036B3700213C0200036B2700A4EB900016B4A700501F9200036454E5E4E754E56000070B34EB90001FFE070B14EB90001FFE070B44EB90001FFE070B04EB90001FFE070B24EB90001FFE070B64EB90001FFE04E5E4E754E56000072001239200042DE7031B280660A703013C0200042DE6008703113C0200042DE4E5E4E754E560000720E303C00A04EB900020BF01039200042DE4EB9000005344E5E4E754E560000720C303C00A04EB900020BF01039200042DD4EB9000005344E5E4E754E56000072001239200042DD7031B280660A703013C0200042DD6008703113C0200042DD4E5E4E754E5675
S3FD00013C1000004FEFFFD043EEFFD541F90002C2CB32D8129043EEFFEC41F90002C2CE721312D8538166FA43EEFFDB41F90002C2E1721112D8538166FA43EEFFD241F90002C2F232D8129043EEFFD841F90002C2F532D812904EB900020BA87200122EFFD87000102EFFD24EB900020BF04EB90000BE6443EEFFD0700341EEFFD54EB9000006224EB90000BE647200122EFFD97000102EFFD34EB900020BF04EB90000BE6443EEFFD0701341EEFFEC4EB9000006224EB90000BE647200122EFFDA7000102EFFD44EB900020BF04EB90000BE6443EEFFD0701141EEFFDB4EB90000062270904EB9000205A470914EB9000205A44239200036B3700213C0C8
S3FD00013D08200036B2700A4EB900016B4A700501F9200036454E5E4E754E5600004FEFFFDC43EEFFDE41F90002C2F8722012D8538166FA4EB900020BA8720070004EB900020BF04EB90000BE6443EEFFDC702041EEFFDE4EB9000006224EB90000BE644EB900013D8C4239200036B34239200036B2700A4EB900016B4A700501F9200036454E5E4E754E5600004FEFFFB843EEFFBA41F90002C318720A12D8538166FA43EEFFE241F90002C322720F12D8538166FA43EEFFF141F90002C331720F12D8538166FA43EEFFC441F90002C340720A12D8538166FA43EEFFD841F90002C34A720A12D8538166FA43EEFFCE41F90002C354720A12D8538166FAA7
S3FD00013E00720270104EB900020BF070001039200042D90C800000009B6E0000940C80000000966D00008A048000000096303B0A0848C04EFB0A000007001000190022002B003443EEFFB8700A41EEFFBA4EB900000622607243EEFFB8700F41EEFFE24EB900000622606043EEFFB8700F41EEFFF14EB900000622604E43EEFFB8700A41EEFFC44EB900000622603C43EEFFB8700A41EEFFD84EB900000622602A43EEFFB8700A41EEFFCE4EB9000006226018709613C0200042D943EEFFB8700A41EEFFBA4EB9000006224EB90000BE64700501F9200036454E5E4E754E560000700010392000347B0C80000000D9667870001039200042D90C8000007B
S3FD00013EF8009B6E600C80000000966D58048000000096303B0A0848C04EFB0A000007000C00110016001B0020709713C0200042D9603A709813C0200042D96030709913C0200042D96026709A13C0200042D9601C709B13C0200042D96012709613C0200042D96008709613C0200042D94E5E4E754E5600004FEFFFE043EEFFE441F90002C35E32D8129043EEFFEF41F90002C361720512D8538166FA43EEFFF941F90002C366720612D8538166FA43EEFFF441F90002C36C720512D8538166FA41F90002C3712D50FFEB41F90002C3752D50FFE74EB900020BA87200122EFFE77000102EFFEB4EB900020BF04EB90000BE6443EEFFE2700341EEFFE46C
S3FD00013FF04EB9000006224EB90000BE647200122EFFE87000102EFFEC4EB900020BF04EB90000BE6443EEFFE2700541EEFFEF4EB9000006224EB90000BE647200122EFFE97000102EFFED4EB900020BF04EB90000BE6443EEFFE2700641EEFFF94EB9000006224EB90000BE647200122EFFEA7000102EFFEE4EB900020BF04EB90000BE6443EEFFE2700541EEFFF44EB9000006224EB90000BE644239200036B34EB9000140B01D40FFE013C0200036B2700A4EB900016B4A700501F9200036454E5E4E754E560000598F72001239200042D47041B280670E7042B280672C704DB28067146036720270004EB900020BF070021D40FFFC60367204700094
S3FD000140E84EB900020BF070041D40FFFC6024720670004EB900020BF070061D40FFFC6012704D13C0200042D4720470004EB900020BF0703E4EB9000005344EB900014130102EFFFC4E5E4E754E5600004FEFFFEC43EEFFEE41F90002C379720912D8538166FA43EEFFF741F90002C382720912D8538166FA720270484EB900020BF04EB90000BE6443EEFFEC700941EEFFF74EB9000006224EB90000BE64720470484EB900020BF04EB90000BE6443EEFFEC700941EEFFF74EB9000006224EB90000BE64720670484EB900020BF04EB90000BE6443EEFFEC700941EEFFF74EB9000006224EB90000BE6472001239200042D47041B280670E7042B280E7
S3FD000141E06720704DB280670E6024720270484EB900020BF0602A720470484EB900020BF0601E720670484EB900020BF06012704D13C0200042D4720470484EB900020BF043EEFFEC700941EEFFEE4EB9000006224EB90000BE644E5E4E754E560000700010392000347B0C80000000DD664272001239200042D47041B280670E7042B280671C704DB280670C601E704213C0200042D4601C704113C0200042D46012704D13C0200042D46008704D13C0200042D44E5E4E754E5600004FEFFFEC43EEFFF941F90002C38B720612D8538166FA43EEFFF341F90002C391720612D8538166FA43EEFFEE41F90002C397720512D8538166FA700010392000DB
S3FD000142D8347B0C80000000DD6672720C303C00884EB900020BF072001239200042D47041B280670E7042B280672C704DB2806714603643EEFFEC700641EEFFF94EB900000622603243EEFFEC700641EEFFF34EB900000622602043EEFFEC700541EEFFEE4EB900000622600E704D13C0200042D44EB9000142944EB90000BE64700501F9200036454E5E4E754E5600004FEFFF8443EEFF8641F90002C39C32D8129043EEFFB341F90002C39F720F12D8538166FA43EEFFC241F90002C3AE721012D8538166FA43EEFFE841F90002C3BE721812D8538166FA43EEFFD241F90002C3D6721612D8538166FA43EEFF9741F90002C3EC720E12D8538166FA48
S3FD000143D043EEFFA541F90002C3FA720E12D8538166FA43EEFF8941F90002C408720712D8538166FA43EEFF9041F90002C40F720712D8538166FA4EB900020BA87200122EFF907000102EFF894EB900020BF04EB90000BE6443EEFF84700341EEFF864EB9000006224EB90000BE647200122EFF917000102EFF8A4EB900020BF04EB90000BE6443EEFF84700F41EEFFB34EB9000006224EB90000BE647200122EFF927000102EFF8B4EB900020BF04EB90000BE6443EEFF84701041EEFFC24EB9000006224EB90000BE647200122EFF937000102EFF8C4EB900020BF04EB90000BE6443EEFF84701841EEFFE84EB9000006224EB90000BE647200122EF5
S3FD000144C8FF947000102EFF8D4EB900020BF04EB90000BE6443EEFF84701641EEFFD24EB9000006224EB90000BE647200122EFF957000102EFF8E4EB900020BF04EB90000BE6443EEFF84700E41EEFF974EB9000006224EB90000BE647200122EFF967000102EFF8F4EB900020BF04EB90000BE6443EEFF84700E41EEFFA54EB9000006224EB90000BE644239200036B3700213C0200036B2700A4EB900016B4A700501F9200036454E5E4E754E560000598F422EFFFC723F70004EB90002649470E313C0200036B34239200036B2700A4EB900016B4A4E5E4E754E5600004FEFFF9C43EEFF9E41F90002C41632D8129043EEFFE441F90002C419720EB3
S3FD000145C012D8538166FA43EEFFAF41F90002C427720B12D8538166FA43EEFFBA41F90002C432720E12D8538166FA43EEFFC841F90002C440720E12D8538166FA43EEFFD641F90002C44E720E12D8538166FA43EEFFF241F90002C45C720E12D8538166FA43EEFFA141F90002C46A720712D8538166FA43EEFFA841F90002C471720712D8538166FA4EB900020BA87200122EFFA87000102EFFA14EB900020BF04EB90000BE6443EEFF9C700341EEFF9E4EB9000006224EB90000BE647200122EFFA97000102EFFA24EB900020BF04EB90000BE6443EEFF9C700E41EEFFE44EB9000006224EB90000BE647200122EFFAA7000102EFFA34EB900020BF0C1
S3FD000146B84EB90000BE6443EEFF9C700B41EEFFAF4EB9000006224EB90000BE647200122EFFAB7000102EFFA44EB900020BF04EB90000BE6443EEFF9C700E41EEFFBA4EB9000006224EB90000BE647200122EFFAC7000102EFFA54EB900020BF04EB90000BE6443EEFF9C700E41EEFFC84EB9000006224EB90000BE647200122EFFAD7000102EFFA64EB900020BF04EB90000BE6443EEFF9C700E41EEFFD64EB9000006224EB90000BE647200122EFFAE7000102EFFA74EB900020BF04EB90000BE6443EEFF9C700E41EEFFF24EB9000006224EB90000BE644239200036B3700213C0200036B2700A4EB900016B4A700501F9200036454E5E4E754E563B
S3FD000147B000004FEFFF9043EEFF9241F90002C47832D8129043EEFFEB41F90002C47B721312D8538166FA43EEFFB541F90002C48E721212D8538166FA43EEFFA341F90002C4A0721212D8538166FA43EEFFC741F90002C4B2721212D8538166FA43EEFFD941F90002C4C4721212D8538166FA43EEFF9541F90002C4D6720712D8538166FA43EEFF9C41F90002C4DD720712D8538166FA4EB900020BA87200122EFF9C7000102EFF954EB900020BF04EB90000BE6443EEFF90700341EEFF924EB9000006224EB90000BE647200122EFF9D7000102EFF964EB900020BF04EB90000BE6443EEFF90701341EEFFEB4EB9000006224EB90000BE647200122EE1
S3FD000148A8FF9E7000102EFF974EB900020BF04EB90000BE6443EEFF90701241EEFFB54EB9000006224EB90000BE647200122EFF9F7000102EFF984EB900020BF04EB90000BE6443EEFF90701241EEFFA34EB9000006224EB90000BE647200122EFFA07000102EFF994EB900020BF04EB90000BE6443EEFF90701241EEFFC74EB9000006224EB90000BE647200122EFFA17000102EFF9A4EB900020BF04EB90000BE6443EEFF90701241EEFFD94EB9000006224EB90000BE644239200036B3700213C0200036B2700A4EB900016B4A700501F9200036454E5E4E754E5600004FEFFF7843EEFF7A41F90002C4E432D8129043EEFFD541F90002C4E7720E1F
S3FD000149A012D8538166FA43EEFFC741F90002C4F5720E12D8538166FA43EEFFB941F90002C503720E12D8538166FA43EEFFE341F90002C511720E12D8538166FA43EEFF9D41F90002C51F720E12D8538166FA43EEFF8F41F90002C52D720E12D8538166FA43EEFFAB41F90002C53B720E12D8538166FA43EEFFF141F90002C549720E12D8538166FA43EEFF7D41F90002C557720912D8538166FA43EEFF8641F90002C560720912D8538166FA4EB900020BA87200122EFF867000102EFF7D4EB900020BF04EB90000BE6443EEFF78700341EEFF7A4EB9000006224EB90000BE647200122EFF877000102EFF7E4EB900020BF04EB90000BE6443EEFF7863
S3FD00014A98700E41EEFFD54EB9000006224EB90000BE647200122EFF887000102EFF7F4EB900020BF04EB90000BE6443EEFF78700E41EEFFC74EB9000006224EB90000BE647200122EFF897000102EFF804EB900020BF04EB90000BE6443EEFF78700E41EEFFB94EB9000006224EB90000BE647200122EFF8A7000102EFF814EB900020BF04EB90000BE6443EEFF78700E41EEFFE34EB9000006224EB90000BE647200122EFF8B7000102EFF824EB900020BF04EB90000BE6443EEFF78700E41EEFF9D4EB9000006224EB90000BE647200122EFF8C7000102EFF834EB900020BF04EB90000BE6443EEFF78700E41EEFF8F4EB9000006224EB90000BE646D
S3FD00014B907200122EFF8D7000102EFF844EB900020BF04EB90000BE6443EEFF78700E41EEFFAB4EB9000006224EB90000BE647200122EFF8E7000102EFF854EB900020BF04EB90000BE6443EEFF78700E41EEFFF14EB9000006224EB90000BE644239200036B3700213C0200036B270AA13C0200036AE700A4EB900016B4A700501F9200036454E5E4E754E5600004EB900014C3A70E313C0200036B34239200036B2700A4EB900016B4A4E5E4E754E56000072001239200042ED7056B2806608708913C0200042ED700A4EB900016B4A4E5E4E754E56000070014EB90000AF5E4E5E4E754E5600004FEFFFA843EEFFAA41F90002C56932D8129043EEE3
S3FD00014C88FFEF41F90002C56C720E12D8538166FA43EEFFCD41F90002C57A720912D8538166FA43EEFFAD41F90002C583720712D8538166FA43EEFFE141F90002C58A720E12D8538166FA43EEFFC441F90002C598720912D8538166FA43EEFFD641F90002C5A1720B12D8538166FA43EEFFB441F90002C5AC720812D8538166FA43EEFFBC41F90002C5B4720812D8538166FA4EB900020BA87200122EFFBC7000102EFFB44EB900020BF04EB90000BE6443EEFFA8700341EEFFAA4EB9000006224EB90000BE647200122EFFBE7000102EFFB64EB900020BF04EB90000BE6443EEFFA8700E41EEFFEF4EB9000006224EB90000BE647200122EFFBF70004A
S3FD00014D80102EFFB74EB900020BF04EB90000BE6443EEFFA8700941EEFFCD4EB9000006224EB90000BE647200122EFFC07000102EFFB84EB900020BF04EB90000BE6443EEFFA8700741EEFFAD4EB9000006224EB90000BE647200122EFFC17000102EFFB94EB900020BF04EB90000BE6443EEFFA8700E41EEFFE14EB9000006224EB90000BE647200122EFFC27000102EFFBA4EB900020BF04EB90000BE6443EEFFA8700941EEFFC44EB9000006224EB90000BE647200122EFFC37000102EFFBB4EB900020BF04EB90000BE6443EEFFA8700B41EEFFD64EB9000006224EB90000BE64740041F9200052487204303C00884EB90001F8C67206303C0088CA
S3FD00014E784EB90001FDC64EB90002808A4239200036B3700413C0200036B2700A4EB900016B4A41F9200057AC23C8200057A02079200057A042102039200057A05280204042102039200057A05480204042102039200057A05680204042102039200057A0588020404210700501F9200036454E5E4E754E5600004239200036B24EB900020BA8704113C020005AB94EB90002863C4E5E4E754E5600004FEFFFE82D48FFE81D40FFEC1D41FFED41EEFFF82D48FFF47200122EFFED7000102EFFEC4EB900020BF04EB90000BE64226EFFE8206EFFF44EB900014F6843EEFFF07006206EFFF44EB9000006224EB90000BE644E5E4E754E5600002F074FEF73
S3FD00014F70FFE42D48FFE02D49FFE443EEFFF441F90002C5BC22D82290206EFFE44A506636422EFFEA6016206EFFE07200122EFFEA70201180180052811D41FFEA7200122EFFEA7004B28065DE206EFFE0703011400005600001544A506E0A4A506B00008E60000146226EFFE0702012804EB9000151DA1D40FFE9206EFFE011400001422EFFEA303C03E83D40FFEC6050322EFFEC226EFFE441EEFFF47E001E2EFFEA30307A00242EFFE05482D48720424EB900015122322EFFEC48C17001B2806D0000EA7000102EFFEA52801D40FFEA322EFFEC48C1700A4C4018013D41FFEC7200122EFFEA7004B28065A4600000BE226EFFE0722D1281301048C006
S3FD000150680C80FFFF800066241281703313400001703213400002703713400003703613400004703813400005600000862D48FFF070FFC1D030804EB9000151DA1D40FFE8206EFFE011400001422EFFEA303C03E83D40FFEC604E322EFFEC226EFFE441EEFFF47E001E2EFFEA30307A00242EFFE05482D48720424EB900015122322EFFEC48C17001B2806D287000102EFFEA52801D40FFEA322EFFEC48C1700A4C4018013D41FFEC7200122EFFEA7004B28065A64FEF001C2E1F4E5E4E754E5600004FEFFFDC2D48FFDC3D40FFE02D49FFE43D41FFE8422EFFEC426EFFEE43EEFFF441F90002C5C4720B12D8538166FA206EFFE4321048C1302EFFE083
S3FD0001516048C0B2806C2260627400342EFFEE322EFFE870003001D4803D42FFEE7000102EFFEC52801D40FFEC322EFFE048C17000302EFFEED280206EFFE4301048C0B2806DC62D48FFF0321048C1302EFFEE48C092803081226EFFDC41EEFFF47000102EFFEC103008001280600C426EFFEE206EFFDC703010804E5E4E754E5600004FEFFFF02D48FFF0301048C00C8000004E1F6F34301048C00C800000752F6F142D48FFF8301048C00480000075303080703360362D48FFF4301048C0048000004E20308070326022301048C00C800000270F6E04703060122D48FFFC301048C0048000002710308070314E5E4E754E560000518F3D40FFF83D41D8
S3FD00015258FFFA2D48FFFC4EB900020BF0206EFFFC700010107230D0814EB900000534206EFFFC7000102800017230D0814EB900000534206EFFFC7000102800027230D0814EB900000534206EFFFC7000102800037230D0814EB900000534206EFFFC7000102800047230D0814EB9000005344E5E4E754E5600004FEFFFE03D40FFE03D41FFE22D48FFE41D42FFE843EEFFF82D49FFF07200122EFFE87040B280661470003010660630BC7D0060082D48FFF4538030807000102EFFE80C8000000080661C206EFFE4700030100C8000007CFF6304425060082D48FFEC52803080206EFFE43010206EFFF04EB900003A7A206EFFF0322EFFE2302EFFE0AF
S3FD000153504EB90001535A4E5E4E754E560000518F3D40FFF83D41FFFA2D48FFFC4EB900020BF0206EFFFC700010107230D0814EB900000534206EFFFC7000102800017230D0814EB900000534206EFFFC7000102800027230D0814EB900000534206EFFFC7000102800037230D0814EB900000534206EFFFC7000102800047230D0814EB9000005344E5E4E754E560000518F1D40FFF82D48FFFC72001200303C00884EB900020BF04EB90000BE6470314EB900000534206EFFFC708F4E90707013C0200036AF4E5E4E754E5600004FEFFFCC43EEFFEC41F90002C5CF721312D8538166FA43EEFFE041F90002C5E2720C12D8538166FA43EEFFD941F999
S3FD000154480002C5EE720712D8538166FA43EEFFCE41F90002C5F532D8129041F90002C5F82D50FFD141F90002C5FC2D50FFD54EB900020BA87200122EFFD57000102EFFD14EB900020BF04EB90000BE6443EEFFCC701341EEFFEC4EB9000006224EB90000BE647200122EFFD67000102EFFD24EB900020BF04EB90000BE6443EEFFCC700C41EEFFE04EB9000006224EB90000BE647200122EFFD77000102EFFD34EB900020BF04EB90000BE6443EEFFCC700741EEFFD94EB9000006224EB90000BE647200122EFFD87000102EFFD44EB900020BF04EB90000BE6443EEFFCC700341EEFFCE4EB9000006224EB90000BE644239200036B34239200036B2EE
S3FD00015540700A4EB900016B4A700501F9200036454E5E4E754E5600004FEFFF1441F90002C6002D50FF1E43EEFF3641F90002C604721312D8538166FA43EEFF4941F90002C617721A12D8538166FA43EEFFA041F90002C631721F12D8538166FA43EEFFBF41F90002C650721F12D8538166FA43EEFF6341F90002C66F721E12D8538166FA43EEFFDE41F90002C68D721F12D8538166FA43EEFF8141F90002C6AC721F12D8538166FA43EEFF2841F90002C6CB720712D8538166FA43EEFF2F41F90002C6D2720712D8538166FA41F9200057AC23C8200057944EB900020BA8720070004EB900020BF04EB90000BE64700010392000347E0C80000000BCBB
S3FD0001563867160C80000000C8670001420C80000000E067686000019843EEFF1A701341EEFF364EB9000006224EB90000BE64422EFF1660167000102EFF1641F92000368D4230080052801D40FF167200122EFF167013B28065DE207920005794701510802039200057945280204042102039200057945880204042106000013A43EEFF1A701341EEFF364EB9000006224EB90000BE64720270004EB900020BF041F9200042B52D48FF24701441F9200042B44EB9000049E83D40FF1C3D40FF1843EEFF1A206EFF244EB900000622422EFF1670011D40FF14602C7400142EFF1643F92000368D7200122EFF1441F9200042B41030180013802800528225
S3FD000157301D42FF1652811D41FF147200122EFF147013B28065C82079200057947015108041F92000368D2D48FF247013206EFF244EB9000048241D40FF15223920005794528120411080203920005794588020404210606843EEFF1A701A41EEFF494EB9000006224EB90000BE64422EFF1660167000102EFF1641F92000368D4230080052801D40FF167200122EFF167013B28065DE2079200057947015108020392000579452802040421020392000579458802040421060064E714AC84E717200122EFF2F7000102EFF284EB900020BF04EB90000BE6443EEFF1A700441EEFF1E4EB9000006224EB90000BE644EB900015866700813C0200036B3D7
S3FD00015828700613C0200036B2720670084EB900020BF0703E4EB900000534700501F9200036454E5E4E754E56000070BD13C02000347B70E013C02000347A4E5E4E754E5600004FEFFF5443EEFFA141F90002C6D9721F12D8538166FA43EEFF8241F90002C6F8721F12D8538166FA43EEFF6441F90002C717721E12D8538166FA43EEFFDF41F90002C735721F12D8538166FA43EEFFC041F90002C754721F12D8538166FA43EEFF5D41F90002C773720712D8538166FA43EEFF5641F90002C77A720712D8538166FA7200122EFF587000102EFF5F4EB900020BF04EB90000BE6443EEFF54701F41EEFFA14EB9000006224EB90000BE647200122EFF5915
S3FD000159207000102EFF604EB900020BF04EB90000BE6443EEFF54701F41EEFF824EB9000006224EB90000BE647200122EFF5A7000102EFF614EB900020BF04EB90000BE6443EEFF54701E41EEFF644EB9000006224EB90000BE647200122EFF5B7000102EFF624EB900020BF04EB90000BE6443EEFF54701F41EEFFDF4EB9000006224EB90000BE647200122EFF5C7000102EFF634EB900020BF04EB90000BE6443EEFF54701F41EEFFC04EB9000006224EB90000BE64700A4EB900016B4A700501F9200036454E5E4E754E5600004FEFFF5443EEFFA141F90002C781721F12D8538166FA43EEFF8241F90002C7A0721F12D8538166FA43EEFF6441F9D3
S3FD00015A180002C7BF721E12D8538166FA43EEFFDF41F90002C7DD721F12D8538166FA43EEFFC041F90002C7FC721F12D8538166FA43EEFF5D41F90002C81B720712D8538166FA43EEFF5641F90002C822720712D8538166FA7200122EFF587000102EFF5F4EB900020BF04EB90000BE6443EEFF54701F41EEFFA14EB9000006224EB90000BE647200122EFF597000102EFF604EB900020BF04EB90000BE6443EEFF54701F41EEFF824EB9000006224EB90000BE647200122EFF5A7000102EFF614EB900020BF04EB90000BE6443EEFF54701E41EEFF644EB9000006224EB90000BE647200122EFF5B7000102EFF624EB900020BF04EB90000BE6443EE01
S3FD00015B10FF54701F41EEFFDF4EB9000006224EB90000BE647200122EFF5C7000102EFF634EB900020BF04EB90000BE6443EEFF54701F41EEFFC04EB9000006224EB90000BE64700A4EB900016B4A700501F9200036454E5E4E754E5600004FEFFF5843EEFFA441F90002C829721E12D8538166FA43EEFF6841F90002C847721E12D8538166FA43EEFF8641F90002C865721E12D8538166FA43EEFFC241F90002C883721E12D8538166FA43EEFFE041F90002C8A1721F12D8538166FA43EEFF6141F90002C8C0720712D8538166FA43EEFF5A41F90002C8C7720712D8538166FA7200122EFF5C7000102EFF634EB900020BF04EB90000BE6443EEFF5881
S3FD00015C08701E41EEFFA44EB9000006224EB90000BE647200122EFF5D7000102EFF644EB900020BF04EB90000BE6443EEFF58701E41EEFF684EB9000006224EB90000BE647200122EFF5E7000102EFF654EB900020BF04EB90000BE6443EEFF58701E41EEFF864EB9000006224EB90000BE647200122EFF5F7000102EFF664EB900020BF04EB90000BE6443EEFF58701E41EEFFC24EB9000006224EB90000BE647200122EFF607000102EFF674EB900020BF04EB90000BE6443EEFF58701F41EEFFE04EB9000006224EB90000BE64700A4EB900016B4A700501F9200036454E5E4E754E560000598F422EFFFD720270004EB900020BF0422EFFFC604805
S3FD00015D007200122EFFFC41F92000368D700010301800664270011D40FFFD603A7000102EFFFC41F92000368D103008004EB900000534600870204EB9000005347000102EFFFC52801D40FFFC7200122EFFFC7014B28065AC600A7000102EFFFD66D660BC4E5E4E754E5600002F072F06598F1D40FFF41D41FFF51D42FFF67C001C027415BC8267147416BC82670002C47417BC8267000572600009FE740014007C68B4866E3CB4866D04600001627C20B4866E12B4866D04600000B27E08B4876776600009D47C38B4866E0AB486670000D2600009C47C50B486670000FC600009B82C3C000000B0B4866E2AB4866D04600001BE2C3C00000080B48680
S3FD00015DF86E0AB48667000142600009920C82000000986700016A600009842C3C000000C8B4866E0AB486670001C2600009700C82000000E0670001EA600009627C001C017406BC826700077C74001401B487670007787C001C01740ABC826700077274001401720CB48166000934705A6000092E7C001C017406BC826700075A7C001C017408BC82670007547C001C01740ABC826700074E74001401720CB481660008FE7058600008F87C001C017406BC82670007367C001C017408BC82670007307C001C01740ABC826700072A74001401720CB481660008C87043600008C27C001C017406BC82670007127C001C017408BC826700070C7C001C0104
S3FD00015EF0740ABC826700070674001401720CB4816600089270566000088C7C001C017406BC82670006EE7C001C017408BC82670006E87C001C01740ABC82670006E274001401720CB4816600085C7042600008567C001C017406BC82670006CA7C001C017408BC82670006C47C001C01740ABC82670006BE74001401720CB48166000826704E600008207C001C017406BC82670006A67C001C017408BC82670006A07C001C01740ABC826700069A74001401720CB481660007F0704D600007EA7C001C017406BC82670006827C001C017408BC826700067C7C001C01740ABC826700067674001401720CB481660007BA702C600007B47C001C017406D5
S3FD00015FE8BC826700065E7C001C017408BC82670006587C001C01740ABC826700065274001401720CB48166000784702E6000077E7C001C017406BC826700063A7C001C017408BC82670006347C001C01740ABC826700062E74001401720CB4816600074E702060000748740014007C68B4866E3CB4866D04600001627C20B4866E12B4866D04600000B27E08B48767766000071E7C38B4866E0AB486670000D26000070E7C50B486670000FC600007022C3C000000B0B4866E2AB4866D04600001BE2C3C00000080B4866E0AB48667000142600006DC0C82000000986700016A600006CE2C3C000000C8B4866E0AB486670001C2600006BA0C8200001B
S3FD000160E000E0670001EA600006AC7C001C017406BC826700057A74001401B487670005767C001C01740ABC826700057074001401720CB4816600067E707A600006787C001C017406BC82670005587C001C017408BC82670005527C001C01740ABC826700054C74001401720CB481660006487078600006427C001C017406BC82670005347C001C017408BC826700052E7C001C01740ABC826700052874001401720CB4816600061270636000060C7C001C017406BC82670005107C001C017408BC826700050A7C001C01740ABC826700050474001401720CB481660005DC7076600005D67C001C017406BC82670004EC7C001C017408BC82670004E6BD
S3FD000161D87C001C01740ABC82670004E074001401720CB481660005A67062600005A07C001C017406BC82670004C87C001C017408BC82670004C27C001C01740ABC82670004BC74001401720CB48166000570706E6000056A7C001C017406BC82670004A47C001C017408BC826700049E7C001C01740ABC826700049874001401720CB4816600053A706D600005347C001C017406BC82670004807C001C017408BC826700047A7C001C01740ABC826700047474001401720CB48166000504702C600004FE7C001C017406BC826700045C7C001C017408BC82670004567C001C01740ABC826700045074001401720CB481660004CE702E600004C87C000E
S3FD000162D01C017406BC82670004387C001C017408BC82670004327C001C01740ABC826700042A74001401720CB48166000498702060000492740014007C68B4866E3CB4866D04600001627C20B4866E12B4866D04600000B27C08B4866776600004687E38B4876E0AB487670000D2600004587E50B487670000FC6000044C2E3C000000B0B4876E2AB4876D04600001BE2E3C00000080B4876E0AB48767000142600004260C82000000986700016A600004182E3C000000C8B4876E0AB487670001C2600004040C82000000E0670001EA600003F67E001E017406BE826700037474001401B4866700036E7E001E01740ABE826700036674001401720CC7
S3FD000163C8B481660003C87085600003C27E001E017406BE826700034C7E001E017408BE82670003447E001E01740ABE826700033C74001401720CB4816600039270846000038C7E001E017406BE82670003227E001E017408BE826700031A7E001E01740ABE826700031274001401720CB4816600035C7083600003567E001E017406BE82670002F87E001E017408BE82670002F07E001E01740ABE82670002E874001401720CB481660003267082600003207E001E017406BE82670002CE7E001E017408BE82670002C67E001E01740ABE82670002BE74001401720CB481660002F07081600002EA7E001E017406BE82670002A47E001E017408BE8267
S3FD000164C06700029C7E001E01740ABE826700029474001401720CB481660002BA7080600002B47E001E017406BE826700027A7E001E017408BE82670002727E001E01740ABE826700026A74001401720CB48166000284707F6000027E7E001E017406BE82670002507E001E017408BE82670002487E001E01740ABE826700024074001401720CB4816600024E707E600002487E001E017406BE82670002267E001E017408BE826700021E7E001E01740ABE826700021674001401720CB48166000218707D600002127E001E017406BE82670001FC7E001E017408BE82670001F47E001E01740ABE82670001EC74001401720CB481660001E2707C600034
S3FD000165B801DC7031600001D67051600001D07041600001CA7032600001C47057600001BE7053600001B87033600001B27045600001AC7044600001A67034600001A070526000019A70466000019470356000018E70546000018870476000018270366000017C70596000017670486000017070376000016A705560000164704A6000015E703860000158704960000152704B6000014C703960000146704F60000140704C6000013A70306000013470506000012E70A56000012870316000012270716000011C70616000011670326000011070776000010A7073600001047033600000FE7065600000F87064600000F27034600000EC7072600000E65B
S3FD000166B07066600000E07035600000DA7074600000D47067600000CE7036600000C87079600000C27068600000BC7037600000B67075600000B0706A600000AA7038600000A470696000009E706B60000098703960000092706F6000008C706C600000867030600000807070607A70A4607670A060727099606E708F606A70A1606670986062708E605E70A2605A70976056708D605270A3604E7096604A708C6046709F60427095603E708B603A709E603670946032708A602E709D602A7093602670896022709C601E7092601A70886016709B60127091600E7087600A709A6006709060027086588F2C1F2E1F4E5E4E754E5600004FEFFFF01D40BF
S3FD000167A8FFF072001239200036B37468B2826E3CB2826D046000010C7420B2826E12B2826D046000009E7408B2826776600001AA7438B2826E0AB282670000A86000019A7450B282670000BC6000018E243C000000B0B2826E2AB2826D0460000122243C00000080B2826E0AB282670000D6600001680C8100000098670000E66000015A243C000000C8B2826E0AB2826700010E600001460C81000000E06700011E60000138720012007052B280660870201D40FFFC600670E01D40FFFC102EFFFC6000011A720012007052B280660870381D40FFFB600670081D40FFFB102EFFFB600000FA720012007052B280660870501D40FFFA600670201D401B
S3FD000168A0FFFA102EFFFA600000DA720012007052B280660870681D40FFF9600670381D40FFF9102EFFF9600000BA720012007052B280660870801D40FFF8600670501D40FFF8102EFFF86000009A720012007052B280660870981D40FFF7600670681D40FFF7102EFFF7607A720012007052B280660870B01D40FFF6600670801D40FFF6102EFFF6605C720012007052B280660870C81D40FFF5600670981D40FFF5102EFFF5603E720012007052B280660870E01D40FFF4600670B01D40FFF4102EFFF46020720012007052B280660870081D40FFFD600670C81D40FFFD102EFFFD600270004E5E4E754E56000072001239200040AD7031B280660A42
S3FD00016998703213C0200040AD6008703113C0200040AD4E5E4E754E5600007204303C00884EB900020BF04EB90000BE641039200040AD4EB9000005344E5E4E754E5600002F07518F1D40FFF41D41FFF57E001E39200042EA7400BE826E08BE82677C600001360C87000000DD6E00012C243C000000B5BE826D0001200487000000B53E3B7A0848C74EFB7A000074004C0088008800880088004C008200880088004C006300880088004C004C008800880074008800880088008800880088008800880088004C004C00880088004C0056004C004C004C004C0063004C00747000102EFFF40C80000000B5670000BA7000102EFFF50C80000000DA670A10
S3FD00016A900C80000000DB670C60141D6EFFF4FFF86000008C1D6EFFF4FFF8600000821D6EFFF5FFF8607813C02000347A13C12000347C70A81D40FFF8606413C02000347A13C12000347C1D40FFF870214EB900023E22604A700010392000347AB082661670DB13C02000347C1D41FFF870B513C02000347A6028102EFFF413C02000347A102EFFF513C02000347C70C11D40FFF8600C13C12000347C70C11D40FFF84239200042EA102EFFF860081D6EFFF5FFF860EC508F2E1F4E5E4E754E560000598F1D40FFFC72001200700AB28067087018B280670A601E427920003450603630392000345048C00C8000000DDD52C049C0448060223039200023
S3FD00016B88345048C00C8000000DDE641030392000345048C0528033C02000345070004E5E4E754E560000518F1D40FFF82D41FFFC74001400700AB48067087018B4806710602842792000345223C120003454603A30392000345248C02079200034545388B1C055C049C04480602230392000345248C0B0B920003454641030392000345248C0528033C02000345270004E5E4E754E5600004FEFFFE42D48FFE41D40FFE81D41FFE9720012107005B2806E00033E7000B2806D000336323B1A0848C14EFB1A00006D0007014C010900CE009B421041EEFFF82D48FFF4102EFFE813C0200036B3303920005248206EFFF44EB900003A7A720012392000E8
S3FD00016C8036B270001039200036B34EB900020BF070204EB900020DEC7000102EFFF87230D0814EB900020DEC7000102EFFF97230D0814EB900020DEC7000102EFFFA7230D0814EB900020DEC7000102EFFFB7230D0814EB900020DEC7000102EFFFC7230D0814EB900020DEC142EFFE913C2200036B372001239200036B2700010024EB900020BF0703E4EB900020DEC70014EB900020DEC427920003450422EFFF0600002567005108072001239200036B270001039200036B34EB900020BF070204EB900020DEC142EFFE813C2200036B372001239200036B2700010024EB900020BF0703E4EB900020DEC70014EB900020DEC427920003450422E77
S3FD00016D78FFEF600001FA7004108041EEFFF82D48FFF4142EFFE813C2200036B372001239200036B2700010024EB900020BF0303920005248206EFFF44EB900003A7A7000102EFFF87230D0814EB900020DEC703E4EB900020DEC70014EB900020DEC427920003450422EFFED600001947003108041EEFFF82D48FFF4142EFFE813C2200036B372001239200036B2700010024EB900020BF0303920005248206EFFF44EB900003A7A7000102EFFF87230D0814EB900020DEC7000102EFFF97230D0814EB900020DEC703E4EB900020DEC70014EB900020DEC427920003450422EFFF16000011E7002108041EEFFF82D48FFF4142EFFE813C2200036B3B4
S3FD00016E7072001239200036B2700010024EB900020BF0303920005248206EFFF44EB900003A7A7000102EFFF87230D0814EB900020DEC7000102EFFF97230D0814EB900020DEC7000102EFFFA7230D0814EB900020DEC703E4EB900020DEC70014EB900020DEC427920003450422EFFEE600000987001108041EEFFF82D48FFF4142EFFE813C2200036B372001239200036B2700010024EB900020BF0303920005248206EFFF44EB900003A7A7000102EFFF87230D0814EB900020DEC7000102EFFF97230D0814EB900020DEC7000102EFFFA7230D0814EB900020DEC7000102EFFFB7230D0814EB900020DEC703E4EB900020DEC70014EB900020DEC00
S3FD00016F68427920003450422EFFEC60024AC84E5E4E754E5600004FEFFFF41D40FFF41D41FFF52D48FFF8700030100C8000007D006504700060162D48FFFC52803080122EFFF5102EFFF44EB900005F8C4E5E4E754E5600004FEFFFF41D40FFF41D41FFF52D48FFF8720032107001B2806604700060182D48FFFC53813081122EFFF5102EFFF44EB900005F8C70014E5E4E754E5600002F074FEFFFE02D48FFDC1D40FFE01D41FFE172001239200036B27004B280660870081D40FFE46004422EFFE4206EFFDC7400141022027005B4806E0002927000B4806D00028A323B1A0848C14EFB1A000007006A00DE00DE010C010C7005108072001239200098
S3FD0001706036B270001039200036B34EB900020BF070204EB900020DEC7200122EFFE47008B28066447206303C00DE4EB900020BF070204EB900020DEC70204EB900020DEC70204EB900020DEC70204EB900020DEC70204EB900020DEC70014EB900020DEC70024EB900020DEC7200122EFFE17000102EFFE0206EFFDC740014107E059E8274084C072800D0827400142EFFE4D0824EB900020BF0705E4EB900020DEC70014EB900020DEC70024EB900020DEC427920003450422EFFE8600001B07200122EFFE17000102EFFE07E059E8274084C072800D0827400142EFFE4D0824EB900020BF070204EB900020DEC72001239200036B2700010392000DE
S3FD0001715836B34EB900020BF0703E4EB900020DEC70014EB900020DEC70024EB900020DEC7200122EFFE47008B280666C41EEFFF42D48FFEC303920005250206EFFEC4EB900003A7A7206303C00D64EB900020BF0422EFFE4602641EEFFF47200122EFFE47000103018007230D0814EB900020DEC7000102EFFE452801D40FFE47200122EFFE47005B28065CE70014EB900020DEC70024EB900020DEC206EFFDC4210427920003450422EFFE7600000C87200122EFFE17000102EFFE020407000102EFFE441F0081020084EB900020BF070204EB900020DEC70204EB900020DEC705E4EB900020DEC70014EB900020DEC70024EB900020DEC42792000EB
S3FD000172503450422EFFE5206EFFDC70011080606A2D48FFF01E101D47FFE670001007538010807200122EFFE17000102EFFE0740014077E059E8274084C072800D0827400142EFFE4D0824EB900020BF070204EB900020DEC705E4EB900020DEC70014EB900020DEC70024EB900020DEC427920003450422EFFE960024AC84FEF00202E1F4E5E4E754E5600004E5E4E754E5600004E5E4E754E5600004E5E4E754E5600004E5E4E754E56000070004EB900020E0A70A24EB90001E1064E5E4E754E560000598F72001239200036B27004B280624AB2806600009070001039200036B34EB900020BF070204EB900020DEC70EB13C0200036B34239200071
S3FD0001734836B27200203C000000EB4EB900020BF0703E4EB900020DEC70584EB900020DEC604A70001039200036B34EB900020BF070204EB900020DEC72001239200036B253817000100153801D40FFFC13C0200036B27200120070001039200036B34EB900020BF0703E4EB900020DEC4E5E4E754E5600004E5E4E754E5600004E5E4E754E560000598F72001239200036B2670A700CB28065446000008C70001039200036B34EB900020BF070204EB900020DEC70784EB900020DEC4239200036B3700413C0200036B2720470004EB900020BF0703E4EB900020DEC604A70001039200036B34EB900020BF070204EB900020DEC72001239200036B2FB
S3FD0001744052817000100152801D40FFFC13C0200036B27200120070001039200036B34EB900020BF0703E4EB900020DEC4E5E4E754E56000072001239200036B2700CB2806E647000B2806D5E323B1A0848C14EFB1A000027002B002B002B000E002B0013002B0018002B001D002B002270A44EB90001E106603070DB4EB90001E106602670A34EB90001E106601C70DE4EB90001E106601270D44EB90001E106600870A14EB90001E1064E5E4E754E560000598F72001239200036B27004B280624AB2806600009070001039200036B34EB900020BF070204EB90000053470EB13C0200036B34239200036B27200203C000000EB4EB900020BF0703E5E
S3FD000175384EB90000053470584EB900000534604A70001039200036B34EB900020BF070204EB90000053472001239200036B253817000100153801D40FFFC13C0200036B27200120070001039200036B34EB900020BF0703E4EB9000005344E5E4E754E5600004E5E4E754E5600004E5E4E754E560000598F72001239200036B267000096700EB280640000CC740014392000347E7041B480672A704FB48067127053B480671E0C82000000C86716600000A67006B280650C700613C0200036B26000009472001239200036B270001039200036B34EB900020BF070204EB90000053472001239200036B252817000100152801D40FFFC13C0200036B210
S3FD000176307200120070001039200036B34EB900020BF0703E4EB900000534603E70001039200036B34EB900020BF070204EB90000053470784EB9000005344239200036B3700413C0200036B2720470004EB900020BF0703E4EB9000005344E5E4E754E56000072001239200036B2700EB2806E7C7000B2806D76323B1A0848C14EFB1A0000330037003700370037003700100037001500370020003700290037002E70BB4EB90001E10660444239200036AD4239200036AC70BC4EB90001E106602E70A413C02000347A70C54EB90001E106601C70C34EB90001E106601270C44EB90001E106600870A14EB90001E1064E5E4E754E560000518F20790A
S3FD000177282000579C70001010661E72001239200036B27006B28067424A81670000D2700EB2806378600000C870801F40000320792000579C141072001239200036B270A04EB900017A5C70DB4EB900023DDE700A4EB900016B4A6000009670001039200036B34EB900020BF070204EB900020DEC4239200036B27200303C00EB4EB900020BF0703E4EB900020DEC70584EB900020DEC70014EB900020DEC605270001039200036B34EB900020BF070204EB900020DEC72001239200036B253817000100153801D40FFFC13C0200036B27200120070001039200036B34EB900020BF0703E4EB900020DEC70014EB900020DEC4E5E4E754E560000518FDE
S3FD0001782020792000579C70001010672270401F40000320792000579C141072001239200036B270A04EB900017A5C600000AC72001239200036B266467200303C00EB4EB900020BF070204EB900020DEC70784EB900020DEC700613C0200036B2720670001039200036B34EB900020BF0703E4EB900020DEC70014EB900020DEC605A700EB280645470001039200036B34EB900020BF070204EB900020DEC72001239200036B252817000100152801D40FFFC13C0200036B27200120070001039200036B34EB900020BF0703E4EB900020DEC70014EB900020DEC4E714E5E4E754E5600004FEFFFF472001239200036B27006B280670A7008B280671E82
S3FD000179186000008A41F920005248720670A84EB900016F7A70DB4EB900023DDE606E2EB92000525441EEFFFB4EB900003CAC1D40FFF91D40FFFA7200122EFFFB52811D41FFF81D41FFFB740014017209B48163287400422EFFFB7200120052811D41FFFC1D41FFFA700010010C80000000B363081D42FFFA1D42FFFB7208303C00A84EB90001FD1270DB4EB900023DDE4E5E4E754E5600004FEFFFF472001239200036B27006B280661841F920005248720670A84EB900016FB870DB4EB900023DDE72001239200036B27008B28066742EB92000525441EEFFFA4EB900003CAC1D40FFF81D40FFF97200122EFFFA664472091D41FFFA72001200674046
S3FD00017A107200120053811D41FFF97208303C00A84EB90001FD1270DB4EB900023DDE122EFFFA102EFFF94EB900003EA82D40FFFC23C020005254601053811D41FFFA60CA70B31D40FFF960C24E5E4E754E5600004FEFFFD81D40FFDC3D41FFDE1D42FFE041EEFFF42D48FFEC7200322EFFDE7002B280671A7004B280670002187006B280670C7008B2806700020A60000294122E000B102EFFE041F9200052484EB900007534142EFFDC13C2200036B372001239200036B2700010024EB900020BF0303920005248206EFFEC4EB900003A7A7200122EFFE07005B2806E0001827001B2806D00017A5381323B1A0848C14EFB1A0000950072004E002A9A
S3FD00017B080006703E1D40FFF97000102EFFF47230D0811D40FFFA7000102EFFF5D0811D40FFFB7000102EFFF6D0811D40FFFC7000102EFFF7D0811D40FFFD7000102EFFF8D0811D40FFFE6000011C7000102EFFF47230D0811D40FFF9703E1D40FFFA7000102EFFF5D0811D40FFFB7000102EFFF6D0811D40FFFC7000102EFFF7D0811D40FFFD7000102EFFF8D0811D40FFFE600000D47000102EFFF47230D0811D40FFF97000102EFFF5D0811D40FFFA703E1D40FFFB7000102EFFF6D0811D40FFFC7000102EFFF7D0811D40FFFD7000102EFFF8D0811D40FFFE6000008C7000102EFFF47230D0811D40FFF97000102EFFF5D0811D40FFFA7000102E98
S3FD00017C00FFF6D0811D40FFFB703E1D40FFFC7000102EFFF7D0811D40FFFD7000102EFFF8D0811D40FFFE60447000102EFFF47230D0811D40FFF97000102EFFF5D0811D40FFFA7000102EFFF6D0811D40FFFB7000102EFFF7D0811D40FFFC703E1D40FFFD7000102EFFF8D0811D40FFFE422EFFE4602041EEFFF97000102EFFE4103008004EB900020DEC7000102EFFE452801D40FFE47200122EFFE47006B28065D4600000902EB92000525441EEFFE64EB900003CAC1D40FFE51D40FFE77200122EFFE67009B2806304422EFFE6122EFFE6102EFFE741EEFFF44EB9000045CE41EEFFF4122E000B102EFFE04EB9000043C441EEFFF44EB900003E1ECD
S3FD00017CF82D40FFF023C02000525441EEFFE62E8843EEFFE741EEFFF44EB900004668122EFFE6102EFFE74EB900003EA82D40FFE823C0200052544E714E5E4E754E560000598F72001239200036B2700EB2806E0000AA7000B2806D0000A2323B1A0848C14EFB1A000041004C004D004C004D004C0010004C001A004C0024004C0037004C003C720070A024392000579C20424EB900016C186066720A70A824392000579C20424EB900016FF6605270DB4EB900023DDE72DB70DB4EB9000169D41D40FFFC4EB90001E106701A13C0200036AB602C70DE4EB90001E106602270B54EB90001E106601872DB70A14EB9000169D41D40FFFD4EB90001E1061C
S3FD00017DF060024AC84E5E4E754E560000598F72001239200036B27004B280624AB2806600009070001039200036B34EB900020BF070204EB90000053470EB13C0200036B34239200036B27200203C000000EB4EB900020BF0703E4EB90000053470584EB900000534604A70001039200036B34EB900020BF070204EB90000053472001239200036B253817000100153801D40FFFC13C0200036B27200120070001039200036B34EB900020BF0703E4EB9000005344E5E4E754E5600004E5E4E754E5600004E5E4E754E560000598F72001239200036B2664270001039200036B34EB900020BF070204EB90000053470784EB9000005344239200036B37B
S3FD00017EE8700413C0200036B2720470004EB900020BF0703E4EB90000053460000090700EB280640000884E71740014392000347E7005B4806E767001B4806D705382343B2A0848C24EFB2A000006000600070007000A6058700CB280675272001239200036B270001039200036B34EB900020BF070204EB90000053472001239200036B252817000100152801D40FFFC13C0200036B27200120070001039200036B34EB900020BF0703E4EB9000005344E5E4E754E56000072001239200036B27002B28067747004B28067247006B28067287008B280672C700AB2806736700CB280673A700EB280673E4A816744604A70D64EB90001E106604070C092
S3FD00017FE04EB90001E106603670D14EB90001E1064239200036B4602670D34EB90001E106601C70D24EB90001E106601270A94EB90001E106600870A14EB90001E1064E5E4E754E5600002F074FEFFFE043EEFFF141F90002C8CE720912D8538166FA43EEFFEC41F90002C8D7720512D8538166FA70081D40FFDD70041D40FFE21039200017681D40FFE010392000364B1D40FFDC10392000364C1D40FFDE720012392000347E7053B280661841EEFFF12D48FFE441EEFFDD2D48FFE81D6EFFDDFFE1601641EEFFEC2D48FFE441EEFFE22D48FFE81D6EFFE2FFE17E001E2EFFE070072407C4801D42FFDF700401F92000364572082007C081B0816610B0
S3FD000180D8700010020080000000E81D40FFE060280287000000C07000BE80670A0C87000000806702600E122EFFDF70A080811D40FFE060044E714AC8102EFFE013C020001768102EFFDC13C02000364B102EFFDE13C02000364C4FEF00202E1F4E5E4E754E5600002F074FEFFFE043EEFFF141F90002C8DC720912D8538166FA43EEFFEC41F90002C8E5720512D8538166FA70081D40FFDD70041D40FFE11039200017681D40FFDF10392000364B1D40FFDC10392000364C1D40FFE0720012392000347E7053B280661241EEFFF12D48FFE441EEFFDD2D48FFE8601041EEFFEC2D48FFE441EEFFE12D48FFE87E001E2EFFDF70072407C4801D42FFDE59
S3FD000181D0700401F92000364572082007C081B0816610700010020080000000D81D40FFDF602E0287000000C07000BE8067107040BE80670A0C87000000806702600E122EFFDE709080811D40FFDF60044E714AC8102EFFDF13C020001768102EFFDC13C02000364B102EFFE013C02000364C4FEF00202E1F4E5E4E754E5600004FEFFFE043EEFFF541F90002C8EA720912D8538166FA43EEFFF041F90002C8F3720512D8538166FA70081D40FFE070041D40FFE41039200017681D40FFE210392000364B1D40FFE110392000364C1D40FFE3720012392000347E7053B280661241EEFFF52D48FFE841EEFFE02D48FFEC601041EEFFF02D48FFE841EE75
S3FD000182C8FFE42D48FFEC700401F92000364572001239200036B2700EB2806E367000B2806D30323B1A0848C14EFB1A0000160014001000140010001400100014001600140010001400160014001670501D40FFE260044E714AC8102EFFE213C020001768102EFFE113C02000364B102EFFE313C02000364C4E5E4E754E5600004FEFFFE043EEFFF541F90002C8F8720912D8538166FA43EEFFF041F90002C901720512D8538166FA70081D40FFE070041D40FFE41039200017681D40FFE210392000364B1D40FFE110392000364C1D40FFE3720012392000347E7053B280661241EEFFF52D48FFE841EEFFE02D48FFEC601041EEFFF02D48FFE841EE83
S3FD000183C0FFE42D48FFEC700401F92000364572001239200036B2700EB2806E367000B2806D30323B1A0848C14EFB1A0000160014001000140010001400100014001600140010001400160014001670601D40FFE260044E714AC8102EFFE213C020001768102EFFE113C02000364B102EFFE313C02000364C4E5E4E754E5600002F074FEFFFE443EEFFF141F90002C906720912D8538166FA43EEFFEC41F90002C90F720512D8538166FA1439200017681D42FFE110392000364B1D40FFE310392000364C1D40FFE4720012027007C2801D41FFE2720012392000347E7053B280660A41EEFFF12D48FFE8600841EEFFEC2D48FFE8700401F920003645B9
S3FD000184B87E001E2EFFE172082007C081B081673C243C000000C02207C2827000B28067147040B280671E0C81000000806716B28267126016700DCE80BE806610700F1D40FFE16008422EFFE260024AC8142EFFE108C200031D42FFE172001239200036B2700EB2806E0001647000B2806D00015C323B1A0848C14EFB1A00001000A9001600A9003B00A9001600A9005F00A9007500A9009000A900A670494EB90001E1066000012872001202700FB2806700011C7000102EFFE2660870011D40FFE260184A80671452801D40FFE2720012007005B2806304422EFFE27008122EFFE1C280102EFFE282801D41FFE1600000DE7000102EFFE26608700115
S3FD000185B01D40FFE260224A80671E52801D40FFE2720012007004B280630E422EFFE270081D40FFE1600000AC7008122EFFE1C280102EFFE282801D41FFE1600000967200122EFFE27001B2806606422EFFE2600670011D40FFE27008122EFFE1C280102EFFE282801D41FFE160687000102EFFE252801D40FFE01D40FFE2720012007005B2806404422EFFE27008122EFFE1C280102EFFE2828008C100031D41FFE160327200122EFFE27001B2806606422EFFE2600670011D40FFE27008122EFFE1C280102EFFE282801D41FFE1600670FF1D40FFE1102EFFE113C020001768102EFFE313C02000364B102EFFE413C02000364C4FEF001C2E1F4E5E12
S3FD000186A84E754E560000598F72001239200036B27002B280670C4A81677C700FB28065386074720270004EB900020BF070204EB9000005344239200036B27200303C00E34EB900020BF0703E4EB90000053470584EB900000534603E70004EB900020BF070204EB90000053472001239200036B253817000100153801D40FFFC13C0200036B27200120070004EB900020BF0703E4EB9000005344E5E4E754E5600004E5E4E754E5600004E5E4E754E560000598F72001239200036B26710700EB2806700008CB2806542600000847200303C00E34EB900020BF070204EB90000053470784EB9000005344239200036B3700213C0200036B272027000CB
S3FD000187A04EB900020BF0703E4EB900000534604470004EB900020BF070204EB9000005344239200036B372001239200036B252817000100152801D40FFFC13C0200036B27200120070004EB900020BF0703E4EB9000005344E5E4E754E56000072001239200036B27002B280670000967004B28067507006B280670000887008B2806752700AB2806756700CB280675A700EB280675E4A81666A700010392000347A0C80000000A367520C80000000A2660A70A24EB90001E106604870A14EB90001E106603E42392000520470AB4EB90001E106602E70AD4EB90001E106602470AE4EB90001E106601A70AF4EB90001E10660104EB90001345A600850
S3FD0001889870A34EB90001E1064E5E4E754E560000598F72001239200036B27002B280624AB2806600009070001039200036B34EB900020BF070204EB90000053470EB13C0200036B34239200036B27200203C000000EB4EB900020BF0703E4EB90000053470584EB900000534604A70001039200036B34EB900020BF070204EB90000053472001239200036B253817000100153801D40FFFC13C0200036B27200120070001039200036B34EB900020BF0703E4EB9000005344E5E4E754E5600004E5E4E754E5600004E5E4E754E560000598F72001239200036B2670A700EB28065446000008C70001039200036B34EB900020BF070204EB900000534DA
S3FD0001899070784EB9000005344239200036B3700213C0200036B2720270004EB900020BF0703E4EB900000534604A70001039200036B34EB900020BF070204EB90000053472001239200036B252817000100152801D40FFFC13C0200036B27200120070001039200036B34EB900020BF0703E4EB9000005344E5E4E754E560000518F72001239200036B27002B280661472D670D54EB9000169D41D40FFFB4EB90001E10672001239200036B27004B280661472D670B64EB9000169D41D40FFFA4EB90001E10672001239200036B27006B280670000987008B280661472D670B24EB9000169D41D40FFF94EB90001E10672001239200036B2700AB280C4
S3FD00018A88661472D670B44EB9000169D41D40FFF84EB90001E10672001239200036B2700CB280670C700EB280671C4A81672E60404EB900013BE64EB900013BC670D64EB900023DDE602A4EB900013B7E4EB900013BA670D64EB900023DDE601472D670A34EB9000169D41D40FFFC4EB90001E1064E5E4E754E560000598F72001239200036B27004B280624AB2806600009070001039200036B34EB900020BF070204EB90000053470EF13C0200036B34239200036B27200203C000000EF4EB900020BF0703E4EB90000053470584EB900000534604A70001039200036B34EB900020BF070204EB90000053472001239200036B2538170001001538061
S3FD00018B801D40FFFC13C0200036B27200120070001039200036B34EB900020BF0703E4EB9000005344E5E4E754E5600004E5E4E754E5600004E5E4E754E560000598F72001239200036B2670A700EB28065446000008C70001039200036B34EB900020BF070204EB90000053470784EB9000005344239200036B3700413C0200036B2720470004EB900020BF0703E4EB900000534604A70001039200036B34EB900020BF070204EB90000053472001239200036B252817000100152801D40FFFC13C0200036B27200120070001039200036B34EB900020BF0703E4EB9000005344E5E4E754E560000598F72001239200036B27004B28067247006B28057
S3FD00018C7867287008B280672C700AB2806730700CB2806734700EB28067384A81673E605070CA4EB90001E106604670CB4EB90001E106603C70CC4EB90001E106603270CD4EB90001E106602870CE4EB90001E106601E70CF4EB90001E106601472D170A34EB9000169D41D40FFFC4EB90001E1064E5E4E754E56000072001239200036B27004B280674C4A816600009670001039200036B34EB900020BF070204EB90000053470784EB90000053470A813C0200036B3700413C0200036B27204203C000000A84EB900020BF0703E4EB900000534604E74001439200036B3518213C2200036B3700010024EB900020BF070204EB90000053470EB13C0EF
S3FD00018D70200036B34239200036B27200203C000000EB4EB900020BF0703E4EB90000053470584EB9000005344E5E4E754E5600004E5E4E754E5600004E5E4E754E56000072001239200036B27004B280674C4A816600008A70001039200036B34EB900020BF070204EB90000053470784EB90000053470A813C0200036B3700413C0200036B27204203C000000A84EB900020BF0703E4EB900000534604270001039200036B34EB900020BF070204EB90000053470EB13C0200036B34239200036B27200203C000000EB4EB900020BF0703E4EB90000053470584EB9000005344E5E4E754E560000598F72001239200036B27004B28067247006B28008
S3FD00018E68673A7008B2806734700AB280672E700CB2806728700EB28067224A81670A601C4EB900012870601472D270A34EB9000169D41D40FFFC4EB90001E1064E5E4E754E56000072001239200036B27004B28067187008B2806748700CB2806770700EB28067000098600000C070004EB900020BF070204EB9000005344239200036B27200303C00E34EB900020BF0703E4EB90000053470584EB9000005346000008A720870004EB900020BF070204EB900000534700413C0200036B2720470004EB900020BF0703E4EB900000534605A720C70004EB900020BF070204EB900000534700813C0200036B2720870004EB900020BF0703E4EB9000052
S3FD00018F600534602C720E70004EB900020BF070204EB900000534700C13C0200036B2720C70004EB900020BF0703E4EB9000005344E5E4E754E560000598F72001239200036B27004B28067127008B2806750700CB2806700008C600000C8720470784EB900020BF070001039200042E852801D40FFFD13C0200042E8720012007009B28063064239200042E870001039200042E87230D0814EB90000053460000084720870784EB900020BF070001039200042E752801D40FFFC13C0200042E7720012007009B28063064239200042E770001039200042E77230D0814EB9000005346040720C70784EB900020BF070001039200042E652801D40FFFEAF
S3FD0001905813C0200042E6720012007009B28063064239200042E670001039200042E67230D0814EB9000005344E5E4E754E56000072001239200036B27004B28067107008B2806746700CB280677A600000B2720470784EB900020BF070001039200042E8671E538013C0200042E870001039200042E87230D0814EB90000053460000080700913C0200042E860E0720870784EB900020BF070001039200042E7671C538013C0200042E770001039200042E77230D0814EB9000005346044700913C0200042E760E2720C70784EB900020BF070001039200042E6671C538013C0200042E670001039200042E67230D0814EB900000534600A700913C06C
S3FD00019150200042E660E24E5E4E754E56000072001239200036B2671A7004B28067547008B28067000082700CB280670000AE600000DC7200303C00E34EB900020BF070204EB90000053470784EB9000005344239200036B3700413C0200036B2720470004EB900020BF0703E4EB9000005346000009C720470004EB900020BF070204EB9000005344239200036B3700813C0200036B2720870004EB900020BF0703E4EB9000005346066720870004EB900020BF070204EB9000005344239200036B3700C13C0200036B2720C70004EB900020BF0703E4EB9000005346032720C70004EB900020BF070204EB9000005344239200036B3700E13C02000F1
S3FD0001924836B2720E70004EB900020BF0703E4EB9000005344E5E4E754E56000072001239200036B27004B28067467006B28067407008B280673A700AB2806734700CB280672E700EB28067064A8167106022741C72D370214EB900023DF26014741C72D370214EB900023DF270A34EB90001E1064E5E4E754E5600004E5E4E754E5600004E5E4E754E5600004E5E4E754E5600004E5E4E754E56000072001239200036B27002B280672A7004B280672E7006B28067327008B2806736700AB280673A700CB280673E700EB28067424A816748605470B14EB90001E106604A70AB4EB90001E106604070AC4EB90001E106603670AD4EB90001E106602C9B
S3FD0001934070AE4EB90001E106602270AF4EB90001E106601870B04EB90001E106600E42392000520470D44EB90001E1064E5E4E754E5600004E5E4E754E5600004E5E4E754E5600004E5E4E754E5600004E5E4E754E56000072001239200036B27002B28067387004B28067327006B280672C7008B2806726700AB2806720700CB280671A700EB28067144A816702600E42392000520470B74EB90001E1064E5E4E754E5600004E5E4E754E5600004E5E4E754E5600004E5E4E754E5600004E5E4E754E5600004E5E4E754E5600004E5E4E754E5600004E5E4E754E5600004E5E4E754E5600004E5E4E754E56000070D44EB90001E1064E5E4E754E5626
S3FD0001943800004E5E4E754E5600004E5E4E754E5600004E5E4E754E5600004E5E4E754E56000070D44EB90001E1064E5E4E754E5600004E5E4E754E5600004E5E4E754E5600004E5E4E754E5600004E5E4E754E56000070D44EB90001E1064E5E4E754E5600004E5E4E754E5600004E5E4E754E5600004E5E4E754E5600004E5E4E754E5600004E5E4E754E5600004E5E4E754E5600004E5E4E754E5600004E5E4E754E5600004E5E4E754E56000070D64EB90001E1064E5E4E754E560000598F72001239200036B27006B28067104A816700009A700CB28063486000009070001039200036B34EB900020BF070204EB90000053470EB13C0200036B370
S3FD000195304239200036B27200203C000000EB4EB900020BF0703E4EB90000053470584EB900000534604A70001039200036B34EB900020BF070204EB90000053472001239200036B253817000100153801D40FFFC13C0200036B27200120070001039200036B34EB900020BF0703E4EB9000005344E5E4E754E56000070001039200036B37208B08167087240B081673A606E72001239200036B24EB900020BF070204EB900000534704013C0200036B372001239200036B270404EB900020BF0703E4EB900000534603672001239200036B24EB900020BF070204EB900000534700813C0200036B372001239200036B270084EB900020BF0703E4EB928
S3FD00019628000005344E5E4E754E5600004EB9000195A44E5E4E754E560000598F72001239200036B26712700CB280670000967006B28064446000008C7200303C00EB4EB900020BF070204EB90000053470784EB900000534700613C0200036B2700813C0200036B3720670084EB900020BF0703E4EB900000534604A70001039200036B34EB900020BF070204EB90000053472001239200036B252817000100152801D40FFFC13C0200036B27200120070001039200036B34EB900020BF0703E4EB9000005344E5E4E754E560000598F70001039200036B2671A74001439200036B37240B48167207208B481670000D2600000F670D513C02000347B1A
S3FD0001972070D64EB90001E106600000E27200B0816E0AB08167000098600000D2740CB0826E0000CA7206B0816D0000C2B08167147208B081672A720AB081673EB0826754600000AA70064EB90000C9BC70014EB90001FE9270D54EB900023DDE6000008E70084EB90000C9BC70024EB90001FE9270D54EB900023DDE6072700A4EB90000C9BC70034EB90001FE9270D54EB900023DDE6058700C4EB90000C9BC70044EB90001FE9270D54EB900023DDE603E72D570D64EB9000169D41D40FFFC4EB90001E1066028E28872FED08113C0200036AD4239200036AC4239200036AB70D54EB900023DDE70BD4EB90001E1064E5E4E754E560000598F7200DE
S3FD000198181239200036B27002B28067104A8167000090700CB280633E6000008670004EB900020BF070204EB9000005344239200036B27200303C00E34EB900020BF0703E4EB90000053470584EB9000005344239200036B2604A70001039200036B34EB900020BF070204EB90000053472001239200036B253817000100153801D40FFFC13C0200036B27200120070001039200036B34EB900020BF0703E4EB9000005344E5E4E754E560000709D4EB90000CA7070B64EB900023DDE4E5E4E754E560000709C4EB90000CA7070B64EB900023DDE4E5E4E754E560000598F72001239200036B26716700CB28067000098240152827002B4806E42600061
S3FD00019910008A7200303C00E34EB900020BF070204EB90000053470784EB900000534700213C0200036B2720270001039200036B34EB900020BF0703E4EB900000534604A70001039200036B34EB900020BF070204EB90000053472001239200036B252817000100152801D40FFFC13C0200036B27200120070001039200036B34EB900020BF0703E4EB9000005344E5E4E754E560000598F72001239200036B27002B28067387004B28067327006B280672C7008B2806726700AB28067204A81661C70644EB90002274E72B670D64EB9000169D41D40FFFC4EB90001E1064E5E4E754E560000598F72001239200036B2670E72001239200036B2664ADC
S3FD00019A086000009270001039200036B366E84EB900020BF070204EB90000053470EB13C0200036B34239200036B27200203C000000EB4EB900020BF0703E4EB90000053470584EB900000534604A70001039200036B34EB900020BF070204EB90000053472001239200036B253817000100153801D40FFFC13C0200036B27200120070001039200036B34EB900020BF0703E4EB9000005344E5E4E754E5600004E5E4E754E5600004E5E4E754E560000598F72001239200036B2671272001239200036B2700EB280654A6000009270001039200036B30C80000000EB66DE4EB900020BF070204EB90000053470784EB9000005344239200036B3423997
S3FD00019B00200036B2720070004EB900020BF0703E4EB900000534604A70001039200036B34EB900020BF070204EB90000053472001239200036B252817000100152801D40FFFC13C0200036B27200120070001039200036B34EB900020BF0703E4EB9000005344E5E4E754E56000072001239200036B27002B280674C7004B28067507006B280677A7008B2806774700AB2806748700CB2806768700EB28067464A81674C70001039200036B2665470001039200036B30C80000000EB664470A34EB90001E106603A70D84EB90001E106603070D94EB90001E106602670BF4EB90001E106601C70DA4EB90001E106601270001039200036B366AA70D7CA
S3FD00019BF84EB90001E1064E5E4E754E5600004E5E4E754E560000720C70084EB900020BF0706E4EB900000534706F4EB900000534707D13C0200036B3720C707D4EB900020BF070534EB90000053470494EB9000005344E5E4E754E560000700813C0200036B3720C70084EB900020BF0704E4EB900000534704F4EB900000534720C707D4EB900020BF070734EB90000053470694EB9000005344E5E4E754E5600004E5E4E754E56000072001239200036B3707DB28066064EB900024DB870A14EB90001E1064E5E4E754E560000598F72001239200036B27002B28067104A8167000090700EB280633E6000008670001039200036B34EB900020BF0C6
S3FD00019CF070204EB9000005344239200036B27200303C00EB4EB900020BF0703E4EB90000053470584EB900000534604A70001039200036B34EB900020BF070204EB90000053472001239200036B253817000100153801D40FFFC13C0200036B27200120070001039200036B34EB900020BF0703E4EB9000005344E5E4E754E5600004E5E4E754E5600004E5E4E754E560000598F72001239200036B2670A700EB28065546000009C303C00EB4EB900020BF070204EB90000053470784EB90000053472001239200036B252817000100152801D40FFFC13C0200036B27200120070001039200036B34EB900020BF0703E4EB900000534604A70001039FF
S3FD00019DE8200036B34EB900020BF070204EB90000053472001239200036B252817000100152801D40FFFD13C0200036B27200120070001039200036B34EB900020BF0703E4EB9000005344E5E4E754E56000070001039200036B2665C70A94EB90001E1066052704D13C0200042DC60000082706D13C0200042DC6076705313C0200042DC606C707313C0200042DC6062705613C0200042DC6058707613C0200042DC604E705013C0200042DC6044705013C0200042DC603A72001239200036B2700EB2806EE87002B2806DE25581323B1A0848C14EFB1A00FFC8FFECFFCEFFECFFD3FFECFFD8FFECFFDDFFECFFE2FFECFFE74E5E4E754E560000598F2E
S3FD00019EE072001239200036B27002B28067104A816700008A7004B28063386000008070004EB900020BF070204EB9000005344239200036B27200303C00EB4EB900020BF0703E4EB90000053470584EB900000534604A70001039200036B34EB900020BF070204EB90000053472001239200036B253817000100153801D40FFFC13C0200036B27200120070001039200036B34EB900020BF0703E4EB9000005344E5E4E754E5600004E5E4E754E5600004E5E4E754E560000598F72001239200036B2670A7004B28065426000008A7200303C00EB4EB900020BF070204EB90000053470784EB900000534700213C0200036B2720270001039200036B3CE
S3FD00019FD84EB900020BF0703E4EB900000534604A70001039200036B34EB900020BF070204EB90000053472001239200036B252817000100152801D40FFFC13C0200036B27200120070001039200036B34EB900020BF0703E4EB9000005344E5E4E754E560000598F72001239200036B27002B280670C7004B28067204A816736604870904EB90000CCBE70904EB9000205A470D84EB900023DDE602E70914EB90000CCBE70914EB9000205A470D84EB900023DDE601472D870A94EB9000169D41D40FFFC4EB90001E1064E5E4E754E56000072001239200036B27002B28067064A816734603270004EB900020BF070204EB9000005344239200036B2F5
S3FD0001A0D07200303C00EB4EB900020BF0703E4EB90000053470584EB9000005344E5E4E754E5600004E5E4E754E5600004E5E4E754E56000070001039200036B2663C7200303C00EB4EB900020BF070204EB90000053470784EB900000534700213C0200036B2720270001039200036B34EB900020BF0703E4EB9000005344E5E4E754E560000598F72001239200036B27002B28067064A816718602A4EB900013ED84EB900013D8C70D94EB900023DDE601472D970A94EB9000169D41D40FFFC4EB90001E1064E5E4E754E560000598F72001239200036B27002B28067104A8167000090700EB280633E6000008670001039200036B34EB900020BF0F9
S3FD0001A1C870204EB9000005344239200036B27200303C00EB4EB900020BF0703E4EB90000053470584EB900000534604A70001039200036B34EB900020BF070204EB90000053472001239200036B253817000100153801D40FFFC13C0200036B27200120070001039200036B34EB900020BF0703E4EB9000005344E5E4E754E5600004E5E4E754E5600004E5E4E754E560000598F72001239200036B2670A700EB28065426000008A7200303C00EB4EB900020BF070204EB90000053470784EB900000534700213C0200036B2720270001039200036B34EB900020BF0703E4EB900000534604A70001039200036B34EB900020BF070204EB900000534D8
S3FD0001A2C072001239200036B252817000100152801D40FFFC13C0200036B27200120070001039200036B34EB900020BF0703E4EB9000005344E5E4E754E560000598F72001239200036B2700EB2806E00009E7000B2806D000096323B1A0848C14EFB1A00003C00460046004600100046001B004600460046002600460031004600464EB90000C0C64EB90001F95670DA4EB900023DDE60564EB90000C0EE4EB90001F9D270DA4EB900023DDE60404EB90000C1164EB90001FA4E70DA4EB900023DDE602A72B770DA4EB9000169D41D40FFFC4EB90001E106601472DA70A94EB9000169D41D40FFFD4EB90001E1064E5E4E754E560000598F72001239D2
S3FD0001A3B8200036B27008B280624AB2806600009070001039200036B34EB900020BF070204EB90000053470EB13C0200036B34239200036B27200203C000000EB4EB900020BF0703E4EB90000053470584EB900000534604A70001039200036B34EB900020BF070204EB90000053472001239200036B253817000100153801D40FFFC13C0200036B27200120070001039200036B34EB900020BF0703E4EB9000005344E5E4E754E5600004E5E4E754E5600004E5E4E754E560000598F72001239200036B2670A700CB28065446000008C70001039200036B34EB900020BF070204EB90000053470784EB9000005344239200036B3700813C0200036B256
S3FD0001A4B0720870004EB900020BF0703E4EB900000534604A70001039200036B34EB900020BF070204EB90000053472001239200036B252817000100152801D40FFFC13C0200036B27200120070001039200036B34EB900020BF0703E4EB9000005344E5E4E754E5600004FEFFFF472001239200036B2700EB2806E0001427000B2806D00013A323B1A0848C14EFB1A00002E00910091009100910091009100910010009100160091001C0091002870E04EB90001E1066000010670DD4EB90001E106600000FA72C970B54EB9000169D41D40FFF94EB90001E106600000E270DC4EB90001E106600000D62EB92000525441EEFFFA4EB900003CAC1D4051
S3FD0001A5A8FFF81D40FFFB70001039200036AA7226B081670000A270001039200036A9B0816700009472003239200036A47000303920005248B280660870B54EB900023DDE72001239200036AD7000102EFFFAB280660870B54EB900023DDE72001239200036AC7000102EFFFBB280660870B54EB900023DDE700010392000347A0C80000000C2661870001039200034790C80000000BC660870A84EB90001E106122EFFFA102EFFFB4EB900003EA82D40FFFC23C020005254600C70B54EB900023DDE6000FF644E5E4E754E560000598F72001239200036B27002B28067104A81670000907006B280633E6000008670001039200036B34EB900020BF0F5
S3FD0001A6A070204EB9000005344239200036B27200303C00EB4EB900020BF0703E4EB90000053470584EB900000534604A70001039200036B34EB900020BF070204EB90000053472001239200036B253817000100153801D40FFFC13C0200036B27200120070001039200036B34EB900020BF0703E4EB9000005344E5E4E754E5600004E5E4E754E5600004E5E4E754E560000598F72001239200036B2670A7006B28065426000008A7200303C00EB4EB900020BF070204EB90000053470784EB900000534700213C0200036B2720270001039200036B34EB900020BF0703E4EB900000534604A70001039200036B34EB900020BF070204EB90000053403
S3FD0001A79872001239200036B252817000100152801D40FFFC13C0200036B27200120070001039200036B34EB900020BF0703E4EB9000005344E5E4E754E560000598F72001239200036B27002B280672A7004B280673C7006B280674E7008B2806774700AB280676E700CB2806768700EB28067624A81674A605C704113C0200042D470DC4EB900023DDE4EB9000141306044704D13C0200042D470DC4EB900023DDE4EB900014130602C704213C0200042D470DC4EB900023DDE4EB900014130601472DC70B54EB9000169D41D40FFFC4EB90001E1064E5E4E754E560000598F72001239200036B27002B280624AB2806600009070001039200036B30A
S3FD0001A8904EB900020BF070204EB90000053470EB13C0200036B34239200036B27200203C000000EB4EB900020BF0703E4EB90000053470584EB900000534604A70001039200036B34EB900020BF070204EB90000053472001239200036B253817000100153801D40FFFC13C0200036B27200120070001039200036B34EB900020BF0703E4EB9000005344E5E4E754E5600004E5E4E754E5600004E5E4E754E560000598F72001239200036B2670A700EB28065446000008C70001039200036B34EB900020BF070204EB90000053470784EB9000005344239200036B3700213C0200036B2720270004EB900020BF0703E4EB900000534604A700010398C
S3FD0001A988200036B34EB900020BF070204EB90000053472001239200036B252817000100152801D40FFFC13C0200036B27200120070001039200036B34EB900020BF0703E4EB9000005344E5E4E754E56000072001239200036B27002B280672A7004B280672E7006B28067327008B2806736700AB280673A700CB280673E700EB28067424A816748604E70B84EB90001E106604470A54EB90001E106603A70B34EB90001E106603070A64EB90001E106602670B94EB90001E106601C70BA4EB90001E106601270D04EB90001E106600870DA4EB90001E1064E5E4E754E560000598F72001239200036B27002B280624AB2806600009070001039200026
S3FD0001AA8036B34EB900020BF070204EB90000053470EB13C0200036B34239200036B27200203C000000EB4EB900020BF0703E4EB90000053470584EB900000534604A70001039200036B34EB900020BF070204EB90000053472001239200036B253817000100153801D40FFFC13C0200036B27200120070001039200036B34EB900020BF0703E4EB9000005344E5E4E754E5600004E5E4E754E5600004E5E4E754E560000598F72001239200036B2670A700EB28065446000008C70001039200036B34EB900020BF070204EB90000053470784EB9000005344239200036B3700213C0200036B2720270004EB900020BF0703E4EB900000534604A7000FA
S3FD0001AB781039200036B34EB900020BF070204EB90000053472001239200036B252817000100152801D40FFFC13C0200036B27200120070001039200036B34EB900020BF0703E4EB9000005344E5E4E754E56000072001239200036B27002B280672A7004B280672C7006B280672E7008B2806730700AB280673A700CB2806734700EB280672E4A81672260284EB90002637460204EB90002640260184EB90002658260104EB9000263FA600870B74EB90001E1064E5E4E754E5600004E5E4E754E5600004E5E4E754E5600004E5E4E754E5600004E5E4E754E56000072001239200036B27002B28067387004B28067327006B280672C7008B280672644
S3FD0001AC70700AB2806720700CB280671A700EB28067144A816702600E70B74EB90001E1064EB900020BA84E5E4E754E5600004E5E4E754E5600004E5E4E754E5600004E5E4E754E5600004E5E4E754E56000072001239200036B27002B28067387004B28067327006B280672C7008B2806726700AB2806720700CB280671A700EB28067144A816702600E70B74EB90001E1064EB900020BA84E5E4E754E560000598F72001239200036B27002B280624AB2806600009070001039200036B34EB900020BF070204EB90000053470EB13C0200036B34239200036B27200203C000000EB4EB900020BF0703E4EB90000053470584EB900000534604A700076
S3FD0001AD681039200036B34EB900020BF070204EB90000053472001239200036B253817000100153801D40FFFC13C0200036B27200120070001039200036B34EB900020BF0703E4EB9000005344E5E4E754E5600004E5E4E754E5600004E5E4E754E560000598F72001239200036B2670A700EB28065446000008C70001039200036B34EB900020BF070204EB90000053470784EB9000005344239200036B3700213C0200036B2720270004EB900020BF0703E4EB900000534604A70001039200036B34EB900020BF070204EB90000053472001239200036B252817000100152801D40FFFC13C0200036B27200120070001039200036B34EB900020BF0C5
S3FD0001AE60703E4EB9000005344E5E4E754E56000072001239200036B27002B280672A7004B280672C7006B28067387008B2806732700AB280672C700CB2806726700EB28067204A816714601A4EB900014C60601270AA4EB90001E106600870B74EB90001E1064E5E4E754E560000598F72001239200036B27002B280624AB2806600009070001039200036B34EB900020BF070204EB90000053470EB13C0200036B34239200036B27200203C000000EB4EB900020BF0703E4EB90000053470584EB900000534604A70001039200036B34EB900020BF070204EB90000053472001239200036B253817000100153801D40FFFC13C0200036B272001200F8
S3FD0001AF5870001039200036B34EB900020BF0703E4EB9000005344E5E4E754E5600004E5E4E754E5600004E5E4E754E560000598F72001239200036B2670A700AB28065446000008C70001039200036B34EB900020BF070204EB90000053470784EB9000005344239200036B3700213C0200036B2720270004EB900020BF0703E4EB900000534604A70001039200036B34EB900020BF070204EB90000053472001239200036B252817000100152801D40FFFC13C0200036B27200120070001039200036B34EB900020BF0703E4EB9000005344E5E4E754E56000072001239200036B27002B280672A7004B28067387006B28067467008B2806754700A2D
S3FD0001B050B2806762700CB2806778700EB28067724A816766606C41F9000258401039200036B24EB9000153D8605841F9000259641039200036B24EB9000153D8604441F900025B101039200036B24EB9000153D8603041F900025B3A1039200036B24EB9000153D8601C41F900025B641039200036B24EB9000153D8600870B74EB90001E1064E5E4E754E5600004E5E4E754E5600004E5E4E754E5600004E5E4E754E5600004E5E4E754E56000070A14EB90001E1064239200036AE4E5E4E754E560000518F2079200057A070001010674072001239200036B27004B2806700008E7008B280670000A67006B2806622728010104EB90000734670DBB6
S3FD0001B1484EB900023DDE7208303C00A84EB90001FD12600000E872001239200036B27004B2806200008EB280660000D270001039200036B34EB900020BF070204EB90000053470EB13C0200036B34239200036B27200203C000000EB4EB900020BF0703E4EB90000053470584EB9000005346000008C70DD1F400003740472802079200057A0101041F9200052484EB90001EDA8606A70DD1F400003740872802079200057A0101041F9200042CC4EB90001EDA8604A70001039200036B34EB900020BF070204EB90000053472001239200036B253817000100153801D40FFFC13C0200036B27200120070001039200036B34EB900020BF0703E4EB9AE
S3FD0001B240000005344E5E4E754E5600004FEFFFF02EB92000525441EEFFF44EB900003CAC1D40FFF71D40FFF872001239200036B27402B2826700014E7404B28267407406B2826700008E7008B280670000DE700AB2806700011A700CB2806700011E700EB280660001204EB90001423A4EB90001429470DD4EB900023DDE600001082079200057A070001010660000FA720032392000524852813D41FFFA33C120005248700030010C8000007D006306427920005248740041F9200052487204303C00884EB9000152CA70DD4EB900023DDE600000B47200122EFFF452811D41FFF51D41FFF4740014017209B48163287400422EFFF472001200528113
S3FD0001B3381D41FFF61D41FFF8700010010C80000000B363081D42FFF81D42FFF47206303C00884EB90001FD1270DD4EB900023DDE605A72003239200042CC52813D41FFFC33C1200042CC700030010C8000007D0063064279200042CC740041F9200042CC7208303C00884EB9000152CA70DD4EB900023DDE6016720A70884EB90001ECF6600A720C70884EB90001EC724E5E4E754E5600004FEFFFF472001239200036B27002B2806700014C7004B28067407006B2806700008C7008B280670000DE700AB28067000118700CB2806700011C700EB2806600011E4EB90001423A4EB90001429470DD4EB900023DDE600001062079200057A0700010103A
S3FD0001B430660000F8720032392000524853813D41FFFC33C12000524870003001660A303C7D0033C020005248740041F9200052487204303C00884EB9000152CA70DD4EB900023DDE600000B42EB92000525441EEFFFA4EB900003CAC1D40FFF91D40FFF87200122EFFFA662A72091D41FFFA7200120067267200120053811D41FFF8720870784EB90001FD1270DD4EB900023DDE606853811D41FFFA60E470B31D40FFF860DC72003239200042CC53813D41FFFE33C1200042CC70003001660A303C7D0033C0200042CC740041F9200042CC7208303C00884EB9000152CA70DD4EB900023DDE6016720A70884EB90001ECF6600A720C70884EB90001CD
S3FD0001B528EC724E5E4E754E5600004FEFFFEC43EEFFF841F90002C914720512D8538166FA42AEFFF441EEFFF82D48FFF42079200057A070001010671872001239200036B27004B28067207008B280673C600000E672001239200036B26750700CB2806500008A600000D070DD1F400003740472402079200057A0101041F9200052484EB90001EDA8600000AE70DD1F400003740872402079200057A0101041F9200042CC4EB90001EDA86000008C70001039200036B34EB900020BF070204EB90000053470784EB9000005344239200036B3700413C0200036B2720470004EB900020BF0703E4EB900000534604A70001039200036B34EB900020BF0F7
S3FD0001B62070204EB90000053472001239200036B252817000100152801D40FFF013C0200036B27200120070001039200036B34EB900020BF0703E4EB9000005344E5E4E754E5600004FEFFFEC43EEFFF441F90002C919720612D8538166FA42AEFFF043EEFFFA41F90002C91F720612D8538166FA72001239200036B2700EB2806E0000927000B2806D00008A323B1A0848C14EFB1A000036001C001C001C0010001C001D001C001E001C001F001C0025001C002B748872042039200057A020403039200052484EB90001EED2604660446042720A70884EB90001ECF66036720C70884EB90001EC72602A4EB90001423A4EB90001429470DD4EB9000236
S3FD0001B7183DDE601472DD70B54EB9000169D41D40FFEC4EB90001E1064E5E4E754E5600004E5E4E754E5600004E5E4E754E5600004E5E4E754E5600004E5E4E754E56000072001239200036B27002B280673A7004B28067347006B280672E7008B2806728700AB2806722700CB280671C700EB28067164A8167026010706413C020005AB970A64EB90001E1064E5E4E754E56000041F9000121AC4EB90001CE704E5E4E754E5600004E5E4E754E5600004E5E4E754E56000041F9000121AC4EB90001D01A4E5E4E754E560000598F70001039200036B2660A70A44EB90001E10660561039200036B24EB90000C9241D40FFFC13C0200036AD7400140009
S3FD0001B81072001239200042C8B4816730720012000C81000000C763024AC81039200036AD4EB900024C421D40FFFD72001200670A70A84EB90001E10660024AC84E5E4E754E56000072001239200036AC7065B280661C700010392000347B0C80000000D5660C4239200036AC4EB9000155544E5E4E754E5600004EB90001B85072001239200036B2670000967006B280671274F92001D082740014007007B480633E607C70001039200036B34EB900020BF070204EB90000053470CC13C0200036B34239200036B27200203C000000CC4EB900020BF0703E4EB900000534604070001039200036B34EB900020BF070204EB90000053470001039200045
S3FD0001B90836B2558013C0200036B27200120070001039200036B34EB900020BF0703E4EB9000005344E5E4E754E560000598F4EB90001B85072001239200036B2672472001239200036B2700EB280670000AA72001239200036B27004B280620000DE6000011E70001039200036B30C80000000CC67460C80000000E466C44EB900020BF070204EB90000053470784EB90000053470CC13C0200036B372001239200036B2203C000000CC4EB900020BF0703E4EB900000534600000C84EB900020BF070204EB90000053470E413C0200036B372001239200036B2203C000000E44EB900020BF0703E4EB90000053470584EB9000005346000008A70008C
S3FD0001BA001039200036B37438B0826600FF4A4EB900020BF070204EB900000534709813C0200036B372001239200036B2203C000000984EB900020BF0703E4EB900000534604470001039200036B34EB900020BF070204EB90000053470524EB90001679E1D40FFFC13C0200036B372001239200036B27400140020024EB900020BF0703E4EB9000005344E5E4E754E560000598F4EB90001B85072001239200036B2676872001239200036B2700EB280670000EA72001239200036B27004B2806300011A70001039200036B34EB900020BF070204EB900000534704C4EB90001679E1D40FFFC13C0200036B372001239200036B27400140020024EB910
S3FD0001BAF800020BF0703E4EB900000534600000D270001039200036B30C80000000CC67440C80000000E466804EB900020BF070204EB90000053470784EB90000053470CC13C0200036B372001239200036B2203C000000CC4EB900020BF0703E4EB900000534607C4EB900020BF070204EB90000053470E413C0200036B372001239200036B2203C000000E44EB900020BF0703E4EB90000053470584EB900000534604070001039200036B30C80000000986600FF084EB900020BF070204EB900000534703813C0200036B372001239200036B270384EB900020BF0703E4EB9000005344E5E4E754E5600004EB90001B85072001239200036B2672A22
S3FD0001BBF07006B2806778700CB280670000B472001239200036B27006B28063000104700EB280660000BC600000F870001039200036B34EB900020BF070204EB90000053470001039200036B30C80000000E4660870784EB900000534700813C0200036B3700613C0200036B2720670084EB900020BF0703E4EB900000534600000A470001039200036B34EB900020BF070204EB90000053470001039200036B2548013C0200036B27200120070001039200036B34EB900020BF0703E4EB900000534606072001239200036B37050B28067527068B280674C0C81000000806600FF32604070001039200036B34EB900020BF070204EB9000005347000A8
S3FD0001BCE81039200036B2548013C0200036B27200120070001039200036B34EB900020BF0703E4EB9000005344E5E4E754E5600002F074FEFFFDC43EEFFE841F90002C925721412D8538166FA42AEFFE4223C00023280700A4EB900016BAA70001039200036B2670A4A8066000314600009B070001039200036B30C80000000CC670000BA0C80000000E466000994700010392000347E0C80000000BC671E0C80000000C8670000860C80000000D5673E0C80000000E067106000096670A24EB90001E1066000095A70001039200034790C80000000DB6704600009464239200036AA70B54EB90001E1066000093420792000579442102039200057947F
S3FD0001BDE05280204042102039200057945880204042104239200036AD4239200036AC4239200036AB70D54EB90001E106600008F61039200034794EB90001E106600008E6700010392000347E243C000000BCB08267220C80000000C8670001880C80000000D567000110223C000000E0B081676A600008B2207920005794701310802079200057941D50FFDF601E7200122EFFDF43F92000368D20412009103008FF1380180053811D41FFDF7000102EFFDF66DA70E813C02000368D7213700043F9200042B441F92000368D4EB900004C5270C24EB90001E1066000084C70001039200034790C80000000A46730B082670C0C80000000DB673A60004C
S3FD0001BED8082C701443F92000368D41F9200042B44EB900004D0E70B54EB90001E1066000080C700010392000347C4A8057C049C04480B081670007F6701443F92000368D41F9200042B44EB900004D0E74007200701441F9200042B44EB900004DB474007200701441F92000368D4EB900004DB470B54EB90001E106600007B272001239200036AB7018B2806700008243F92000368D206EFFE44EB900022FEC1D40FFDE72001200671E41F92000368D4EB90001EC28701813C0200036AB4EB9000155546000076A720270004EB900020BF043EEFFE2701441EEFFE84EB900000622706513C0200036AC6000074441F92000368D4EB9000230861D40FB
S3FD0001BFD0FFDD13C02000347E700701F920003645600007224239200036AB701443F920005A4841F92000368D4EB90000373C1D40FFD972001200672641F92000368D1039200036AD4EB9000230E870A413C02000347B70D54EB90001E106600006D820792000579442102039200057945280204042102039200057945880204042104239200036AC4239200036AB4EB900015554600006A24EB90001B850700010392000347E2E3C000000E0B0876700035672001239200036B2700EB2806600015C70001039200036B37408B082670003407420B0826700038E7438B082670003DC0C8000000098670004280C80000000B0670004DE0C80000000C8B1
S3FD0001C0C8670005C2B087660006342039200057945280204070001010670006222039200057945880204072001210700BB280661620392000579452802040720012107001B280670005F82039200057945880204072001210700BB280661C20392000579452802240203920005794528020407000101053801280702613C0200036AA2039200057945280204010104EB90000495C1D40FFE01D40FFE14EB900015CE67200122EFFE17001B280630005922039200057945280204070001010B2806700057E72042039200057945280204070001010E7884EB900020BF070204EB9000005342039200057945280204010AEFFE172042039200057945280F5
S3FD0001C1C0204070001010E7884EB900020BF0705E4EB90000053420392000579458802040705610806000051E20392000579452802040720012107014B28064000508702613C0200036AA20792000579414101239200036B21039200036B34EB900015D641D40FFDA223920005794528120417200121041F92000368D11801800700010392000347F0C80000000E0660000AA7202203920005794528020407000101074FFD082E7884EB900020BF0203920005794528020407000101041F92000368D103008004EB90000053420392000579452802040720012107013B2806700010820392000579452802040700010106724720420392000579452802F
S3FD0001C2B820407000101074FFD082E7884EB900020BF070204EB90000053472042039200057945280204070001010E7884EB900020BF0705E4EB900000534600000B072022039200057945280204070001010E7884EB900020BF0700010392000347F0C80000000D5670003DA70001039200034800C80000000C8670003C8203920005794528020407000101041F92000368D103008004EB900000534203920005794528020407000101067247204203920005794528020407000101074FFD082E7884EB900020BF070204EB90000053472042039200057945280204070001010E7884EB900020BF0705E4EB900000534203920005794528022402039E3
S3FD0001C3B02000579452802040700010105280128020392000579458802040700B1080600003344EB90001C70E6000032A2079200057947E001E107415BE82670003184EB900020BF070204EB9000005344EB900015866700813C0200036B3700E13C0200036B2720E70084EB900020BF0703E4EB90000053420792000579470151080600002D42079200057947E001E107416BE82670002C24EB900020BF070204EB9000005344EB9000159E6702013C0200036B3700E13C0200036B2720E70204EB900020BF0703E4EB900000534207920005794701610806000027E2079200057947E001E107417BE826700026C4EB900020BF070204EB90000053475
S3FD0001C4A84EB900015B66703813C0200036B3700E13C0200036B2720E70384EB900020BF0703E4EB900000534207920005794701710806000022820392000579452802040700010106700021620392000579452802040720012107001B280670002002039200057945880204072001210700BB280661C2039200057945280224020392000579452802040700010105380128072042039200057945280204070001010E7884EB900020BF070204EB900000534203920005794528020407400141053821D42FFDB203920005794528020401082720470001002E7884EB900020BF0705E4EB900000534203920005794588020407056108060000168203963
S3FD0001C5A02000579452802040720012107013B280640001522039200057945880204072001210700BB280661C2039200057945280224020392000579452802040700010105380128072042039200057945280204070001010E7884EB900020BF070204EB900000534203920005794528020407400141052821D42FFDC203920005794528020401082720470001002E7884EB900020BF0705E4EB900000534203920005794528020407000101041F92000368D103008004EB900004B921D40FFD872001200661A203920005794528020407200121041F92000368D7020118018002039200057945880204070561080607820392000579458802040720022
S3FD0001C6981210700BB280661C2039200057945280224020392000579452802040700010105380128020392000579452802040720012107013B28062342039200057945280204010104EB9000048E04EB900015CE62039200057945880204070561080600C702A4EB9000005346000FC4E4FEF00242E1F4E5E4E754E560000598F72001239200036B2700EB280673620392000579452802040720012107014B280640000CA702613C0200036AA20392000579452802040720012107013B280630E600000AA4EB90001C804600000A020792000579414101239200036B21039200036B34EB900015D641D40FFFC223920005794528120417200121041F952
S3FD0001C7902000368D11801800203920005794528020407000101041F92000368D123008002039200057945280204010104EB90001F896203920005794528020401210203920005794528020407000101052804EB90001F470203920005794528022402039200057945280204070001010528012804E5E4E754E560000518F20392000579452802040700010106700015270001039200036B37268B0816E3EB0816D046000013C7220B0816E14B0816D046000012E7208B08167000126600001227238B0816E0AB08167000116600001127250B0816700010A60000106223C000000B0B0816E26B0816D026066223C00000080B0816E0AB081670000E6CB
S3FD0001C888600000E20C80000000986722600000D6223C000000C8B0816E08B081675E600000C40C80000000E06776600000B8724C2039200057945280204010104EB90001F3B61D40FFFA2239200057945281204110806000009072522039200057945280204010104EB90001F3B61D40FFF922392000579452812041108060682039200057945280204010104EB90001F39A1D40FFF822392000579452812041108060442039200057945280204010104EB90000495C1D40FFFC1D40FFFB4EB900015CE6203920005794528020401210102EFFFB4EB90001F4702039200057945280204010AEFFFB4E5E4E754E56000072001239200036B27002B2804F
S3FD0001C980673E7004B2806702603670001039200036B34EB900020BF070204EB900000534700213C0200036B2720270001039200036B34EB900020BF0703E4EB9000005344E5E4E754E5600004E5E4E754E5600004E5E4E754E56000072001239200036B27002B28067087004B2806738603670001039200036B34EB900020BF070204EB900000534700413C0200036B2720470001039200036B34EB900020BF0703E4EB9000005344E5E4E754E56000072001239200036B27002B28067107004B2806702600870B54EB90001E1064E5E4E754E560000598F72001239200036B27004B280624AB2806600009070001039200036B34EB900020BF070205A
S3FD0001CA784EB90000053470EB13C0200036B34239200036B27200203C000000EB4EB900020BF0703E4EB90000053470584EB900000534604A70001039200036B34EB900020BF070204EB90000053472001239200036B253817000100153801D40FFFC13C0200036B27200120070001039200036B34EB900020BF0703E4EB9000005344E5E4E754E5600004E5E4E754E5600004E5E4E754E560000598F72001239200036B2670A700EB28065446000008C70001039200036B34EB900020BF070204EB90000053470784EB9000005344239200036B3700413C0200036B2720470004EB900020BF0703E4EB900000534604A70001039200036B34EB9000200
S3FD0001CB700BF070204EB90000053472001239200036B252817000100152801D40FFFC13C0200036B27200120070001039200036B34EB900020BF0703E4EB9000005344E5E4E754E56000072001239200036B27002B280673E7004B28067247006B28067327008B280672C700AB2806726700CB2806720700EB280671A4A81671660144EB9000169864EB9000169AE70BF4EB900023DDE4E5E4E754E5600004E5E4E754E5600004E5E4E754E5600004E5E4E754E5600004E5E4E754E5600002039200057A85880204072001210700BB280661070C04EB900023DDE70A14EB90001E1064E5E4E754E56000072001239200036B26700008A7002B28067081B
S3FD0001CC687004B2806746607A70001039200036B34EB900020BF070204EB90000053470EF13C0200036B34239200036B27200203C000000EF4EB900020BF0703E4EB90000053470584EB900000534603670001039200036B34EB900020BF070204EB9000005344239200036B3700213C0200036B2720270004EB900020BF0703E4EB9000005344E5E4E754E5600004E5E4E754E5600004E5E4E754E56000072001239200036B267127002B280675A7004B280640000946000009070EF13C0200036B34239200036B27200203C000000EF4EB900020BF070204EB90000053470784EB9000005344239200036B3700213C0200036B2720270004EB9000223
S3FD0001CD600BF0703E4EB90000053460404239200036B3700213C0200036B2720270004EB900020BF070204EB9000005344239200036B3700413C0200036B2720470004EB900020BF0703E4EB9000005344E5E4E754E56000072001239200036B27000B28067127002B280670000907004B280675060000086700010392000347C0C80000000BC676C700010392000347A223C000000A4B08167140C80000000BC6702605870A14EB90001E106604E700010392000347EB081664270A14EB90001E1066038700010392000347A0C80000000BC670A0C80000000C56720601E1039200036AD4EB90002341870B54EB90001E106600870C14EB90001E10687
S3FD0001CE584E5E4E754E56000041F90001227C4EB90001CE704E5E4E754E5600004FEFFFF42D48FFF4422EFFFC70001039200036B30C80000000E3670001624EB90000C7401D40FFFB720012006752700213C0200036B2701013C0200036B3720270104EB900020BF070204EB9000005344239200036B270E313C0200036B37200203C000000E34EB900020BF0703E4EB90000053470584EB9000005346000010070A14EB9000124241D40FFFA1D40FFFD7200120066024AC8122EFFFD70A14EB90000C6C81D40FFF972001200674C72001239200036B270104EB900020BF070204EB900000534102EFFFD4EB90000C7B61D40FFF813C0200036B27210C2
S3FD0001CF5013C1200036B37200120070104EB900020BF0703E4EB900000534600000867200122EFFFD7007B280640C725370014EB90000C2EE600C7253102EFFFD4EB90000C2EE4EB90000C1BA206EFFF44E9072001239200036B270001039200036B34EB900020BF070204EB900000534701013C0200036B3102EFFFD4EB90000C7B61D40FFFE13C0200036B27200120070001039200036B34EB900020BF0703E4EB9000005344E5E4E754E5600004E5E4E754E5600004E5E4E754E56000041F90001227C4EB90001D01A4E5E4E754E5600004FEFFFF42D48FFF4422EFFFD4EB90000CD701D40FFFC7200120066000154725970004EB90000C2EE1D404A
S3FD0001D048FFFB720012000C81000000C76700013870001039200036B30C80000000E3671A70214EB9000124241D40FFFA1D40FFFE7200120066466000010E7200303C00E34EB900020BF070204EB90000053470784EB900000534701013C0200036B3700213C0200036B2720270104EB900020BF0703E4EB900000534600000CC220070214EB90000C6C81D40FFF972001200674A72001239200036B270104EB900020BF070204EB900000534102EFFFE4EB90000C7B61D40FFF813C0200036B2721013C1200036B37200120070104EB900020BF0703E4EB900000534606C7253102EFFFE4EB90000C2EE4EB90000C1BA206EFFF44E90720012392000AE
S3FD0001D14036B270001039200036B34EB900020BF070204EB900000534701013C0200036B3102EFFFE4EB90000C7B61D40FFFF13C0200036B27200120070001039200036B34EB900020BF0703E4EB9000005344E5E4E754E560000598F70001039200036B2675C1039200036B24EB90000C9241D40FFFD13C0200036AD740014007201B481676A7400140072001239200042C8B48167364239200036AC70C313C02000347A70C34EB900023DDE72C370A44EB9000169D41D40FFFC4EB90001E106602E70A44EB90001E1066024724213C1200036AC220070A14EB90000C8021D40FFFE13C0200036AB13C0200042C860AC4E5E4E754E56000041F900010F
S3FD0001D23823544EB90001CE704E5E4E754E5600004E5E4E754E5600004E5E4E754E56000041F9000123544EB90001D01A4E5E4E754E560000598F70001039200036B2660A70A44EB90001E106601E1039200036B24EB90000C9241D40FFFC13C0200036AD70C74EB90001E1064E5E4E754E56000041F9000122144EB90001CE704E5E4E754E5600004E5E4E754E5600004E5E4E754E56000041F9000122144EB90001D01A4E5E4E754E560000598F70001039200036B2660A70A44EB90001E106605C1039200036B24EB90000C9241D40FFFC13C0200036AD720012000C81000000C763024AC81039200036AD4EB900024C421D40FFFD720012006720BD
S3FD0001D33012392000347C70264EB900023E2270A413C02000347A70C24EB90001E10660024AC84E5E4E754E5600004FEFFFF02D48FFF070001039200036B2676E72001239200036B27004B2806674725D70004EB90000C2EE1D40FFFD720012007001B280665C72001239200036B270104EB900020BF070204EB90000053470E313C0200036B34239200036B27200203C000000E34EB900020BF0703E4EB90000053470584EB900000534600001FA70001039200036B30C80000000E36682600001E670454EB90000C13E1D40FFFC207920005798108020792000579872001210670001207008B280640000A4725D70004EB90000C2EE1D40FFFB720032
S3FD0001D42812007001B280665272001239200036B270104EB900020BF070204EB900000534701013C0200036B3207920005798121070014EB90001250C1D40FFFA13C0200036B27200120070104EB900020BF0703E4EB90000053460000152725870014EB90000C2EE207920005798121070014EB90001250C1D40FFF913C0200036B2206EFFF07200120020014EB90001FAE66000011A1039200036B24EB90000C9241D40FFF81D40FFFE725D70004EB90000C2EE1D40FFF77400140020792000579872001210B481630000867008B2806548725810104EB90000C2EE207920005798121020014EB90001250C1D40FFF613C0200036B2206EFFF0720064
S3FD0001D520120020014EB90001FAE6600000A6206EFFF070004EB90001FAE660000096725870014EB90000C2EE207920005798121070014EB90001250C1D40FFF513C0200036B2206EFFF07200120020014EB90001FAE6605E72001239200036B270001039200036B34EB900020BF070204EB900000534725D70004EB90000C2EE1D40FFF420792000579812104EB90001250C1D40FFFF13C0200036B27200120070001039200036B34EB900020BF0703E4EB9000005344E5E4E754E56000041F90001FA7E4EB90001D3564E5E4E754E5600004E5E4E754E5600004E5E4E754E56000041F90001FA7E4EB90001D60E4E5E4E754E5600004FEFFFF42D482C
S3FD0001D618FFF470001039200036B2660000D270001039200036B30C80000000E3660000C0705A4EB90000C13E1D40FFFC2079200057941080207920005794700010100C80000000C7640001A272001239200036B2303C00E34EB900020BF070204EB90000053470784EB900000534207920005794720012107008B280653A725810104EB90000C2EE4EB90000C1BA206EFFF44E90701013C0200036B34239200036B2720070104EB900020BF0703E4EB9000005346000013620792000579870001010E38813C0200036B27200120070104EB900020BF0703E4EB9000005346000010C1039200036B24EB90000C9241D40FFFB1D40FFFD70464EB90000E6
S3FD0001D710C13E1D40FFFA2079200057941080207920005794700010100C80000000C76504600000CE725C70004EB90000C2EE1D40FFF92079200057947400141072001200B4816352725810104EB90000C2EE4EB90000C1BA206EFFF44E9072001239200036B270104EB900020BF070204EB900000534700213C0200036B2701013C0200036B3720270104EB900020BF0703E4EB900000534605A72001239200036B270104EB900020BF070204EB900000534701013C0200036B3725D70004EB90000C2EE1D40FFF820792000579812104EB90001250C1D40FFFE13C0200036B27200120070104EB900020BF0703E4EB9000005344E5E4E754E5600009B
S3FD0001D808598F70001039200036B26720725B1039200036B24EB90000C2EE1D40FFFC720012000C81000000E8660C602870A44EB90001E106601E1039200036B24EB90000C9241D40FFFD13C0200036AD70C24EB90001E1064E5E4E754E56000041F9000123BC4EB90001D3564E5E4E754E5600004E5E4E754E5600004E5E4E754E56000041F9000123BC4EB90001D60E4E5E4E754E560000598F70001039200036B2674470001039200036B30C80000000E367341039200036B24EB90000C9241D40FFFC13C0200036AC70C713C0200042EA72C770C44EB9000169D41D40FFFD4EB90001E10660104239200036AD70A44EB90001E10660BC4E5E4E75AD
S3FD0001D9004E5600004E5E4E754E5600004E5E4E754E56000072001239200036B27000B280670000C8700CB280670A700EB2806762600000B84239200036B3720C70004EB900020BF070204EB900020DEC70014EB900020DEC4239200036B270EB13C0200036B37200203C000000EB4EB900020BF0703E4EB900020DEC70584EB900020DEC70014EB900020DEC70024EB900020DEC6058700E13C0200036B24239200036B3720E70004EB900020BF070204EB900020DEC70014EB900020DEC700C13C0200036B2720C70001039200036B34EB900020BF0703E4EB900020DEC70014EB900020DEC70024EB900020DEC4E5E4E754E56000072001239200015
S3FD0001D9F836B27000B2806712700CB280676A700EB280670000AC600000A87200303C00EB4EB900020BF070204EB900020DEC70784EB900020DEC70014EB900020DEC70024EB900020DEC700C13C0200036B24239200036B3720C70004EB900020BF0703E4EB900020DEC70014EB900020DEC70024EB900020DEC60484239200036B3720C70004EB900020BF070204EB900020DEC700E13C0200036B2720E70001039200036B34EB900020BF0703E4EB900020DEC70014EB900020DEC70024EB900020DEC4E5E4E754E560000598F72001239200036B27000B280670E700CB2806722700EB280671C601A72B570C94EB9000169D41D40FFFC4EB90001A9
S3FD0001DAF0E1064239200052584E5E4E754E5600004E5E4E754E5600004E5E4E754E5600004E5E4E754E5600004E5E4E754E5600004E5E4E754E5600004E5E4E754E56000070001039200036B3665A72001239200036B24EB900020BF070204EB900000534706E4EB900000534706F4EB900000534704E13C0200036B3700A13C0200036B2720A704E4EB900020BF0703E4EB90000053470534EB90000053470494EB9000005346062704E13C0200036B3700A13C0200036B2720A704E4EB900020BF070204EB90000053470734EB90000053470694EB9000005344239200036B3700A13C0200036B2720A70004EB900020BF0703E4EB900000534704EA7
S3FD0001DBE84EB900000534704F4EB9000005344E5E4E754E56000070001039200036B3665A72001239200036B24EB900020BF070204EB900000534706E4EB900000534706F4EB900000534704E13C0200036B3700A13C0200036B2720A704E4EB900020BF0703E4EB90000053470534EB90000053470494EB9000005346062704E13C0200036B3700A13C0200036B2720A704E4EB900020BF070204EB90000053470734EB90000053470694EB9000005344239200036B3700A13C0200036B2720A70004EB900020BF0703E4EB900000534704E4EB900000534704F4EB9000005344E5E4E754E5600004E5E4E754E5600004FEFFFF4740014392000347CE6
S3FD0001DCE0203C000000C3B4806E42B4806D04600000B4223C000000B5B4816E0AB481670001FE6000034E223C000000BCB4816E000342203C000000BBB4806D000336B48067000148B481672660000328203C000000C7B4806E0AB480670000CE600003140C82000000DB6700016E6000030670001039200036B3660E12392000347C70204EB900023E2272001239200036B3704EB280660002DE12392000347C70214EB900023E221039200036AD13C0200042C870BC13C02000347B70A14EB90001E106600002B072001239200036B3670001D0704EB2806652720074001439200036AD70FFD480702C4C0208007460D0824EB900024E4E7200123965
S3FD0001DDD8200036AC7042B280661A72251039200036AB4EB9000231E670A14EB90001E1066000025870A44EB90001E1066000024C72001239200036B367000178704EB2806600023841F9200042B44EB90002349A1039200042C84EB9000234D01039200036AD4EB90002354C4EB9000235201039200036AC4EB9000234D01039200036AC13C0200042C870A44EB90001E106600001EA700010392000347A0C80000000A4660001D872001239200036B367000122704EB280660001C412392000347C70264EB900023E221039200036AD13C0200042C870A14EB90001E1066000019E72001239200036B367000106704EB2806600018A12392000347C88
S3FD0001DED070214EB900023E2272001239200036AB701AB280660C70DB4EB90001E1066000016270A14EB90001E10660000156700010392000347A0C80000000BC664270001039200034790C80000000A46632B481662E72001239200036B367000108704EB2806600011E12392000347C70214EB900023E2270DB4EB90001E1066000010472001239200036B3670000EA704EB280660000F012392000347C70214EB900023E2270DB4EB90001E106600000D670A44EB90001E106600000CA4239200036AD4239200036AC4239200036AB70A44EB90001E106600000AC4239200036AD4239200036AC4239200036AB70A14EB90001E1066000008E2EB9EB
S3FD0001DFC82000525441EEFFF94EB900003CAC1D40FFF83039200036A433C0200052481039200036AD1D40FFF91039200036AC1D40FFFA72001239200036AB701AB280660A70DB4EB90001E106600870A14EB90001E106122EFFF9102EFFFA4EB900003EA82D40FFFC23C020005254601E4EB90001E05670DB4EB90001E106600E4EB90001E05670DB4EB90001E1064E5E4E754E560000518F1039200036AD1D40FFF91039200036AC1D40FFF83039200036A433C02000524870001039200036AB67024AC83039200036A233C0200042CC1039200036A813C0200042CB1039200036A713C0200042AE1039200036A613C0200042D4422EFFFA60207200F0
S3FD0001E0C0122EFFFA43F9200042B441F92000368D103018001380180052811D41FFFA7200122EFFFA7014B28065D4122EFFF9102EFFF84EB900003EA82D40FFFC23C0200052544E5E4E754E5600002F072F06518F1D40FFF014392000364508C2000713C220003645720042392000347C7C001C000C86000000E56E00083C0C86000000A16D0008320486000000A13C3B6A0848C64EFB6A0001B0036B023901C403D903D9041101550252041103FF03FF03FF03FF029104110411027D03D9027D02DF027D03C503D903D903D902CA02CA00C902CA02910252041100EA02CA02CA009F04110411041103B002680268026802680268026803C50252025259
S3FD0001E1B802A703EC027D02520291029102910291020B0411037F004604110335027D027D041103C503FF7C001C392000347B0C86000000A267140C86000000DB67360C86000000DE675E6000008608C2000713C22000364574A213C22000347A13C12000347C13C02000347F70A113C0200034796000074A08C2000713C22000364574DB13C22000347A13C12000347C725313C12000347E13C02000347F13C2200034796000071A08C2000713C22000364572DB13C12000347A70DE13C02000347C13C02000347F13C120003479600006F070F81D40FFF4600006E67C001C392000347E2E3C000000A4BC876704600006D07C001C392000347ABC873F
S3FD0001E2B0660006C208C2000713C22000364574A413C22000347913C22000347A13C12000347C725313C12000347E13C02000347F60000692700010392000347F0C80000000BC6702603008C2000713C22000364570A413C02000347A13C12000347C705313C02000347E70C213C02000347F70A113C020003479700010392000347B223C000000BCB081675A0C80000000BD670000840C80000000C5670460000628700010392000347E0C80000000A4670460000614700701F92000364572A413C12000347A42392000347C705313C02000347E70C213C02000347F13C120003479600005E4700701F92000364570BC13C02000347A42392000347C8F
S3FD0001E3A8705313C02000347E70C213C02000347F70A813C020003479600005B2700010392000347AB081660005A4700701F92000364570BC13C02000347A42392000347C70C213C02000347F70A813C0200034796000057A700010392000347F0C80000000B5674C0C80000000BB67046000055E700010392000347A0C80000000A46600054C08C2000713C22000364570A413C02000347A70A813C02000347C70BB13C02000347F70A113C0200034796000051E70001039200034790C80000000BC6600050C700010392000347A0C80000000C2660004FA08C2000713C22000364570BC13C02000347A70A813C02000347C70DB13C02000347E70B598
S3FD0001E4A013C02000347F70A413C020003479600004C408C2000713C22000364574A113C22000347A13C12000347C13C02000347F13C2200034796000049C7C001C392000347B0C86000000A267460C86000000C56704600004807C001C392000347E0C86000000A46600046E08C2000713C22000364574A113C22000347A13C12000347C13C02000347F13C2200034796000044608C2000713C22000364574A213C22000347A13C12000347C74BD13C22000347E13C02000347F70A113C02000347913C1200034806000040E7C001C392000347A0C86000000BC660004567C001C39200034790C86000000A4660004447C002E3C000000B5BE86660054
S3FD0001E598043608C2000713C22000364574B513C22000347A13C12000347C13C02000347F70BC13C020003479600003B208C2000713C22000364574A213C22000347A13C12000347C72BD13C12000347E13C02000347F70A113C0200034796000038008C2000713C22000364572A313C12000347A72A813C12000347C13C02000347F70A113C0200034796000035408C2000713C22000364574D113C22000347A72A813C12000347C13C02000347F13C2200034796000032A08C2000713C22000364574D613C22000347A13C12000347C13C02000347F13C2200034796000030208C2000713C22000364572A913C12000347A72A813C12000347C13C0D7
S3FD0001E6902000347F70A213C020003479600002D6720012392000347B0C81000000A3670003520C81000000A9660A08C2000713C22000364572A913C12000347A70A813C02000347C70E313C02000347F13C1200034796000029008C2000713C22000364574A413C22000347A13C12000347C13C02000347F70A113C02000347960000266700010392000347B0C80000000C2663C700010392000347A0C80000000BC662C08C2000713C22000364570C213C02000347A13C12000347C70B513C02000347F70BC13C0200034796000021A70001039200034790C80000000BC660002C0700010392000347B0C80000000BD660002AE700010392000347AA4
S3FD0001E7880C80000000B56600029C700701F92000364570C213C02000347A42392000347C70B513C02000347F70BC13C020003479600001BA70001039200034790C80000000BC6600028C700010392000347A0C80000000C26600027A700010392000347B0C80000000B56600026808C2000713C22000364570B513C02000347A70C213C02000347C70BD13C02000347E70E013C02000347F70BC13C0200034796000014E08C2000713C22000364574A113C22000347A13C12000347C13C02000347F13C2200034796000012672001239200034790C81000000BC66000222720012392000347A0C81000000C266000210720012392000347B0C8100000C
S3FD0001E88000B5660001FE08C2000713C22000364572B513C12000347A72C213C12000347C13C02000347F70BC13C020003479600000C408C2000713C22000364574B513C22000347A72A813C12000347C13C02000347F13C2200034796000009A08C2000713C22000364574DA13C22000347A72A813C12000347C13C02000347F13C220003479607008C2000713C22000364574B713C22000347A13C12000347C13C02000347F13C220003479604A08C2000713C22000364574A213C22000347A13C12000347C13C02000347F13C220003479602408C2000713C22000364574D413C22000347A13C12000347C13C02000347F13C2200034797000102E1D
S3FD0001E978FFF40C80000000F86600012A102EFFF013C02000347F10392000348413C02000348510392000348313C02000348410392000348213C02000348310392000347A13C02000348210392000347B13C02000347A600000E0700701F92000364570A213C02000347A42392000347C70BD13C02000347E102EFFF013C02000347F70A113C0200034796000FF7408C2000713C22000364574A313C22000347A72A813C12000347C13C02000347F13C2200034796000FF4A700701F92000364572DB13C12000347A70A813C02000347C102EFFF013C02000347F13C1200034796000FF1E700701F92000364572B513C12000347A42392000347C102EC9
S3FD0001EA70FFF013C02000347F13C1200034796000FEF4700701F92000364572B513C12000347A42392000347C102EFFF013C02000347F13C1200034796000FECA508F2C1F2E1F4E5E4E754E5600002F072F06518F1D40FFF01C392000364508C6000713C6200036457E0042392000347C72001200243C000000DEB2826704600000D2720012392000347B0C81000000A267120C81000000DB676EB28267000090600000AA08C6000713C62000364574A213C72000347C72A113C12000347913C02000347F10392000348413C02000348510392000348313C02000348410392000348213C02000348310392000348113C02000348213C220003481103989
S3FD0001EB682000347B13C02000347A604A08C6000713C62000364572DB13C12000347A13C72000347C13C02000347F13C120003479602472DB13C12000347A70DE13C02000347C13C02000347F13C120003479600670F71D40FFF47000102EFFF40C80000000F76652102EFFF013C02000347F10392000348413C02000348510392000348313C02000348410392000348213C02000348310392000348113C02000348210392000347A13C02000348110392000347B13C02000347A508F2C1F2E1F4E5E4E754E5600004FEFFFF42D48FFF4422EFFF86028226EFFF42D49FFFC200952802D40FFF47200122EFFF841F920005A4810111180180052811D4153
S3FD0001EC60FFF87200122EFFF87014B28065CC4E5E4E754E560000598F1D40FFFC1D41FFFD7400140122027400140020024EB900020BF072001239200042AE7041B280662A70414EB900000534706C4EB90000053470744EB90000053470614EB900000534704213C0200042AE602870424EB90000053470614EB900000534706A4EB90000053470614EB900000534704113C0200042AE4E5E4E754E560000598F1D40FFFC1D41FFFD7400140122027400140020024EB900020BF072001239200042CB7030B280661A70534EB90000053470694EB900000534703113C0200042CB6018704E4EB900000534706F4EB900000534703013C0200042CB4E5EE3
S3FD0001ED584E754E5600004FEFFFF42D48FFF41D40FFF8422EFFFC6024206EFFF47400142EFFFC103028001D40FFFD720012007030D2801181280052821D42FFFC7200122EFFFC7000102EFFF8B28065CC4E5E4E754E5600002F074FEFFFEC2D48FFE81D40FFEC1D41FFED1D42FFEE43EEFFF141F90002C939720512D8538166FA43EEFFF641F90002C93E720612D8538166FA7200122EFFEC7005B28063024AC8122EFFED102EFFEC206EFFE84EB900007534102E000B4EB900023DDE206EFFE8301041EEFFF14EB900003A7A700541EEFFF14EB90001ED5A703E1D40FFF67000102E000B0C80000000DD660670881D40FFF07400142EFFEC7005B480A4
S3FD0001EE5064407200122EFFEE7000102EFFF074F8D0824EB900020BF043EEFFF141EEFFF6102EFFEC4EB90001F12C122EFFEE102EFFF043EEFFF141EEFFF64EB90001F24660367200122EFFEE7000102EFFF07E059E8274084C07280090824EB900020BF041EEFFF17200122EFFEC70059081103008004EB9000005344FEF00142E1F4E5E4E754E5600004FEFFFDC3D40FFDC2D48FFE01D41FFE41D42FFE543EEFFFA41F90002C944720612D8538166FA42AEFFF043EEFFF441F90002C94A720612D8538166FA41EEFFFA2D48FFF0302EFFDC206EFFF04EB900003A7A7005206EFFF04EB90001ED5A703E1D40FFFF206EFFE010101D40FFE841EEFFF43D
S3FD0001EF482D48FFEC41EEFFFA2D48FFF0226EFFF0206EFFEC4EB90001F12C122EFFE4102EFFE5226EFFF0206EFFEC4EB90001F246206EFFE04EB90001EFA4206EFFE070001010660670051080600E12107000100153801D40FFE810804E5E4E754E5600004FEFFFF02D48FFF0422EFFFD700010392000347B0C80000000DD670460000162720012107000B280670C7001B280670001386000014C72001239200036B270004EB900020BF070774EB900020DEC1D40FFFC7400142EFFFD72001200D4811D42FFFD70654EB900020DEC1D40FFFB7400142EFFFD72001200D4811D42FFFD70654EB900020DEC1D40FFFA7400142EFFFD72001200D4811D42C3
S3FD0001F040FFFD70654EB900020DEC1D40FFF97400142EFFFD72001200D4811D42FFFD70654EB900020DEC1D40FFF87400142EFFFD72001200D4811D42FFFD70654EB900020DEC1D40FFF77400142EFFFD72001200D4811D42FFFD70654EB900020DEC1D40FFF67400142EFFFD72001200D4811D42FFFD70654EB900020DEC1D40FFF57400142EFFFD72001200D4811D42FFFD70024EB900020DEC1D40FFF47400142EFFFD72001200D4811D42FFFD70014EB900020DEC1D40FFFE7400142EFFFD72001200D4811D42FFFD70001002671C4AC8601872001239200036B270004EB900020BF0703E4EB900020DEC4E5E4E754E5600004FEFFFF41D40FFF41C
S3FD0001F1382D48FFF82D49FFFC720012007005B2806E0000F67000B2806D0000EE323B1A0848C14EFB1A0000070019002E003F005000617005108042280001700111400002700211400003700311400004700411400005600000B670051080422800017001114000027002114000037003114000047004114000057020134000056000008C42107001114000017002114000027003114000037005114000047004114000056068421070011140000170021140000270051140000370031140000470041140000560464210700111400001700511400002700211400003700311400004700411400005602442107005114000017001114000027002114003
S3FD0001F230000370031140000470041140000560024AC84E5E4E754E5600004FEFFFE42D48FFE42D49FFE81D40FFEC1D41FFED422EFFF0602C43EEFFF17200122EFFF0206EFFE4103018001380180043EEFFF7206EFFE8103018001380180052811D41FFF07200122EFFF07006B28065C87200122EFFED7000102EFFEC74F8D0824EB900020BF041EEFFF77000102EFFF1103008004EB900020DEC41EEFFF77000102EFFF2103008004EB900020DEC41EEFFF77000102EFFF3103008004EB900020DEC41EEFFF77000102EFFF4103008004EB900020DEC41EEFFF77000102EFFF5103008004EB900020DEC41EEFFF77000102EFFF6103008004EB90002A8
S3FD0001F3280DEC4E5E4E754E560000518F1D40FFF8720012007001B280661270011D40FFFD422EFFFC703E1D40FFFE6010422EFFFD70011D40FFFC70201D40FFFE102EFFFD4EB900020E0A720E303C00BE4EB900020BF0102EFFFE4EB90000053470424EB900000534102EFFFC4EB900020E0A4E5E4E754E560000518F1D40FFF81D40FFFC4EB900015CE6102EFFFC4E5E4E754E560000518F1D40FFF81D41FFF91D40FFFC740014017252B481664A740014007213B481650870131D40FFFC600A7200120052811D41FFFC7200122EFFFC41F92000368D7000103018006606702011801800122EFFF8102EFFFC4EB90001F470102EFFFC605072001200FE
S3FD0001F4207401B2826602604472001200B28264024AC87400142EFFFC53821D42FFFC7200120241F92000368D700010301800660A72001202702011801800122EFFF8102EFFFC4EB90001F470102EFFFC4E5E4E754E5600002F07598F1D40FFF81D41FFF97E001E0074001401BE82630A720012007014B280673872047000102EFFF974FFD082E7884EB900020BF070204EB90000053472047000102EFFF874FFD082E7884EB900020BF0705E4EB900000534588F2E1F4E5E4E754E5600004FEFFF143D40FF28203C4206C28F2D40FF4C203C4312999A2D40FF50203C42C000002D40FF90203CC28000002D40FF942F6E0008000C41EEFF9043EF000448
S3FD0001F51822D8229041EEFF982E884EB9000077C62F6E0008000C41EEFF9843EF000422D8229041EEFFA02E8832392000524870134EB9000086CA41EEFF9043EF000822D822902F6EFF98000441EEFFC02E88302EFF284EB90000824A2F6E0008000C41EEFFC843EF000422D8229041EEFF682E884EB9000077C62F6E0008000C41EEFF6843EF000422D8229041EEFFB02E8832392000524870A14EB9000086CA2F6E0008000C41EEFFC043EF000422D8229041EEFF582E884EB9000077C62F6E0008000C41EEFF5843EF000422D8229041EEFFD02E8832392000524870214EB9000086CA2EAE00084EB9000078662D40FF382D40FF442F40000C41EECF
S3FD0001F610FF9043EF000422D8229041EEFF602E884EB90000791C41EEFF9843EF000422D8229041EEFFE02E88302EFF284EB90000797E2F6E000800042EAEFF444EB900008A962D40FF302D40FF482F40000C41EEFFE043EF000422D8229041EEFF702E884EB9000077C62F6EFF48000C41EEFFE843EF000422D8229041EEFF802E884EB9000077C641EEFF7043EF000C22D8229041EEFF6843EF000422D8229041EEFFE02E884EB900008DDA41EEFF7043EF000C22D8229041EEFF5843EF000422D8229041EEFF882E884EB900008DDA43EEFFE841EEFF8822D8229041EEFF8043EF000C22D8229041EEFF6843EF000422D8229041EEFFF02E884EB988
S3FD0001F70800008DDA41EEFF8043EF000C22D8229041EEFF5843EF000422D8229041EEFF782E884EB900008DDA43EEFFF841EEFF7822D8229041EEFFA043EF000422D822D822D8229041EEFF342E884EB900008B3441EEFFB043EF000422D822D822D8229041EEFF2C2E884EB900008B3441EEFFD043EF000422D822D822D8229041EEFF3C2E884EB900008B3441EEFFE043EF000422D822D822D8229041EEFF402E884EB900008B3441EEFFF043EF000422D822D822D8229041EEFF542E884EB900008B347000102EFF373F4000067000102EFF363F4000027400142EFF357200122EFF3470014EB900020E367000102EFF2F3F4000067000102EFF2E3B
S3FD0001F8003F4000027400142EFF2D7200122EFF2C70014EB900020E367000102EFF3F3F4000067000102EFF3E3F4000027400142EFF3D7200122EFF3C70014EB900020E367000102EFF433F4000067000102EFF423F4000027400142EFF417200122EFF4070014EB900020E367000102EFF573F4000067000102EFF563F4000027400142EFF557200122EFF5470014EB900020E364E714E5E4E754E560000598F1D40FFFC1D41FFFD720274001400200274FFD082E7884EB900020BF0102EFFFD4EB9000005344E5E4E754E5600004FEFFFE03D40FFE03D41FFE22D48FFE41D42FFE843EEFFF82D49FFF07200122EFFE87040B2806614700030106606CA
S3FD0001F8F830BC7D0060082D48FFF4538030807000102EFFE80C8000000080661C206EFFE4700030100C8000007CFF6304425060082D48FFEC52803080206EFFE43010206EFFF04EB900003A7A206EFFF0322EFFE2302EFFE04EB90001524C4E5E4E754E5600004FEFFFEC43EEFFEE41F90002C950720912D8538166FA43EEFFF741F90002C959720912D8538166FA700010392000347B0C80000000DA663C7204303C00A84EB900020BF072001239200042D87031B280661243EEFFEC700941EEFFEE4EB900000622601043EEFFEC700941EEFFF74EB9000006224E5E4E754E5600004FEFFFEC43EEFFEE41F90002C962720912D8538166FA43EEFFF7BD
S3FD0001F9F041F90002C96B720912D8538166FA700010392000347B0C80000000DA663C7206303C00A84EB900020BF072001239200042D77031B280661243EEFFEC700941EEFFEE4EB900000622601043EEFFEC700941EEFFF74EB9000006224E5E4E754E560000700010392000347B0C80000000DA6618720A303C00B04EB900020BF01039200042D64EB9000005344E5E4E754E5600004FEFFFD043EEFFE441F90002C974721A12D8538166FA43EEFFD241F90002C98E720912D8538166FA43EEFFDB41F90002C997720912D8538166FA720070294EB900020BF04EB90000BE6443EEFFD0701A41EEFFE44EB9000006224EB90000BE644E5E4E754E5695
S3FD0001FAE80000518F3D40FFF82D48FFFC4EB900020BA84EB90000C1BA206EFFFC4E907000302EFFF86716322EFFF870104EB900020BF0703E4EB900000534602C70E313C0200036B34239200036B27200203C000000E34EB900020BF0703E4EB90000053470584EB9000005344E5E4E754E56000041F9200057AC23C82000579841F90001FA7E4EB9000120FA700501F9200036454E5E4E754E5600004FEFFFF01D40FFF041EEFFF72D48FFFC70011D40FFF470021D40FFF61D6EFFF0FFF5600000827200122EFFF670004EB900020BF07201102EFFF5206EFFFC4EB9000046C0206EFFFC720012107030B280670810104EB900000534206EFFFC720074
S3FD0001FBE0122800017030B280670A102800014EB900000534206EFFFC102800024EB9000005347000102EFFF452801D40FFF47000102EFFF654801D40FFF67000102EFFF552801D40FFF57200122EFFF47007B2806300FF744E5E4E754E560000518F1D40FFF8720012000C81000000A66E0000B60C81000000A16D0000AC0481000000A1323B1A0848C14EFB1A0000070013001F002B003700437204303C00C04EB900020BF01039200042F81D40FFFC60767206303C00C04EB900020BF01039200042F91D40FFFC605E7208303C00C04EB900020BF01039200042FB1D40FFFC6046720A303C00C04EB900020BF01039200042FF1D40FFFC602E720C6E
S3FD0001FCD8303C00C04EB900020BF01039200043031D40FFFC6016720E303C00C04EB900020BF01039200043081D40FFFC102EFFFC4EB9000005344E5E4E754E5600004FEFFFE83D40FFEC3D41FFEE41EEFFF32D48FFF82EB92000525441EEFFF24EB900003CAC1D40FFF11D40FFF07201206EFFF84EB9000046C07200122EFFF27009B2806304422EFFF2303C00A83D40FFEC322EFFEE303C00A84EB900020BF0102EFFF34EB900000534102EFFF44EB900000534102EFFF54EB900000534702E4EB9000005347000102EFFF27230D0814EB900000534122EFFF2102EFFF04EB900003EA82D40FFFC23C0200052544E5E4E754E5600004FEFFFE43D4052
S3FD0001FDD0FFE83D41FFEA41EEFFF22D48FFF82EB92000525441EEFFEE4EB900003CAC1D40FFED1D40FFEC7201206EFFF84EB9000046C07200122EFFEE7009B2806304422EFFEE7200322EFFE867187006B2806412302EFFE84EB90000C94E3D40FFF03D40FFE8322EFFEA302EFFE84EB900020BF0102EFFF24EB900000534102EFFF34EB900000534102EFFF44EB900000534702E4EB9000005347000102EFFEE7230D0814EB900000534122EFFEE102EFFEC4EB900003EA82D40FFFC23C0200052544E5E4E754E5600004FEFFFE81D40FFE843EEFFEE41F90002C9A0720912D8538166FA43EEFFF741F90002C9A9720912D8538166FA7200122EFFE8B4
S3FD0001FEC87001B280671A7002B28067547003B2806700008C7004B280670000C0600000F6720670484EB900020BF072001239200042E27030B280661443EEFFEC700941EEFFF74EB900000622600000CA43EEFFEC700941EEFFEE4EB900000622600000B6720870484EB900020BF072001239200042E17030B280661443EEFFEC700941EEFFF74EB9000006226000008A43EEFFEC700941EEFFEE4EB9000006226076720A70484EB900020BF072001239200042E07030B280661243EEFFEC700941EEFFF74EB900000622604C43EEFFEC700941EEFFEE4EB900000622603A720C70484EB900020BF072001239200042DF7030B280661243EEFFEC7009C1
S3FD0001FFC041EEFFF74EB900000622601043EEFFEC700941EEFFEE4EB9000006224E5E4E754E5600002F074FEFFFDC1D40FFD8422EFFF7422EFFF672011D41FFF5720012000C81000000B66E0003360C81000000B06D00032C0481000000B0323B1A0848C14EFB1A00009B006D00F200080084018E01417202707D4EB900020BF04EB9000226381D40FFF31D40FFF81D40FFF4605A7200122EFFF552811D41FFED1D41FFF5700010017E09B08763407400422EFFF57200122EFFF652811D41FFEC1D41FFF670001001B08763221D42FFF67000102EFFF752801D40FFEB1D40FFF7720012007002B28063041D42FFF77200122EFFF853811D41FFEA1D41A5
S3FD000200B8FFF870001001669070324EB9000005347000102EFFF77230D0814EB9000005347000102EFFF67230D0814EB9000005347000102EFFF57230D0814EB900000534600002447204707D4EB900020BF04EB9000226461D40FFF21D40FFF81D40FFF4720012006600026670011D40FFF86000025C7206707D4EB900020BF04EB9000226541D40FFF11D40FFF81D40FFF472001200660002AE70011D40FFF8600002A47208707D4EB900020BF04EB9000226201D40FFF01D40FFF81D40FFF4720012007018B2806304422EFFF87000102EFFF8670002AA603E7000102EFFF552801D40FFE91D40FFF5720012007009B28063247400422EFFF57000D7
S3FD000201B0102EFFF652801D40FFE81D40FFF6720012007018B28063041D42FFF67200122EFFF853811D41FFE71D41FFF87000100166AC7000102EFFF67230D0814EB9000005347000102EFFF57230D0814EB9000005346000013A720A707D4EB900020BF04EB9000226621D40FFEF1D40FFF81D40FFF47200120067000214603E7000102EFFF552801D40FFE61D40FFF5720012007009B28063247400422EFFF57000102EFFF652801D40FFE51D40FFF6720012007005B28063041D42FFF67200122EFFF853811D41FFE41D41FFF87000100166AC7000102EFFF67230D0814EB9000005347000102EFFF57230D0814EB9000005346000009C720C707D05
S3FD000202A84EB900020BF04EB90002277E1D40FFEE1D40FFF81D40FFF4720012006700017E603E7000102EFFF552801D40FFE31D40FFF5720012007009B28063247400422EFFF57000102EFFF652801D40FFE21D40FFF6720012007005B28063041D42FFF67200122EFFF853811D41FFE11D41FFF87000100166AC7000102EFFF67230D0814EB9000005347000102EFFF57230D0814EB900000534102EFFF4600001087000102EFFF552801D40FFE01D40FFF5720012007009B28063247400422EFFF57000102EFFF652801D40FFDF1D40FFF672001200700CB28063041D42FFF67200122EFFF853811D41FFDE1D41FFF87000100166AC7000102EFFF688
S3FD000203A07230D0814EB9000005347000102EFFF57230D0814EB90000053460827000102EFFF552801D40FFDD1D40FFF5720012007009B28063247400422EFFF57000102EFFF652801D40FFDC1D40FFF672001200701FB28063041D42FFF67200122EFFF853811D41FFF91D41FFF87000100166AC7000102EFFF67230D0814EB9000005347000102EFFF57230D0814EB9000005346000FF0C422EFFF56000FDA8422EFFF56000FE3E422EFFF56000FED44FEF00242E1F4E5E4E754E5600004FEFFFD443EEFFD841F90002C9B232D8129043EEFFDB41F90002C9B5721212D8538166FA43EEFFED41F90002C9C7721312D8538166FA4EB900020BA87200B9
S3FD00020498303C00EB4EB900020BF043EEFFD6700341EEFFD84EB900000622700813C0200036B3700C1D40FFD4700C700D13C0200036B2720C70084EB900020BF043EEFFD6701241EEFFDB4EB90000062270001039200036B252801D40FFD513C0200036B27200120070001039200036B34EB900020BF043EEFFD6701341EEFFED4EB900000622720C303C00B24EB900020BF043EEFFD6700341EEFFDB4EB900000622702E4EB90000053443EEFFD6700241EEFFED4EB90000062270534EB900000534720E303C00B24EB900020BF043EEFFD6700341EEFFDB4EB900000622702E4EB90000053443EEFFD6700241EEFFED4EB90000062270534EB9000060
S3FD000205900534704E13C0200052584239200036B24E5E4E754E5600004FEFFFD01D40FFD043EEFFEA41F90002C9DA720A12D8538166FA43EEFFE041F90002C9E4720A12D8538166FA43EEFFD641F90002C9EE720A12D8538166FA43EEFFF441F90002C9F8720A12D8538166FA700010392000347B0C80000000D8660001107000102EFFD00C80000000906700008A0C8000000091660000F67204303C00B14EB900020BF072001239200042DA7041B280670E7042B2806730704DB2806716603C43EEFFD4700A41EEFFEA4EB900000622600000BA43EEFFD4700A41EEFFE04EB900000622600000A643EEFFD4700A41EEFFD64EB9000006226000009280
S3FD00020688704D13C0200042DA43EEFFD4700A41EEFFE04EB90000062260767202303C00B14EB900020BF072001239200042DB7041B280670E7042B280672C704AB2806714603643EEFFD4700A41EEFFEA4EB900000622603C43EEFFD4700A41EEFFF44EB900000622602A43EEFFD4700A41EEFFD64EB9000006226018704A13C0200042DB43EEFFD4700A41EEFFF44EB9000006224E5E4E754E5600004FEFFFF42D48FFF470001039200042C87205B0816300008E725874FCD0824EB90000C2EE701013C0200036B3700A13C0200036B24EB90000C1BA206EFFF44E9072001239200036B270001039200036B34EB900020BF0703E4EB9000005347060F8
S3FD000207802D40FFFC70011D40FFF9602A202EFFFC4EB900024E001D40FFF87400142EFFF941F9200036B511802800722CD3AEFFFC52821D42FFF9223C00002269B2AEFFFC62CA6026725870014EB90000C2EE701013C0200036B370001039200042C8E38813C0200036B26000FF6C4E5E4E754E5600004FEFFFF42D40FFF41D41FFF87213B08167064AC86000009C70011D40FFFC60227400142EFFFC41F9200042B4720012302800700AB28067164A81671252821D42FFFC7200122EFFFC7014B28065D27200122EFFFC70024C40180170084C010800747894801D42FFFD7200122EFFF8700010024EB900020BF070011D40FFFD60227000102EFFFD0C
S3FD0002087841F9200042B4103008004EB9000005347000102EFFFD52801D40FFFD7200122EFFFD7000102EFFFCB28065CE4E5E4E754E560000518F1D40FFF84EB900027EBC1D40FFFC72001200671A4EB900027F1E1D40FFFD72001200670A102EFFF84EB9000208E04E5E4E754E5600004FEFFF841D40FF9870003039200056D62E804EB9000296682D40FFDC2D40FFA070003039200056D82E804EB9000296682D40FFD82D40FFE47200122EFF987045B280660001EC72001239200056CA7063B28062067001B28064064E714AC84E7172001239200056CA7062B280670A7063B2806704600000A470003039200052482E804EB9000296682D40FFC4C8
S3FD000209702F40000441EEFFF82E884EB900029B20202EFFF82F6EFFFC00102F40000C223CC000CCCC203CCCCCCCCD2F4000082F41000441EEFFF02E884EB900028D00202EFFF02F6EFFF400102F40000C223C40500666203C666666662F4000082F41000441EEFFE82E884EB90002A638202EFFE82F6EFFEC00042E804EB9000292E42D40FFD4720032003D41FF9C600000DE2F6EFFE400042EBC427400004EB9000297902D40FFB870003039200052482E804EB9000296682D40FFB02F4000042EBC427400004EB9000297902D40FFA42F4000042EAEFFB84EB90002AC4C2D40FFBC2F6EFFE400042EAEFFA04EB90002AC4C2D40FFA82F4000042EBC38
S3FD00020A68427800004EB9000297902D40FFC82F4000042EAEFFBC4EB90002AC682D40FFC02D40FFE02F6EFFE400042EAEFFA04EB90002AC4C2D40FFD02F4000042EBC3F8000004EB900029DDC2D40FFCC2F4000042EAEFFE04EB9000297902D40FFAC2E804EB9000292982D40FFB4720032003D41FF9C342EFF9C3F420006303C00C03F400002720170014EB900020E367000302EFF9C747F94803F420006303C00C03F400002720170014EB900020E364E5E4E754E5600004FEFFFF02D48FFF02D49FFF4422EFFFB10101D40FFFA1D51FFF9720012007001B28067087002B28067266042700C4EB900020DEC1D40FFF872001200670C7000102EFFFA28
S3FD00020B6052801D40FFFA422EFFF9602470014EB90000BF141D40FFFC72001200671270011D40FFFB1D40FFFA600670011D40FFFA206EFFF010AEFFFA206EFFF410AEFFF9102EFFFB4E5E4E754E5600004E714AC84E5E4E754E560000598F720070004EB900020BF0426EFFFC601470204EB900020DEC7000302EFFFC52803D40FFFC7000302EFFFC0C800000020065DE4E5E4E754E560000518F3D40FFF83D41FFFA20792000098C74504E901D40FFFC4E5E4E754E5600002F072F064FEFFFF02D48FFE83D40FFEC2D49FFF07400422EFFF6226E00081C111D46FFF5122900011D41FFF47E001E067C01BE8667087C02BE866722607672003200701F2E
S3FD00020C58B28063044E714AC8422EFFF47000102EFFF552801D40FFF5605C7C001C017E003E00BC876C3E74001401700010302800660C7000100152801D40FFF4603870001001103008004EB900020DEC1D40FFF77200120067207000102EFFF452801D40FFF4601270011D40FFF61D42FFF5600670011D40FFF5206EFFF04250206E000810AEFFF5116EFFF40001102EFFF64FEF00102C1F2E1F4E5E4E754E5600004FEFFFF02D48FFF03D40FFF42D49FFF8422EFFFE7200320066044E714AC8206E00087200121041F920003488103018001D40FFFD41F920003499143018001D42FFFC720012007001B28067087002B280672460667200322EFFF494
S3FD00020D50701FB28063044E714AC8422EFFFC7000102EFFFD52801D40FFFD604A720012027000302EFFF4B2806C2A206EFFF070001002103008004EB900020DEC1D40FFFF7200120067207000102EFFFC52801D40FFFC601270011D40FFFE422EFFFD600670011D40FFFD206EFFF84250226E00087200121141F920003488102EFFFD118018007200121141F920003499102EFFFC11801800102EFFFE4E5E4E754E560000518F1D40FFF820792000098C746372004E901D40FFFC4E5E4E754E560000518F1D40FFF872011D41FFFC7200120052811D41FFFD20792000098C7444720070004E904E5E4E754E5600004FEFFFD01D40FFD03D41FFD23D4288
S3FD00020E48FFD4700A3D40FFFE20792000098C74637200701F4E901D40FFE41D40FFF2302EFFFE4EB90000BEAE20792000098C7463720070284E901D40FFE31D40FFF1302EFFFE4EB90000BEAE20792000098C7463720070644E901D40FFE21D40FFF0302EFFFE4EB90000BEAE20792000098C7463720070114E901D40FFE11D40FFEF302EFFFE4EB90000BEAE20792000098C7463720070004E901D40FFE01D40FFEE302EFFFE4EB90000BEAE20792000098C74637200102EFFD04E901D40FFE81D40FFED302EFFFE4EB90000BEAE3D6EFFD2FFFC102EFFFD1D40FFFA20792000098C746372004E901D40FFDE1D40FFEC302EFFFE4EB90000BEAE102E0F
S3FD00020F40FFFC1D40FFF920792000098C746372004E901D40FFDD1D40FFEB302EFFFE4EB90000BEAE3D6EFFD4FFFC102EFFFD1D40FFF820792000098C746372004E901D40FFDC1D40FFEA302EFFFE4EB90000BEAE102EFFFC1D40FFF720792000098C746372004E901D40FFDB1D40FFD8302EFFFE4EB90000BEAE3D6E000AFFFC102EFFFD1D40FFF620792000098C746372004E901D40FFE91D40FFFB302EFFFE4EB90000BEAE102EFFFC1D40FFF520792000098C746372004E901D40FFD91D40FFE7302EFFFE4EB90000BEAE3D6E000EFFFC102EFFFD1D40FFF420792000098C746372004E901D40FFDF1D40FFE6302EFFFE4EB90000BEAE102EFFFC05
S3FD000210381D40FFF320792000098C746372004E901D40FFDA1D40FFE5302EFFFE4EB90000BEAE4E5E4E754E5600002F072F064FEFFFD41D40FFCC3D41FFCE3D42FFD02D48FFD42D49FFD8422EFFDD43EEFFF041F90002CA02720512D8538166FA206EFFD41C101D46FFE1102800011D40FFE32E2EFFD454872D47FFE8206EFFD82D48FFEC740014067207B4816E00018A7201B4816D0001825382343B2A0848C24EFB2A000008001A003900440081009C00AD30AEFFCE316EFFD00002316E000A0004316E000E00067000100652801D40FFE16000014A422EFFE3601C226EFFE87200122EFFE341EEFFF0103018001380180052811D41FFE37200122EAC
S3FD00021130FFE37005B28065D87000102EFFE152801D40FFE16000010C2047116EFFCC00057000100652801D40FFE1600000F6422EFFE370061D40FFE26050206EFFEC7000102EFFE332300A003D41FFE6122EFFE21D41FFE47E001E015287206EFFE874001401122EFFE7118128001D47FFDF7200120752811D41FFE274001407122EFFE61181280052801D40FFE37200122EFFE37004B28065A4422EFFE37000102EFFE152801D40FFE1607A204772001200103018001D40FFE020792000098C746372004E901D40FFDE1D40FFE57200120067527000102EFFE152801D40FFE16044302E00124EB90000BED81D40FFDC7200120067307000102EFFE1C5
S3FD0002122852801D40FFE1602274001400720DB481642C7200120052811D41FFE370051D40FFE1600670011D40FFE1206EFFD410AEFFE1116EFFE30001102EFFDD601070011D40FFDD700070011D40FFE160DC4FEF002C2C1F2E1F4E5E4E754E560000518F1D40FFF81D41FFF93D42FFFA700A3D40FFFE701F4EB900000534302EFFFE4EB90000BEAE70284EB900000534302EFFFE4EB90000BEAE70644EB900000534302EFFFE4EB90000BEAE70114EB900000534302EFFFE4EB90000BEAE7200122EFFF97001B280670C7002B280670670011D40FFF9102EFFF94EB900000534302EFFFE4EB90000BEAE7200122EFFF87001B280670A4A81670670011D
S3FD000213201D40FFF8102EFFF84EB900000534302EFFFE4EB90000BEAE3D6EFFFAFFFC102EFFFD4EB900000534302EFFFE4EB90000BEAE102EFFFC4EB900000534302EFFFE4EB90000BEAE3D6E000AFFFC102EFFFD4EB900000534302EFFFE4EB90000BEAE102EFFFC4EB900000534302EFFFE4EB90000BEAE3D6E000EFFFC102EFFFD4EB900000534302EFFFE4EB90000BEAE102EFFFC4EB900000534302EFFFE4EB90000BEAE3D6E0012FFFC102EFFFD4EB900000534302EFFFE4EB90000BEAE102EFFFC4EB900000534302EFFFE4EB90000BEAE4E5E4E754E5600002F072F064FEFFFC41D40FFBC1D41FFBD3D42FFBE422EFFF23C3C03E83D46FFF616
S3FD000214187C001C392000377D7E1EBC876E0006067E01BC876D0005FE53863C3B6A0848C64EFB6A00001F0038004D0066007B009400A900C200D700ED0107011C01300148015D017B019001AE01C301E201F70216022B024A025F027E029302B202C602E320792000098C74637200701F4E901D40FFDA1D40FFE872001200670005A0700010392000377D528013C02000377D6000058C303C03E84EB90000BED81D40FFD97200120067000576700010392000377D528013C02000377D6000056220792000098C7463720070284E901D40FFC11D40FFE77200120067000544700010392000377D528013C02000377D60000530303C03E84EB90000BED888
S3FD000215101D40FFF1720012006700051A700010392000377D528013C02000377D6000050620792000098C7463720070644E901D40FFD61D40FFE672001200670004E8700010392000377D528013C02000377D600004D4303C03E84EB90000BED81D40FFD572001200670004BE700010392000377D528013C02000377D600004AA20792000098C7463720070114E901D40FFD41D40FFE5720012006700048C700010392000377D528013C02000377D60000478303C03E84EB90000BED81D40FFD37200120067000462700010392000377D528013C02000377D6000044E70001001B0876710740014017002B480670670011D40FFBD700010392000377D89
S3FD00021608528013C02000377D6000042220792000098C74637200102EFFBD4E901D40FFD21D40FFE47200120067000402700010392000377D528013C02000377D600003EE303C03E84EB90000BED81D40FFD172001200670003D8700010392000377D528013C02000377D600003C472001200B287670C72001200670670011D40FFBC700010392000377D528013C02000377D6000039C20792000098C746372004E901D40FFD01D40FFE37200120067000380700010392000377D528013C02000377D6000036C303C03E84EB90000BED81D40FFCF7200120067000356700010392000377D528013C02000377D600003423D42FFF4102EFFF51D40FFF0DA
S3FD0002170020792000098C746372004E901D40FFCE1D40FFE2720012006700031A700010392000377D528013C02000377D60000306303C03E84EB90000BED81D40FFCD72001200670002F0700010392000377D528013C02000377D600002DC3D42FFF4102EFFF41D40FFEF20792000098C746372004E901D40FFCC1D40FFE172001200670002B4700010392000377D528013C02000377D600002A0303C03E84EB90000BED81D40FFD8720012006700028A700010392000377D528013C02000377D600002763D6E000AFFF4102EFFF51D40FFEE20792000098C746372004E901D40FFD71D40FFE0720012006700024C700010392000377D528013C02000D6
S3FD000217F8377D60000238303C03E84EB90000BED81D40FFC97200120067000222700010392000377D528013C02000377D6000020E3D6E000AFFF4102EFFF41D40FFED20792000098C746372004E901D40FFC81D40FFDF72001200670001E4700010392000377D528013C02000377D600001D0303C03E84EB90000BED81D40FFC772001200670001BA700010392000377D528013C02000377D600001A63D6E000EFFF4102EFFF51D40FFEC20792000098C746372004E901D40FFC61D40FFDE720012006700017C700010392000377D528013C02000377D60000168303C03E84EB90000BED81D40FFC57200120067000152700010392000377D528013C08B
S3FD000218F02000377D6000013E3D6E000EFFF4102EFFF41D40FFEB20792000098C746372004E901D40FFCA1D40FFDD7200120067000114700010392000377D528013C02000377D60000100303C03E84EB90000BED81D40FFC372001200670000EA700010392000377D528013C02000377D600000D63D6E0012FFF4102EFFF51D40FFEA20792000098C746372004E901D40FFC21D40FFDC72001200670000AC700010392000377D528013C02000377D60000098303C03E84EB90000BED81D40FFCB7200120067000082700010392000377D528013C02000377D606E3D6E0012FFF4102EFFF41D40FFE920792000098C746372004E901D40FFC01D40FFDB30
S3FD000219E8720012006746700010392000377D528013C02000377D6034303C03E84EB90000BED81D40FFC4720012006720700010392000377D528013C02000377D70011D40FFF26008700113C02000377D102EFFF24FEF003C2C1F2E1F4E5E4E754E5600004FEFFFF048EF00E0000470001039200036447E19EFA8741FE4A86700035072001239200036457A182001EBA8E4A86700033C700010392000377F7A52B0856E42B0856D04600002202C007A09B0856E267A01B0856D0002B653863C3B6A0848C64EFB6A00001E0155015501550155003C00B600C900E07251B081670001BE6000028C7A59B0856E0AB085670001F66000027C7A5AB085670058
S3FD00021AE0021260000270700010392000347C0C80000000A867000268700010392000347E0C80000000BD67000274700010392000347F670002A0700713C02000377F600002947A001A392000347F243C000000C2BA826E2ABA826D02605E223C000000A4BA816E000270203C000000A3BA806D000264BA806726BA81672260000258223C000000DBBA816E08BA816710600002460C85000000E067466000023A705313C02000347E700010392000377F528013C02000377F6000021E720012392000347A0C81000000BC6600020C725313C12000347E528013C02000377F600001F872001239200034790C81000000BC660001E6720012392000347AA7
S3FD00021BD80C81000000B5660001D4720012392000347CB282660001C6720012392000347B0C81000000BD660001B4725313C12000347E528013C02000377F600001A07A001A39200009BC7C1AEDADE4AD6700018EEFA9E4A966000186528013C02000377F6000017A41F92000377E70644EB90000BF501D40FFF27200120067000160700010392000377F528013C02000377F6000014C10392000347F4EB90000CDBA705113C02000377F6000013420792000082C720470A14E901D40FFF1720012006700011C700010392000377F528013C02000377F60000108720012392000084A7004B280670000DE705113C02000377F600000EC70054EB90000A0
S3FD00021CD0BF141D40FFF072001200670000D8700010392000377F528013C02000377F600000C47E001E39200009BC701AE1AFE4AF670000B2E1A9E4A9670000AA103920003645088000050880000713C020003645207920000830720470A14E9012392000347F13C12000347B700010010C80000000DE6608700601F9200009BC42392000377F6060700113C02000377F605610392000347F13C02000347C70A813C02000347B700713C02000377F603810392000347B13C02000347A70BD13C02000347B700613C02000377F601A2079200034604E901D40FFF3720012006708705913C02000377F4CEF00E000044E5E4E754E5600002F0C518F70005A
S3FD00021DC810392000378024007208B0816E0001667201B0816D00015E5382343B2A0848C24EFB2A000009001E0032004400510071008A009724392000378852822D42FFF823C220003788223C00013880B28264000132528013C02000378060000126700B4EB9000070B41D40FFF772001200670001127000103920003780528013C020003780600000FE720313C12000378172F213C12000378272FF13C120003783528013C020003780600000DA720213C120003784423920003785528013C020003780600000C028792000090041F9200008EC700010392000378543F920003781103108004E941D40FFF6720012006700009470001039200037808A
S3FD00021EC0528013C02000378060000080720012392000378552811D41FFF413C120003785740014017204B481640A538013C0200037806056528013C020003780604C70F24EB90000B8667000103920003780528013C0200037806032700B4EB9000071C61D40FFF57200120067207000103920003780528013C020003780600E700113C02000378042B920003788508F285F4E5E4E754E5600002F0C518F41F92000378D2D48FFF8720012392000378C7001B280670E7002B280671C7003B2806744606A700030392000090C6768528113C12000378C605E2879200008FC43F9200008EC206EFFF84E941D40FFF4720012006742700010392000378CE2
S3FD00021FB8528013C02000378C6030206EFFF810104EB9000005341D40FFF572001200661A700010392000378C528013C02000378C6008700113C02000378C508F285F4E5E4E754E5600002F07598F740014392000378E7001B48067107E02B487671E7203B481674C600000F4700113C02000378F528213C22000378E600000F443F92000379020392000069420404EB9000052E61D40FFF872001200670000D4700010392000378E528013C02000378E600000C0740014392000378FB4806710B487672CB481674A7004B4806768607C7000103920003790B081660A528213C22000378F606E700113C02000378F60647200123920003790702FB28044
S3FD000220B0660A528213C22000378F604C700113C02000378F604270001039200037900C80000000FF660A528213C22000378F6028700113C02000378F601E7000103920003790B0876726700113C02000378F6008700113C02000378F700213C02000378E6014700113C02000378E600A702F4EB90000B86660E2588F2E1F4E5E4E754E5600002F074FEFFFF01D40FFEC43EEFFF241F90002CA07720812D8538166FA1E392000349041EEFFF27400142EFFEC72001230280070FFB1811D41FFF0CE811D47FFF141F9200034784230281013C7200034904FEF00102E1F4E5E4E754E5600004FEFFFEC203C42C000002D40FFF8203CC28000002D40FFFCD9
S3FD000221A872001239200037917001B280670C7002B28067000092600000A8223C00007148700048D7000343F92000379C41F9200037944EB90000C0021D40FFF4720012006700008642392000348542392000348442392000348342392000348270A113C02000348170A213C02000347A70DE4EB90001EAB6706433C02000379E203CC008A01223C0200037A0203C430CF02123C0200037A47000103920003791528013C0200037916022700010392000379D0C80000000FF6612708013C0401100006008700113C0200037914E5E4E754E5600004FEFFFDC42AEFFF441EEFFF82D48FFF0206EFFF04EB90002230A206EFFF0102800064EB90002259AC7
S3FD000222A02D40FFE82D40FFF4206EFFF0102800054EB9000225082D40FFE4D1AEFFF4206EFFF0102800044EB9000224962D40FFECD1AEFFF4206EFFF0102800024EB9000223D82D40FFDCD1AEFFF4206EFFF01210102800014EB9000223542D40FFE0D0AEFFF42D40FFF44E5E4E754E5600004FEFFFF02D48FFF0720070004EB9000264942D48FFFC2D48FFF84EB900026216226EFFF810111D40FFF413C0200037AA206EFFF010801169000100011D690007FFF54E5E4E754E5600004FEFFFF41D40FFF41D41FFF542AEFFFC4EB90000866A1D40FFF81D40FFFB72001200670A7200120053811D41FFFB7000102EFFFB6744422EFFFA6012723CD3AE79
S3FD00022398FFFC7000102EFFFA52801D40FFFA7200122EFFFA7000102EFFFBB28065DE102EFFF54EB90000866A1D40FFF91D40FFFB74001400D5AEFFFC600270004E5E4E754E5600004FEFFFF41D40FFF442AEFFFC422EFFFA740014007240C481B4816634720012002001721FC0814EB90000866A1D40FFFB1D40FFFA7400142EFFF47220C481B481662672001200700CD2801D41FFFA6018720012002001723FC0814EB90000866A1D40FFF81D40FFFA7000102EFFFA670653801D40FFFA7000102EFFFA6736422EFFF9601A202EFFFC068000000E102D40FFFC7000102EFFF952801D40FFF97200122EFFF97000102EFFFAB28065D6202EFFFC60022D
S3FD0002249070004E5E4E754E5600004FEFFFF41D40FFF442AEFFFC4EB90000866A1D40FFF81D40FFFA72001200670A7200120053811D41FFFA7000102EFFFA6736422EFFF9601A202EFFFC0680000151802D40FFFC7000102EFFF952801D40FFF97200122EFFF97000102EFFFAB28065D6202EFFFC600270004E5E4E754E5600004FEFFFE81D40FFE843EEFFF441F90002CA0F720C12D8538166FA42AEFFF0102EFFE84EB90000866A1D40FFEC1D40FFEE72001200670A7200120053811D41FFEE7000102EFFEE6740422EFFED602441EEFFF47400142EFFED700010302800223C000151804C001800D3AEFFF052821D42FFED7200122EFFED7000102EA0
S3FD00022588FFEEB28065CC202EFFF0600270004E5E4E754E5600004FEFFFF01D40FFF042AEFFFC4EB90000866A1D40FFF41D40FFF7422EFFF86030142EFFF61D42FFF57000100252801D40FFF6720012027004B2806608422EFFF652AEFFFC7000102EFFF852801D40FFF87200122EFFF87000102EFFF7B28065C07200122EFFF0203C01E133804C010800223C000151804C2E1800FFFCD0814E5E4E754E560000598F2039400003C02D40FFFC102EFFFE4E5E4E754E5600001039200037AE4E5E4E754E5600001039200037AD4E5E4E754E5600001039200037AB4E5E4E754E560000598F2039400003C02D40FFFC102EFFFF4E5E4E754E560000598F4F
S3FD000226801D40FFFC13C0200037AE4E5E4E754E560000598F1D40FFFC13C0200037AD4E5E4E754E560000598F1D40FFFC13C0200037AB4E5E4E754E560000518F1D40FFF82239400003C02D41FFFC1D40FFFE202EFFFC23C0400003C04E5E4E754E560000518F1D40FFF82239400003C02D41FFFC1D40FFFF202EFFFC23C0400003C04E5E4E754E560000598F72001239200037A87041B280663470B64EB90001FFE01D40FFFC1D40FFFD72001200661E70B24EB90001FFE01D40FFFE1D40FFFD72001200660870B04EB90001FFE04E5E4E754E560000598F1D40FFFC13C0200037A8740014007241B4816712720012007064B2806708706413C020002C
S3FD0002277837A84E5E4E754E560000598F2039400003C42D40FFFC102EFFFF4E5E4E754E560000518F1D40FFF81D40FFFF202EFFFC23C0400003C44E5E4E754E5600004FEFFFF0700042AEFFFC204010104EB9000229F21D40FFF54EB900022796206EFFFC102800014EB9000229F21D40FFFB4EB9000226DC206EFFFC102800024EB9000229F21D40FFF34EB9000226B6206EFFFC102800034EB9000229F21D40FFF21D40FFFA13C0200037AC206EFFFC102800044EB9000229F21D40FFF41D40FFF913C0200037AB206EFFFC102800054EB9000229F21D40FFF01D40FFF813C0200037AD206EFFFC102800064EB9000229F21D40FFF11D40FFF713C071
S3FD00022870200037AE206EFFFC102800071D40FFF613C0200037A94EB9000264444E5E4E754E5600004FEFFFD82039400003C42D40FFEC102EFFEF1D40FFE51D40FFE44EB90002297A1D40FFDC72001200707FC2801D41FFF82039400003C02D40FFF0102EFFF31D40FFE31D40FFE24EB90002297A1D40FFE01D40FFF92039400003C02D40FFF4102EFFF61D40FFE11D40FFDF4EB90002297A1D40FFD81D40FFFA70011D40FFFB1039200037AB1D40FFDA4EB90002297A1D40FFD91D40FFFC1039200037AD1D40FFE64EB90002297A1D40FFDB1D40FFFD1039200037AE1D40FFDD4EB90002297A1D40FFDE1D40FFFE70101D40FFFF41EEFFF82D48FFE89A
S3FD0002296872087000206EFFE84EB9000264CE4E5E4E754E560000518F1D40FFF8422EFFFD422EFFFC72001200663860587000102EFFFD52801D40FFFE1D40FFFD72001200700AB2806610422EFFFD7000102EFFFC52801D40FFFC7000102EFFF853801D40FFF87000102EFFF866C27200122EFFFCE9891D41FFFC700010017200122EFFFD8081600270004E5E4E754E5600002F07518F7E001E00720FCE811D47FFF80280000000F07400140772001200E881700A4C010800D0821D40FFF4508F2E1F4E5E4E754E5600004FEFFF8043EEFFB141F90002CA1B720C12D8538166FA43EEFF9441F90002CA27720712D8538166FA43EEFFA641F90002CA2E3B
S3FD00022A60720B12D8538166FA43EEFF8841F90002CA39720512D8538166FA43EEFF9B41F90002CA3E720B12D8538166FA43EEFF8D41F90002CA49720712D8538166FA41EEFFB12D48FFC041EEFF942D48FFC441EEFFA62D48FFC841EEFF882D48FFCC41EEFF9B2D48FFD041EEFFD42D48FF84422EFF80605041EEFFC07000102EFF8020300C002240206EFF844EB900023850206EFF84722C43EEFF8D7000102EFF8074001431080070FFD480702C4C0208007460D0824EB900024E7A7000102EFF8052801D40FF807200122EFF807005B28065A44E5E4E754E5600002F074FEFFF7043EEFFAC41F90002CA50720E12D8538166FA43EEFFBA41F9000220
S3FD00022B58CA5E721312D8538166FA4239200042EA70FE13C02000343470034EB900024E001D40FF6C720012007046B280670003EE700113C0200042C8724670034EB900024E4E70034EB900024E001D40FF6D720012007046B280670870B013C02000343441EEFFCD2D48FF94206EFF942D48FF987E011D47FF8E13C7200042C8108774301D42FF8D13C2200042E9206EFF94114200071D47FF8C13C7200042E8206EFF94114700081D47FF8B13C7200042E7206EFF94114700091D47FF8A13C7200042E6206EFF941147000A1D42FF8913C2200042E1206EFF941142000D1D42FF8813C2200042E0206EFF941142000E1D42FF8713C2200042DF206EFF
S3FD00022C50FF941142000F1D42FF8613C2200042DE206EFF941142001072311D41FF8513C1200042DD206EFF941141001170501D40FF8413C0200042DC206EFF94114000121D41FF8313C1200042D7206EFF94114100131D41FF7413C1200042D6206EFF94114100141D41FF7D13C1200042D8206EFF94114100151D42FF6E13C2200042F8206EFF94114200161D42FF6F13C2200042F9206EFF94114200171D47FF9213C7200042FA206EFF94114700181D42FF9013C2200042FB206EFF94114200191D47FF8F13C7200042FC206EFF941147001A7000422EFF7B4239200042FD206EFF944228001B1D47FF7A13C7200042FE206EFF941147001C1D4262
S3FD00022D48FF7913C2200042FF206EFF941142001D1D47FF7813C720004300206EFF941147001E422EFF77423920004301206EFF944228001F1D47FF8213C720004302206EFF94114700201D42FF7513C220004303206EFF9411420021422EFF7F423920004304206EFF9442280022422EFF7C423920004305206EFF9442280023422EFF72423920004306206EFF94114000241D47FF7113C720004307206EFF94114700251D42FF7613C220004308206EFF94114200261D40FF8013C020004309206EFF94114000271D40FF9113C02000430A206EFF94114000281D47FF7013C72000430B206EFF94114700291D40FF7E13C02000430C206EFF94114050
S3FD00022E40002A70631D40FF8113C0200056CA206EFF941140002B206EFF94722C70084EB900024E7A41EEFFAC2D48FF98226EFF98206EFF944EB900023592206EFF94722C70344EB900024E7A206EFF94722C70604EB900024E7A422EFF73601441EEFFCD7000102EFF734230080052801D40FF737200122EFF737014B28065E070311D40FFCD206EFF947214203C000022944EB900024E7A70321D40FFCD206EFF947214203C000022A84EB900024E7A70331D40FFCD206EFF947214203C000022BC4EB900024E7A70341D40FFCD206EFF947214203C000022D04EB900024E7A422EFFCD41EEFFBA2D48FF94206EFF947214203C000022D04EB90002CB
S3FD00022F384E7A206EFF947214203C000022E44EB900024E7A703C33C020005250303C008233C020005248203C41F5999A23C020005254700101B920001760606E41EEFFCD2D48FF94722C70344EB900024E1C2D48FF9C2D48FF98206EFF944EB900023A2C722C70084EB900024E1C2D48FFA02D48FF944EB90002328E722C70344EB900024E1C2D48FFA42D48FF944EB900023A2C7214203C000022944EB900024E1C2D48FFA82D48FF946000FF6C4FEF00902E1F4E5E4E754E5600004FEFFFE42D48FFE42D49FFE843EEFFF841F90002CA71720512D8538166FA70011D40FFED1D40FFEE6042102EFFED4EB9000230BC2D48FFF42D48FFF07014224836
S3FD00023030206EFFE84EB90000373C1D40FFEC7200120066287000102EFFED52801D40FFED7000102EFFEE52801D40FFEE7200122EFFED7005B28065B270006016226EFFE441EEFFF87000102EFFEE10300800128070014E5E4E754E560000518F2D48FFF8224841EEFFFD4EB900022FEC1D40FFFC7200120067081D6EFFFDFFFE600670651D40FFFE102EFFFE4E5E4E754E5600004FEFFFF41D40FFF44EB9000231183D40FFF872147400340020024EB900024E1C2D48FFFC4E5E4E754E5600004FEFFFF41D40FFF42D48FFF84EB9000231183D40FFFC206EFFF872147400340020024EB900024E7A4E5E4E754E560000518F1D40FFF8426EFFFC720012
S3FD0002312812007001B28067147002B28067187003B280671C7004B28067206028303C22943D40FFFC6020303C22A83D40FFFC6016303C22BC3D40FFFC600C303C22D03D40FFFC60024AC8302EFFFC4E5E4E754E5600004FEFFFAC43EEFFB041F90002CA76725012D8538166FA70011D40FFAC603E102EFFAC4EB9000231183D40FFAE41EEFFB07400142EFFAC72FFD48172144C021800D1C172147400340020024EB900024E7A7000102EFFAC52801D40FFAC7200122EFFAC7005B28065B64E5E4E754E5600004FEFFFC41D40FFC41D41FFC541EEFFD42D48FFD07200122EFFC57021B28067087025B2806734607843F9200042B4206EFFD04EB9000288
S3FD000232203BFA206EFFD0722C74001439200042C870FFD480702C4C0208007460D0824EB900024E7A722C7400142EFFC470FFD480702C4C0208007460D0824EB900024E1C2D48FFC82D48FFD0722C70344EB900024E7A722C70344EB900024E1C2D48FFCC2D48FFD04EB900023A2C4E5E4E754E560000598F2D48FFFC101013C0200042C81028000713C0200042E91028000813C0200042E81028000913C0200042E71028000A13C0200042E670001028000B33C0200042E41028000C13C0200042E21028000D13C0200042E11028000E13C0200042E01028000F13C0200042DF1028001013C0200042DE1028001113C0200042DD1028001213C0200000
S3FD0002331842DC1028001313C0200042D71028001413C0200042D61028001513C0200042D81028001613C0200042F81028001713C0200042F91028001813C0200042FA1028001913C0200042FB1028001A13C0200042FC1028001B13C0200042FD1028001C13C0200042FE1028001D13C0200042FF1028001E13C0200043001028001F13C0200043011028002013C0200043021028002113C0200043031028002213C0200043041028002313C0200043051028002413C0200043061028002513C0200043071028002613C0200043081028002713C0200043091028002813C02000430A1028002913C02000430B1028002A13C02000430C1028002B13C091
S3FD00023410200056CA4E5E4E754E5600004FEFFFF01D40FFF0722C70344EB900024E1C2D48FFFC2D48FFF872001239200042C87001B280660C722C70604EB900024E7A60064EB900024C08102EFFF013C0200042C841F92000368D2D48FFF4226EFFF4206EFFF84EB900023850206EFFF8722C70344EB900024E7A206EFFF81039200042C84EB900023D744E5E4E754E5600004FEFFFC82D48FFC82D48FFCC43EEFFD42D49FFD02248206EFFD04EB900023BFA206EFFD0722C70344EB900024E7A4E5E4E754E5600004FEFFFC81D40FFC8720012007001B280673641EEFFD42D48FFD0722C70344EB900024E1C2D48FFCC2D48FFD0722C7400142EFFC8E3
S3FD0002350870FFD480702C4C0208007460D0824EB900024E7A4E5E4E754E5600004FEFFFCC41EEFFD42D48FFD0722C70344EB900024E1C2D48FFCC2D48FFD04EB900023A2C4E5E4E754E5600004FEFFFC81D40FFC841EEFFD42D48FFD0722C7400142EFFC870FFD480702C4C0208007460D0824EB900024E1C2D48FFCC2D48FFD0722C70344EB900024E7A4E5E4E754E5600004FEFFFC42D48FFC42D49FFC870E81D40FFCE12801D40FFCF13C0200042B41080102900011D40FFCC13C0200042B511400001102900021D40FFCD13C0200042B611400002102900031D40FFEA13C0200042B711400003102900041D40FFE913C0200042B81140000410294B
S3FD0002360000051D40FFE813C0200042B911400005102900061D40FFE713C0200042BA11400006102900071D40FFE613C0200042BB11400007102900081D40FFE513C0200042BC11400008102900091D40FFE413C0200042BD114000091029000A1D40FFE313C0200042BE1140000A1029000B1D40FFE213C0200042BF1140000B1029000C1D40FFE113C0200042C01140000C1029000D1D40FFE013C0200042C11140000D1029000E1D40FFDF13C0200042C21140000E1029000F1D40FFDE13C0200042C31140000F102900101D40FFDD13C0200042C411400010102900111D40FFD313C0200042C511400011102900121D40FFDB13C0200042C6114094
S3FD000236F80012102900131D40FFDA13C0200042C71140001370411D40FFD913C0200042DB114000141D40FFD813C0200042DA1140001572961D41FFD713C1200042D91141001674301D42FFD613C2200042D511420017223C41C8CCCD2D41FFF823C1200052542D41FFFC116EFFFC0018116EFFFD0019116EFFFE001A116EFFFF001B724D1D41FFD413C1200042D41141001C1D42FFDC13C2200042CB1142001D1D42FFD213C2200042CA1142001E72631D41FFD113C1200056CA1141001F1D42FFD013C2200042C91142002072193D41FFEE33C1200052483D41FFF0116EFFF00021116EFFF10022323C7D003D41FFF233C1200042CC3D41FFF0142ED2
S3FD000237F0FFF011420023122EFFF1114100241142002511410026720F3D41FFEC33C1200042B23D41FFF0116EFFF00027116EFFF10028721E3D41FFF433C1200042B03D41FFF0116EFFF00029116EFFF1002A1D40FFD513C0200042AE1140002B4E5E4E754E5600002F074FEFFFD82D48FFD42D49FFD870E81D40FFDE128010801169000100011169000200021169000300031169000400041169000500051169000600061169000700071169000800081169000900091169000A000A1169000B000B1169000C000C1169000D000D1169000E000E1169000F000F11690010001011690011001111690012001211690013001370411D40FFDF13C020000F
S3FD000238E842DB114000141D40FFDC13C0200042DA1140001572961D41FFDD13C1200042D91141001674301D42FFE613C2200042D511420017223C41C8CCCD2D41FFF423C1200052542D41FFF8116EFFF80018116EFFF90019116EFFFA001A116EFFFB001B724D1D41FFE413C1200042D41141001C1D42FFE213C2200042CB1142001D1D42FFE313C2200042CA1142001E72631D41FFE113C1200056CA1141001F1D42FFE013C2200042C9114200207E1E3D47FFEA33C7200052483D47FFEC116EFFEC0021116EFFED0022323C7A023D41FFEE33C1200042CC3D41FFEC33C120005250142EFFEC11420023122EFFED114100241142002511410026720F30
S3FD000239E03D41FFE833C1200042B23D41FFEC116EFFEC0027116EFFED00283D47FFF033C7200042B03D47FFEC116EFFEC0029116EFFED002A1D40FFE513C0200042AE1140002B4FEF00282E1F4E5E4E754E5600004FEFFFF02D48FFF0101013C0200042B41028000113C0200042B51028000213C0200042B61028000313C0200042B71028000413C0200042B81028000513C0200042B91028000613C0200042BA1028000713C0200042BB1028000813C0200042BC1028000913C0200042BD1028000A13C0200042BE1028000B13C0200042BF1028000C13C0200042C01028000D13C0200042C11028000E13C0200042C21028000F13C0200042C31028C0
S3FD00023AD8001013C0200042C41028001113C0200042C51028001213C0200042C61028001313C0200042C71028001413C0200042DB1028001513C0200042DA1028001613C0200042D91028001713C0200042D51D680018FFFC1D680019FFFD1D68001AFFFE1D68001BFFFF202EFFFC23C0200052541028001D13C0200042CB1028001E13C0200042CA1028001F13C0200056CA1028002013C0200042C91D680021FFF81D680022FFF9302EFFF833C0200052481D680023FFF81D680024FFF9302EFFF833C0200042CC1D680025FFF81D680026FFF9700F3D40FFF433C0200042B23D40FFF81D680027FFF81D680028FFF9701E3D40FFF633C0200042B0F2
S3FD00023BD03D40FFF81D680029FFF81D68002AFFF91028002B13C0200042AE7000302EFFF823C0200042D04E5E4E754E5600004FEFFFEC2D48FFEC2D49FFF010911169000100011169000200021169000300031169000400041169000500051169000600061169000700071169000800081169000900091169000A000A1169000B000B1169000C000C1169000D000D1169000E000E1169000F000F1169001000101169001100111169001200121169001300131039200042DB114000141039200042DA114000151039200042D9114000162039200052542D40FFFC116EFFFC0018116EFFFD0019116EFFFE001A116EFFFF001B1039200042D41140001C61
S3FD00023CC81039200042CB1140001D1039200042CA1140001E1039200056CA1140001F1039200042C9114000203039200052483D40FFFA116EFFFA0021116EFFFB00223039200042CC3D40FFFA122EFFFA11410023102EFFFB114000241141002511400026700F3D40FFF633C0200042B23D40FFFA116EFFFA0027116EFFFB0026701E3D40FFF833C0200042B03D40FFFA116EFFFA0027116EFFFB002870411D40FFF413C0200042AE114000294E5E4E754E560000518F1D40FFF82D48FFFC72001200671A722C7400140070FFD480702C4C0208007460D0824EB900024E7A4E5E4E754E5600004FEFFFF41D40FFF47200120067227200120070FFD280F8
S3FD00023DC0702C4C0108007260D0812D40FFF8722C4EB900024E1C2D48FFFC4E5E4E754E560000598F1D40FFFC13C0200042EA4E5E4E754E560000518F2D40FFF81D41FFFC1D42FFFD4EB900023E227200122EFFFD701CB280660870004EB90000AF5E4E5E4E754E5600004FEFFF242D40FF281D41FF2C42AEFFD042AEFFCC426EFF3072001239200036AD3D41FF3241EEFFD42D48FFD07400142EFF2C223C000000A4B4816E0AB4816700008060000D9A0C82000000E06E000D900C82000000B66D000D860482000000B6343B2A0848C24EFB2A00041306BB06BB06BB06BB00EF00AC06BB06BB06B806BB06BB06BB06BB06BB06BB06BB06BB06BB06BBDD
S3FD00023EB806BB06BB06BB06BB06BB06BB06BB0125018C01B701FE0225027402AB02D603070332037503B50418050D069805897221B2AEFF2866000D16720032392000524870003039200036A4B28067203039200052483D40FF3441EEFF342D48FFD0206EFFD0720270534EB900024E7A72003239200042CC70003039200036A2B28067203039200042CC3D40FF3441EEFF342D48FFD0206EFFD0720270554EB900024E7A72001239200042CB70001039200036A8B280670E1239200042CB704F4EB900024E4E72001239200042AE70001039200036A7B280670E1239200042AE705D4EB900024E4E72001239200042D470001039200036A6B280670E77
S3FD00023FB01239200042D4704E4EB900024E4E72001239200036AA7026B28066000C3841F9200042B42D48FFD0206EFFD04EB900024C8460000C207221B08166000C1841F92000368D2D48FFCC70001039200042C866024AC872001239200042C87001B280631841F9200042B44EB90002349A1039200042C84EB9000234D0226EFFCC206EFFD04EB900023592206EFFD0722C70344EB900024E7A206EFFD0722C74001439200036AD70FFD480702C4C0208007460D0824EB900024E7A60000B9A7226B08166000B9272001239200042C87001B280631841F9200042B44EB90002349A1039200042C84EB9000234D0722C74001439200036AD70FFD480EF
S3FD000240A8702C4C0208007460D0824EB900024E1C2D48FFB42D48FFD0722C70344EB900024E7A206EFFD04EB900023A2C60000B2E7220B0816656720670004EB900024E1C2D48FFB02D48FFD0101013C0200043031028000113C0200043081028000213C0200042F91028000313C0200042FF1028000413C0200042FB1028000513C0200042F84EB90002644460000AD270A04EB9000264542D48FFAC2D48FFD010B920004303206EFFD010392000430811400001206EFFD01039200042F911400002206EFFD01039200042FF11400003206EFFD01039200042FB11400004206EFFD01039200042F811400005206EFFD072067000302EFF304EB90002FE
S3FD000241A04E7A60000A607220B0816624720170004EB900024E1C2D48FF682D48FFD0101013C0200042E94EB90002644460000A3670A04EB9000264542D48FFA42D48FFD010B9200042E9206EFFD072017000302EFF304EB900024E7A60000A0A7220B0816638720370004EB900024E1C2D48FFA02D48FFD0101013C0200042E81028000113C0200042E71028000213C0200042E64EB900026444600009CC70A04EB9000264542D48FF9C2D48FFD010B9200042E8206EFFD01039200042E711400001206EFFD01039200042E611400002206EFFD072037000302EFF304EB900024E7A70004EB90000AF5E6000097C7220B0816626720170004EB900020C
S3FD000242984E1C2D48FF982D48FFD07000101033C0200042E44EB9000264446000095070A04EB9000264542D48FF942D48FFD072017000302EFF304EB900024E7A6000092E7220B0816642720470004EB900024E1C2D48FF902D48FFD0101013C0200042E21028000113C0200042E11028000213C0200042E01028000313C0200042DF4EB900026444600008E670A04EB9000264542D48FF8C2D48FFD010B9200042E2206EFFD01039200042E111400001206EFFD01039200042E011400002206EFFD01039200042DF11400003206EFFD072047000302EFF304EB900024E7A600008907220B081662E720270004EB900024E1C2D48FF882D48FFD010109B
S3FD0002439013C0200042DE1028000113C0200042DD4EB9000264446000085C70A04EB9000264542D48FF842D48FFD010B9200042DE206EFFD01039200042DD11400001206EFFD072027000302EFF304EB900024E7A600008227220B0816624720170004EB900024E1C2D48FF802D48FFD0101013C0200042DC4EB900026444600007F870A04EB9000264542D48FF7C2D48FFD010B9200042DC206EFFD072017000302EFF304EB900024E7A600007CC7220B081662E720270004EB900024E1C2D48FF782D48FFD0101013C0200042DB1028000113C0200042DA4EB9000264446000079870A04EB9000264542D48FF742D48FFD010B9200042DB206EFFD085
S3FD000244881039200042DA114000014EB9000284CC6000076A7220B0816624720170004EB900024E1C2D48FFC02D48FFD0101013C0200042D94EB9000264446000074070A04EB9000264542D48FF6C2D48FFD010B9200042D9206EFFD072017000302EFF304EB900024E7A600007147220B0816638720370004EB900024E1C2D48FF642D48FFD0101013C0200042D81028000113C0200042D71028000213C0200042D64EB900026444600006D670A04EB9000264542D48FFA82D48FFD010B9200042D8206EFFD01039200042D711400001206EFFD01039200042D611400002206EFFD072037000302EFF304EB900024E7A6000068E7221B0816600068627
S3FD00024580720032392000524870003039200036A4B280672A3039200052483D40FF34206EFFD010AEFF34206EFFD0116EFF350001206EFFD0720270534EB900024E7A72001239200036AB701AB2806600063841EEFFD42D48FFD0422EFFD4422EFFD5422EFFD6422EFFD7206EFFD0720470084EB900024EA46000060E7220B0816646720570004EB900024E1C2D48FF602D48FFD0101013C0200042D41D680001FFB81D680002FFB91D680003FFBA1D680004FFBB202EFFB823C0200042D04EB900026444600005C270A04EB9000264542D48FF5C2D48FFD010B9200042D42EB9200042D04EB9000296682D40FFC82D40FFB8206EFFD0116EFFB800015B
S3FD00024678206EFFD0116EFFB90002206EFFD0116EFFBA0003206EFFD0116EFFBB0004206EFFD072057000302EFF304EB900024E7A70004EB90000AF5E600005524EB900022890600005487220B081660000E8720570004EB900024E1C2D48FF582D48FFD01D50FF341D680001FF35302EFF3433C0200042CC1028000413C0200042CB4EB90002644472057000302EFF304EB900024E1C2D48FF542D48FFD0101013C0200042D41D680001FFB81D680002FFB91D680003FFBA1D680004FFBB202EFFB823C0200042D04EB90002644472077000302EFF304EB900024E1C2D48FF502D48FFD01D50FFB81D680001FFB9302EFF3433C0200052484EB900023A
S3FD00024770644470003039200042CC0C8000007D00630A303C7D0033C0200042CC70003039200052480C8000007D0063000468303C7D0033C0200052486000045A70A04EB9000264542D48FF4C2D48FFD03039200042CC3D40FF3442AEFFB810AEFFB8206EFFD0116EFFB90001206EFFD0116EFFBA0002206EFFD0116EFFBB0003206EFFD01039200042CB11400004206EFFD072057000302EFF304EB900024E7A70A04EB9000264542D48FF702D48FFD010B9200042D4206EFFD0116EFFB80001206EFFD0116EFFB90002206EFFD0116EFFBA0003206EFFD0116EFFBB0004206EFFD072057000302EFF304EB900024E7A70A04EB9000264542D48FFBC9D
S3FD000248682D48FFD03039200052483D40FF3410AEFF34206EFFD0116EFF350001206EFFD01039200042D511400004206EFFD072077000302EFF304EB900024E7A6000035E7220B0816642720370004EB900024E1C2D48FF402D48FFD0101013C0200042CA1028000113C0200056CA1028000213C0200042C94EB90002644472DB70204EB900023E226000031670A04EB9000264542D48FF3C2D48FFD010B9200042CA206EFFD01039200056CA11400001206EFFD01039200042C911400002206EFFD072037000302EFF304EB900024E7A3039200052483D40FF34206EFFD010AEFF34206EFFD0116EFF350001206EFFD072077000302EFF304EB900020E
S3FD000249604E7A70A04EB9000264542D48FF442D48FFD03039200042CC3D40FF3410AEFF34206EFFD0116EFF350001206EFFD072057000302EFF304EB900024E7A600002667220B081660000E4721470004EB900024E1C2D48FF482D48FFD0101013C0200042B41028000113C0200042B51028000213C0200042B61028000313C0200042B71028000413C0200042B81028000513C0200042B91028000613C0200042BA1028000713C0200042BB1028000813C0200042BC1028000913C0200042BD1028000A13C0200042BE1028000B13C0200042BF1028000C13C0200042C01028000D13C0200042C11028000E13C0200042C21028000F13C0200042C3B1
S3FD00024A581028001013C0200042C41028001113C0200042C51028001213C0200042C61028001313C0200042C74EB9000264446000017C70A04EB9000264542D48FF382D48FFD010B9200042B4206EFFD01039200042B511400001206EFFD01039200042B611400002206EFFD01039200042B711400003206EFFD01039200042B811400004206EFFD01039200042B911400005206EFFD01039200042BA11400006206EFFD01039200042BB11400007206EFFD01039200042BC11400008206EFFD01039200042BD11400009206EFFD01039200042BE1140000A206EFFD01039200042BF1140000B206EFFD01039200042C01140000C206EFFD01039200022
S3FD00024B5042C11140000D206EFFD01039200042C21140000E206EFFD01039200042C31140000F206EFFD01039200042C411400010206EFFD01039200042C511400011206EFFD01039200042C611400012206EFFD01039200042C711400013206EFFD072147000302EFF304EB900024E7A604624007205B081621C7201B08165165382343B2A0848C24EFB2A00000600060006000600067220B2AEFF28661A720070004EB900024E1C2D48FFC42D48FFD060064EB9000284CC4E5E4E754E560000518F722C70344EB900024E1C2D48FFFC2D48FFF8722C74001439200042C870FFD480702C4C0208007460D0824EB900024E7A4E5E4E754E5600004FEFEC
S3FD00024C48FFF41D40FFF4722C7400140070FFD480702C4C0208007460D0824EB900024E1C2D48FFFC2D48FFF8700010100C80000000E857C049C044804E5E4E754E560000598F2D48FFFC721470344EB900024E7A4E5E4E754E560000518F1D40FFF84EB900023DA62D48FFFC4E5E4E754E5600004FEFFFEC1D40FFEC72E01D41FFF11D40FFF26046722C7400142EFFF270FFD480702C4C0208007460D0824EB900024E1C2D48FFF42D48FFF82D48FFFC12101D41FFF0700010010C80000000E8661E7000102EFFF252801D40FFF27000102EFFF20C80000000C865AC70C86004102EFFF24E5E4E754E5600004FEFFFEC1D40FFEC72E01D41FFF17400EB
S3FD00024D4014007202B48167647200120070FFD2801D41FFF26046722C7400142EFFF270FFD480702C4C0208007460D0824EB900024E1C2D48FFF42D48FFF82D48FFFC12101D41FFF0700010010C80000000E866207000102EFFF253801D40FFF27200122EFFF27001B28062AE7000600870006004102EFFF24E5E4E754E5600004E5E4E754E560000705613C0200042ED4E5E4E754E560000518F3D40FFF8740172002041220070244EB900024ECA2D48FFFC23C8200037B0101013C0200037AF4E5E4E754E560000518F2D40FFF83D40FFFE4EB900024DD01D40FFFC4E5E4E754E5600004FEFFFEC2D40FFEC1D41FFF03D40FFF4740014017200204114
S3FD00024E38220070244EB900024ECA2D48FFFC2D48FFF84E5E4E754E5600004FEFFFF42D40FFF41D41FFF81D41FFFC3D40FFFE740141EEFFFC220070354EB900024ECA4E5E4E754E5600004FEFFFF02D40FFF01D41FFF42D48FFF83D40FFFC74001401220070354EB900024ECA4E5E4E754E560000518F1D40FFF81D41FFF92D48FFFC740014017200120070354EB9000250DC4E5E4E754E5600004FEFFFE41D40FFE43D41FFE62D48FFE83D42FFEC700030020C80000007D063024AC87200122EFFE47035B28066084AAEFFE866024AC87000302EFFE60C8000002292632C0C80000022E5641E342EFFEC206EFFE8322EFFE6102EFFE44EB900025032A8
S3FD00024F302D48FFF4600000F84AC86000008A0C80000022D0661E342EFFEC206EFFE8322EFFE6102EFFE44EB90002519A2D48FFF8600000CC0C80000022E4661E342EFFEC206EFFE8322EFFE6102EFFE44EB90002519A2D48FFFC600000A60C80000007D06334426EFFF060187200322EFFF041F9200037B470FF1180180052813D41FFF07000302EFFF00C80000000C765DA41F9200037B460687200122EFFE47024B28066127000302EFFE641F92000430F41F00800604A7035B28066403D6EFFE6FFF060207200322EFFF043F92000430F206EFFE810101380180052813D41FFF052AEFFE87200322EFFE67000302EFFECD2807000302EFFF0B28084
S3FD000250286EC8700020404E5E4E754E5600002F0C4FEFFFEC1D40FFE83D41FFEA2D48FFEC3D42FFF0700030010C800000229364024AC8303C22943D40FFF87400342EFFEA0482000022943D42FFF47200122EFFE87024B28066107000300241F92000387B41F0080060447035B280663E3D42FFF660207200322EFFF649F92000387B226EFFEC10111980180052813D41FFF652AEFFEC7200322EFFF47000302EFFF0D2807000302EFFF6B2806EC84FEF0014285F4E5E4E754E5600004FEFFFF01D40FFF03D41FFF22D48FFF43D42FFF8720032027038B28063024AC87200122EFFF07035B28066084AAEFFF466024AC87200322EFFF2703FB28063020F
S3FD000251204AC87400342EFFF27008B48064067000204060627200122EFFF07024B280660C41F92000404B41F02800604A7035B28066403D6EFFF2FFFC60207200322EFFFC43F92000404B206EFFF410101380180052813D41FFFC52AEFFF47200322EFFF27000302EFFF8D2807000302EFFFCB2806EC8700020404E5E4E754E5600002F0C2F074FEFFFF01D40FFE83D41FFEA2D48FFEC3D42FFF07E003E010687000022CA3D47FFF6740014007224B481674A720012007035B280664E3D47FFF460207200322EFFF449F920004083226EFFEC10111980180052813D41FFF452AEFFEC7200322EFFEA7000302EFFF0D2807000302EFFF4B2806EC8600EF5
S3FD000252187000300741F92000408341F008004FEF00102E1F285F4E5E4E754E560000598F422EFFFC6046422EFFFD60267000102EFFFCEF8841F920000AB041F008007000102EFFFD41F00800422800B052801D40FFFD7000102EFFFD0C800000008065CC7000102EFFFC52801D40FFFC7200122EFFFC7018B28065AE4E5E4E754E560000700213C040000208423920004BB8700101B92000329F70FB13C0401000594EB900025710727770014EB9000257FE41F900005D6223C82000328841F9000062A023C82000328C700701F92000329C41F9000061CA23C82000189441F9000060D023C8200018984E5E4E754E560000700113C0400002087002CF
S3FD0002531001F92000329C4E5E4E754E560000700113C020004BB84E5E4E754E560000423920004BB84E5E4E754E5600002F0C518F7400143920004AE222027006B4806E0001187001B4806D0001105381323B1A0848C14EFB1A0000070015001B00320041006F72003239200006C8700FB280630000F0528213C220004AE2600000E4528213C220004AE2600000D84EB90000139A3D40FFF67200320066147000103920004AE2528013C020004AE2600000B4423920004AE2600000AA528213C220004AE2423920004AF83039200006C833C020004AE06000008C2879200006B843F9200006A841F920004AE34E941D40FFF572001200672C1439200082
S3FD000254084AF81D42FFF470001002528013C020004AF87200120241F920004AE4103920004AE31180180060407000103920004AE2528013C020004AE2602E700701B92000329C43EEFFF8303920004AE041F920004AE44EB900001320423920004AE26008700113C020004AE2508F285F4E5E4E754E5600002F0C598F70001039200006D46700027E7400143920004AFF2202700DB4806E0002407001B4806D0002385381323B1A0848C14EFB1A00000E001C0022003B005600650077007F009500AB00C900DF010C72003239200007007005B2806300022E528213C220004AFF60000222528213C220004AFF6000021643F920004AFC41F920004AFAD0
S3FD000255004EB9000061CA1D40FFFA72001200670001F87000103920004AFF528013C020004AFF600001E4323920004B0048C1303920004AFA48C0B280660001AC323920004B0248C1303920004AFC48C0B28066000196423920004AFF600001AE4A7920004AFA660001944A7920004AFC6600018A423920004AFF60000190528213C220004AFF303920004AFA33C020004B00303920004AFC33C020004B026000016C700313C02000000470F113C020000005303920004AFA43F92000000741F9200000064EB9000077A27000103920004AFF528013C020004AFF60000130303920004AFC43F92000000941F9200000084EB9000077A2700010392000EA
S3FD000255F84AFF528013C020004AFF60000104720441F92000000670134EB9000077281D40FFF913C02000000A700213C02000000B7000103920004AFF528013C020004AFF423920004AFE600000C820792000082C720970A24E901D40FFF872001200670000B07000103920004AFF528013C020004AFF6000009C2879200006BC41F9200006A87000103920004AFE43F920000004103108004E941D40FFFB7200120067107000103920004AFE528013C020004AFE7200123920004AFE7007B28063527000103920004AFF528013C020004AFF6040207920000830720970A24E90423920004AFF602C700113C020004AFF60227000103920004AFF52808F
S3FD000256F013C020004AFF60107000103920004AFF528013C020004AFF588F285F4E5E4E754E560000423920004B1441F920004B2423C820004B1843F920004BA423C920004B1C423920004BA443F920004B1423C920004BA843F920004B9423C920004BAC23C820004BB46042207920004BB44210203920004BB4588020407410203920004BB4D0822080203920004BB45080204072F0203920004BB4D0812080207920004BB44210D5B920004BB441F920004B94203920004BB4B1C064AE5880204020BC20004B14203920004BB45080204020BC20004B944E5E4E754E560000598F1D40FFFC7200123920004BB8671E74001400223C00000080C481C1
S3FD000257E8B481660813C020004B0D600613C020004B0E4E5E4E754E560000598F1D40FFFC1D41FFFD740014017277B4816620720012007001B280660A70AA13C020004B04600870BB13C020004B0470006006103920004B044E5E4E754E5600004FEFFFF01D40FFF074001400223C00000080C481B481660000D070004EB900000EE4700701B92000329F70031D40FFF670051D40FFF7701F1D40FFF870021D40FFF97200122EFFF0707FC2801D41FFFA22792000328841F92000327470034E9122792000328841F920003274102EFFF74E9122792000328841F920003274102EFFF84E9122792000328841F920003274102EFFF94E912279200032888D
S3FD000258E041F920003274102EFFFA4E91720241EEFFF9102EFFF84EB9000077281D40FFF51D40FFF422792000328841F9200032744E9122792000328841F92000327470024E9170014EB900000EE4603414392000329F08820007720012007001C280C28070001001EF88848013C22000329F700010027218E3A8721FE2A84EB900000EE44E5E4E754E5600002F074FEFFFF01D40FFEC72031D41FFF272051D41FFF3721B1D41FFF472011D41FFF572321D41FFF674001400223C00000080C481B481670000D01E392000329F08870005240002820000000172001202EB898E8113C72000329F72001200675422792000328841F92000327470034E9175
S3FD000259D822792000328841F92000327470034E9122792000328841F92000327470144E9122792000328841F92000327470134E9122792000328841F92000327470024E91600000EC22792000328841F92000327470034E9122792000328841F92000327470034E9122792000328841F92000327470154E9122792000328841F92000327470E44E9122792000328841F92000327470024E916000009822792000328841F92000327470034E9122792000328841F920003274102EFFF34E9122792000328841F920003274102EFFF44E9122792000328841F920003274102EFFF54E9122792000328841F920003274102EFFF64E91720241EEFFF5102EC8
S3FD00025AD0FFF44EB9000077281D40FFF11D40FFF022792000328841F9200032744E9122792000328841F92000327470024E91700501B92000329F4FEF00102E1F4E5E4E754E560000598F1D40FFFC14392000329F088200067201C08172001200ED89848113C22000329F4E5E4E754E560000598F1D40FFFC14392000329F088200047201C08172001200E989848113C22000329F4E5E4E754E560000598F1D40FFFC14392000329F088200037201C08172001200E789848113C22000329F4E5E4E754E5600004E5E4E754E5600004EB9000011104E5E4E754E560000518F1D40FFF81239200006981D41FFFC740014017249B4816712725AB48167229D
S3FD00025BC8725BB4816700010460000266720012007003B28066000260705A1D40FFFC6000025613C02000069972001200704CB2806E0000CE7044B2806D0000C6048100000044323B1A0848C14EFB1A00000A0013001C0025002E003700400049005270CE13C0200006A4705B1D40FFFC6000020870CF13C0200006A4705B1D40FFFC600001F670D013C0200006A4705B1D40FFFC600001E470B513C0200006A4705B1D40FFFC600001D270B413C0200006A4705B1D40FFFC600001C070B313C0200006A4705B1D40FFFC600001AE70B213C0200006A4705B1D40FFFC6000019C70B113C0200006A4705B1D40FFFC6000018A70B013C0200006A4705BDC
S3FD00025CC01D40FFFC6000017870491D40FFFC6000016E74001400223C000000CEB4816E38B4816D02605022020C82000000B56E00013A0C82000000B06D0001300481000000B0323B1A0848C14EFB1A0000830077006B005F00530045203C000000CFB4806E08B4806730600001020C82000000D06744600000F67200120070001039200006A4B280660000EA2079200006A070CE4E90600000DC7200122EFFF870001039200006A4B280660000C8700113C0200006D4600000BC7200122EFFF870001039200006A4B280660000A84239200006D46000009E7200120070001039200006A4B2806600008C4EB9000180226000008272001200700010391D
S3FD00025DB8200006A4B28066704EB90001813860687200120070001039200006A4B28066584EB90001824860507200120070001039200006A4B28066404EB90001834060387200120070001039200006A4B28066284EB90001843860207200120070001039200006A4B2806610708013C040110000600670491D40FFFC70491D40FFFC600670491D40FFFC102EFFFC13C0200006984E5E4E754E5600004EB9000253384EB9000254784E5E4E754E560000518F4EB9000265C641F90002674823C82000516841F90002636423C82000517041F9000262F823C82000516C41F9000262E423C82000517441F90002600223C82000517841F90002603223C842
S3FD00025EB02000517C41F9000262BE23C820005180705613C02000518841F900025FD223C82000518470D013C02000512A70A013C0200050F14EB90002605E41F9000063D623C820004C4C41F9000063EA23C820004C4441F920004BF023C820004C3441F920004BBE23C820004C2441F920004C2123C820004C3841F920004BEF23C820004C28423920004BBD423920004BBC41F90000644823C820004C5041F920004BF02D48FFF8206EFFF823C820004C4023C820004C3C41F90000645423C820004C4841F920004BBE2D48FFFC206EFFFC23C820004C3023C820004C2C423920004C54705613C020004C55423920004C5641F9000262F823C82000AA
S3FD00025FA84C6441F90002673023C820004C6841F90002675E23C820004C6C423920004C744EB90000635E4E5E4E754E560000598F1D40FFFC720012007001B280660A700601F940000308600E700601B9400003081039400003084E5E4E754E560000598F1D40FFFC720012007010B280660A700401F940000308600E700401B9400003081039400003084E5E4E754E560000598F72001239400003087010C280B280660870101D40FFFC600670EF1D40FFFC102EFFFC4E5E4E754E5600002F07598F422EFFF8605C7E001E2EFFF86762700EBE806700009474484C07280043F920004C7C2207528170484C01080041F108002388280C43F920004C7CB8
S3FD000260A070FFDE8070484C07080041F108002388281041F920004C7C423028087000102EFFF852801D40FFF87200122EFFF8700FB2806598605841F920004C7C23C8200050B42039200050B423C020004C7841F92000506C23C820004C8C41F920004CC423C820004C88423920004C8460AE41F92000502423C82000507C41F920004C7C23C820005078423920005074608E588F2E1F4E5E4E754E5600004FEFFFF02D40FFF01D41FFF41D42FFF52D48FFF82039200050B45080204070001010671E2279200050B420690010700010280008660000A02029001023C0200050B42039200050B45880204020AEFFF02039200050B45480204010AEFFF46A
S3FD000261982039200050B452802040142E000B10822039200050B45080204010AEFFF57200122E000B7032B28064061D42FFFE600670321D40FFFE1D6EFFFEFFFC422EFFFD60227200122EFFFD2039200050B4D0812240206EFFF8103018001340001452811D41FFFD7200122EFFFD7000102EFFFCB28065CE7001600270004E5E4E754E560000598F2D48FFFC42104E5E4E754E560000598F1D40FFFC74001439200051887256B481667A528213C220005188720012000C81000000D0660E41F92000512A23C820005164600C41F9200050F123C82000516420392000516454802040720012107035B28067147037B280670E703BB2806708703CB280E8
S3FD000262906702602020792000516C4E9020792000518470014E9020792000516410104EB9000262E470006002700A4E5E4E754E560000598F1D40FFFC72001200670A700301F9400003086008700301B9400003084E5E4E754E560000598F1D40FFFC13C0400003104E5E4E754E560000598F42394000030870A013C0400003081039400003101D40FFFC42394000030C423940000308708013C040000308720012394000030C7020C280B2806616700501F940000308700501B940000308103940000308700401F940000308700501F9400003084E5E4E754E560000700201F9400003084E5E4E754E5600004FEFFFF443EEFFF641F90002CAC67209AF
S3FD0002638812D8538166FA700913C02000512B703513C02000512C70011D40FFF4601E7200122EFFF443F92000512A41EEFFF6103018001380180352811D41FFF47200122EFFF47009B28065D6700A13C02000512D42392000515F70D04EB9000262261D40FFF5720012004A8157C049C044804E5E4E754E5600004E5E4E754E560000598F70D013C02000512A700113C02000515F700913C02000512B703713C02000512C70D04EB9000262261D40FFFC720012004A8157C049C044804E5E4E754E560000705613C0200051884E5E4E754E560000598F1D40FFFC720012007038B28067220C81000000A0670A0C81000000D0670A601641F9200050F64F
S3FD00026480600E41F92000512F600641F9200050BD4E5E4E754E5600004FEFFFF01D40FFF41D41FFF5700042AEFFFC422EFFF81F4100032040740072527000102EFFF44EB90002613641F92000430F4E5E4E754E5600004FEFFFF42D48FFF41D40FFF81D41FFF942392000515F74001401528213C22000512B13C02000512D70011D40FFFD422EFFFC602A7400142EFFFD43F92000512D206EFFF47200122EFFFC103018001380280052821D42FFFD52811D41FFFC7200122EFFFD700010392000512BB28065C470D013C02000512A703513C02000512C60024E7170D04EB9000262261D40FFFE72001200700AB28067E860024E717200123920005188F1
S3FD000265787056B28062F04E5E4E754E560000518F4EB9000265C642AEFFFC422EFFF8601E122EFFF8202EFFFC4EB90002660A52AEFFFC7000102EFFF852801D40FFF8223C0000012CB2AEFFFC62D64E5E4E754E560000598F706013C040000308701F13C040000304703813C04000030041F9400003082D48FFFC206EFFFC700701D070D013C040000308708113C04000030C4E5E4E754E5600002F074FEFFFF02D40FFEC1D41FFF07E001E39200051887456BE82667274D813C2400003082D40FFF842392000512674A013C2200050F1740113C2200050F2744113C2200050F313C1200050F4122EFFFA13C120005127122EFFFB13C12000512841F930
S3FD00026670200050F123C820005164220070A04EB9000266A61D40FFF413C020005129728113C14000030C4EB9000266E64FEF00102E1F4E5E4E754E5600004FEFFFF01D40FFF02D41FFF4740014000C82000000A06702601E2D41FFFC082E0000FFFD670870A21D40FFF8600670A01D40FFF8102EFFF84E5E4E754E560000598F1D40FFFC705713C0200051884EB90002670E207920005174102EFFFC4E904E5E4E754E560000598F10394000030C1D40FFFC080000056608700501F9400003084E5E4E754E5600007000700001394000030C57C049C044804E5E4E754E560000700501B9400003081039400003084E5E4E754E560000700501B94000EA
S3FD0002676803081039400003084E5E4E7540E746FC27004E5600004FEFFFE848EF030700044EB90002679A4CEF030700044E5E588F4E734E560000700101B94000030C10394000030C4E5E4E754E5600004E5E4E754E5600004EB90000069C4E5E4E754E560000598F41EEFFFC4EB900000420102EFFFC22392000069420414EB9000052884E5E4E754E56000070AA13C0200036884E5E4E754E5600004E5E4E754E560000700501F9200009BC4E5E4E754E5600004E5E4E754E5600004E5E4E754E5600004EB900022702700010392000329E0C80000000FA6408528013C02000329E4EB900025B8E4E5E4E754E5600004EB900028A764E5E4E754E5665
S3FD0002686000004EB9000287704E5E4E754E5600004E714E5E4E754E560000598F41EEFFFC4EB9000011221D40FFFD72001200660C102EFFFC4EB900025BA4600870004EB9000257C84E5E4E754E5600004E714E5E4E754E5600004E714E5E4E754E5600002F074FEFFFF04EB900028A3E70FF13C0200051A87000103920005198528013C020005198720012007002B28065124239200051984EB90000BAF24EB90000BCA270434EB90000B86632392000518C3D41FFF670003001528033C02000518C700030010C8000000190631842792000518C41F94010000F2D48FFF8206EFFF87003015034392000518E3D42FFEE70003002528033C02000518EF3
S3FD00026958720032027064B280630C42792000518E52B9200052103239200051903D41FFF070003001528033C020005190700030010C80000003E863164279200051907000303920005214528033C0200052143239200051923D41FFF270003001528033C020005192700030010C80000007D06342427920005192700010392000519652801D40FFED13C02000519672001200700BB2806306423920005196700010392000519641F92000000C30300A0033C0200052163239200051943D41FFF470003001528033C020005194700030010C80000003E86342427920005194700010392000519752801D40FFEC13C02000519772001200700BB280630604
S3FD00026A50423920005197700010392000519741F92000002420300C0023C02000521824392000519C2E39200051A072017000DE81D58023C22000519C23C7200051A04FEF00102E1F4E5E4E754E560000700701F92000329C4E5E4E754E5600002F07518F70004279200008E874001439200008D4721AE3AA721FE2AA6674720503F9200008D43439401A001633C2200008E43239401A00043D41FFF67E003E0272003239200008E29E813D47FFF474003407720DB4816550740034077208B481624674003439200008E652823D42FFF833C2200008E6720032020C81000007D0632C33C0200008E670414EB90000B4F8601C700501B9200008D43039EB
S3FD00026B48401A001633C0200008E260064279200008E6508F2E1F4E5E4E754E560000518F1D40FFF81D40FFFC4E5E4E754E560000700701F9200008D470414EB90000B4F84E5E4E754E5600004E5E4E754E56000072001239200008D4701BE1A9701FE0A9671070003039200008EA528033C0200008EA70003039200032DC528033C0200032DC70003039200032D6528033C0200032D672003239200009D2670A7032D28033C1200009D252B9200051A44E5E4E754E5600004E5E4E754E5600004E5E4E754E560000518F41F9200056F44EB900026D8241F900026F8823C8200051E4705613C0200036894EB900005E9C41F9200056404EB900026E1C65
S3FD00026C4041F9200055984EB900026ED441F9200057C0429042A8000442AEFFF8603042AEFFFC601E202EFFF8E98841F9200040AE41F00800202EFFFC4230080052802D40FFFC7210B2AEFFFC6EDA52AEFFF87220B2AEFFF86EC8709613C020005220103920001760088000070880000213C02000176041F900027F2823C8200056DC41F90000999223C8200056E04E5E4E754E560000598F426EFFFC426EFFFE70001039200051A97201B08167147202B08167327203B08167567204B081677A6078740014392000520C7218E3AA721FE2AA676E720703B92000520C528013C0200051A9605C43F9200051AA41F9200051F63039200051F24EB9000027
S3FD00026D38A13C70001039200051A9528013C0200051A9603243F9200051C641F9200051F83039200051F44EB90000A13C70001039200051A9528013C0200051A96008700113C0200051A94E5E4E754E560000518F2D48FFF823C8200056F020BC200057042039200056F05880224022BC2000578443F92000578423C9200056EC2279200056EC22882039200056EC5880224022BC2000577423C8200056E82039200056EC23C0200056E472102039200056F0D0812D40FFFC601E206EFFFC7410202EFFFCD082208072F0202EFFFCD08121400004D5AEFFFC206EFFFCB1F9200056EC65D64E5E4E754E5600004FEFFFF42D48FFF423C82000563C20BCA2
S3FD00026E302000564C20392000563C5880224022BC200056AC43F9200056AC23C92000563822792000563822882039200056385880204020BC200056A0720C20392000563CD0812D40FFFC601E206EFFFC740C202EFFFCD082208072F4202EFFFCD08121400004D5AEFFFC206EFFFCB1F92000563865D6422EFFF8601C7200122EFFF8700C4C01080041F9200056404230080852811D41FFF87200122EFFF8700AB28065D84E5E4E754E560000518F2D48FFF823C82000559420BC200055A82039200055945880224022BC2000562820392000559450802240421143F92000562823C92000559022792000559022882039200055905880204020BC2000C1
S3FD00026F2856182039200055905080204042107210203920005594D0812D40FFFC6026206EFFFC7410202EFFFCD082208072F0202EFFFCD081214000044228000842280008D5AEFFFC206EFFFCB1F92000559065CE20392000559423C0200055904E5E4E754E5600004FEFFFB4426EFFBA426EFFB8426EFFB643EEFFBC41F90002CAD0722132D8538166FA70301D40FFB44E5E4E754E5600004FEFFFE870001039200056CA6608706313C0200056CA4A79200056B86608706433C0200056B83039200056B848C02E804EB9000296B82D40FFFC2F4000042EBC428000004EB900029DDC2D40FFF823C0200056C4705F13C0200056C8704013C0200056C913
S3FD0002702072001239200056CA7063B2806E000BBC7000B2806D000BB4323B1A0848C14EFB1A000065006600760085009400A300B200C100D000DF00EE00FD010C011B012A013901480157016601750184019301A201B101C001CF01DD01EB01F90207021502230231023F024D025B026902770285029302A102AF02BD02CB02D902E702F503030311031F032D033B03490357036503730381038F039D03AB03B903C703D503E303F103FF040D041B04290437044504530461046F047D048B049904A704B504C304D104DF04ED04FB05090517052505330541054F055D056B05790587059505A205AE05BB05C805CF4AC8303C7D003D40FFF03D40FFF60B
S3FD00027118303C5D6F3D40FFF4303C01713D40FFF260000AC0303C74183D40FFF03D40FFF6303C0A593D40FFF470513D40FFF260000AA2303C6C7A3D40FFF03D40FFF6303C057F3D40FFF4702B3D40FFF260000A84303C64E53D40FFF03D40FFF6303C03BC3D40FFF4701D3D40FFF260000A66303C5D3E3D40FFF03D40FFF6303C02D43D40FFF470163D40FFF260000A48303C55A03D40FFF03D40FFF6303C02473D40FFF470113D40FFF260000A2A303C4E023D40FFF03D40FFF6303C01E83D40FFF4700F3D40FFF260000A0C303C46823D40FFF03D40FFF6303C01A33D40FFF4700C3D40FFF2600009EE303C3EC63D40FFF03D40FFF6303C016F3D4029
S3FD00027210FFF4700B3D40FFF2600009D0303C3E443D40FFF03D40FFF6303C01473D40FFF4700A3D40FFF2600009B2303C3DC23D40FFF03D40FFF6303C01273D40FFF470093D40FFF260000994303C3D403D40FFF03D40FFF6303C010C3D40FFF470083D40FFF260000976303C3CBE3D40FFF03D40FFF6303C00F63D40FFF470073D40FFF260000958303C3C3C3D40FFF03D40FFF6303C00E33D40FFF470073D40FFF26000093A303C3BBA3D40FFF03D40FFF6303C00D33D40FFF470063D40FFF26000091C303C3B383D40FFF03D40FFF6303C00C53D40FFF470063D40FFF2600008FE303C3AB63D40FFF03D40FFF6303C00B93D40FFF470053D40FFF25A
S3FD00027308600008E0303C39B23D40FFF03D40FFF6303C00AE3D40FFF470053D40FFF2600008C2303C39303D40FFF03D40FFF6303C00A43D40FFF470053D40FFF2600008A4303C38043D40FFF03D40FFF6303C009C3D40FFF470043D40FFF260000886303C37323D40FFF03D40FFF6303C00943D40FFF470043D40FFF260000868303C34EE3D40FFF03D40FFF6303C008D3D40FFF470043D40FFF26000084A303C34303D40FFF03D40FFF6303C00873D40FFF470043D40FFF26000082C303C337C3D40FFF03D40FFF6303C00813D40FFF470033D40FFF26000080E303C31923D40FFF03D40FFF6707B3D40FFF470033D40FFF2600007F2303C30F23D4062
S3FD00027400FFF03D40FFF670773D40FFF470033D40FFF2600007D6303C30523D40FFF03D40FFF670723D40FFF470033D40FFF2600007BA303C2FBC3D40FFF03D40FFF6706E3D40FFF470033D40FFF26000079E303C2F263D40FFF03D40FFF6706A3D40FFF470033D40FFF260000782303C2E903D40FFF03D40FFF670663D40FFF470033D40FFF260000766303C2DE63D40FFF03D40FFF670633D40FFF470033D40FFF26000074A303C2D3C3D40FFF03D40FFF670603D40FFF470023D40FFF26000072E303C2C923D40FFF03D40FFF6705D3D40FFF470023D40FFF260000712303C2BE83D40FFF03D40FFF670593D40FFF470023D40FFF2600006F6303C08
S3FD000274F82B483D40FFF03D40FFF670573D40FFF470023D40FFF2600006DA303C2AB23D40FFF03D40FFF670553D40FFF470023D40FFF2600006BE303C2A1C3D40FFF03D40FFF670523D40FFF470023D40FFF2600006A2303C2A123D40FFF03D40FFF670503D40FFF470023D40FFF260000686303C29863D40FFF03D40FFF6704E3D40FFF470023D40FFF26000066A303C29043D40FFF03D40FFF6704B3D40FFF470023D40FFF26000064E303C27D83D40FFF03D40FFF6704A3D40FFF470023D40FFF260000632303C23F03D40FFF03D40FFF670483D40FFF470023D40FFF260000616303C21343D40FFF03D40FFF670463D40FFF470023D40FFF2600083
S3FD000275F005FA303C1F403D40FFF03D40FFF670453D40FFF470023D40FFF2600005DE303C1D4C3D40FFF03D40FFF670433D40FFF470023D40FFF2600005C2303C1A903D40FFF03D40FFF670423D40FFF470023D40FFF2600005A6303C18383D40FFF03D40FFF670403D40FFF470013D40FFF26000058A303C16443D40FFF03D40FFF6703F3D40FFF470013D40FFF26000056E303C14B43D40FFF03D40FFF6703D3D40FFF470013D40FFF260000552303C13883D40FFF03D40FFF6703C3D40FFF470013D40FFF260000536303C125C3D40FFF03D40FFF6703B3D40FFF470013D40FFF26000051A303C10E03D40FFF03D40FFF6703A3D40FFF470013D401D
S3FD000276E8FFF2600004FE303C0F3C3D40FFF03D40FFF670393D40FFF470013D40FFF2600004E2303C0DAC3D40FFF03D40FFF670383D40FFF470013D40FFF2600004C6303C0C1C3D40FFF03D40FFF670373D40FFF470013D40FFF2600004AA303C0ABE3D40FFF03D40FFF670363D40FFF470013D40FFF26000048E303C09923D40FFF03D40FFF670353D40FFF470013D40FFF260000472303C08CA3D40FFF03D40FFF670343D40FFF470013D40FFF260000456303C08343D40FFF03D40FFF670333D40FFF470013D40FFF26000043A303C07D03D40FFF03D40FFF670323D40FFF470013D40FFF26000041E303C073A3D40FFF03D40FFF670313D40FFF42B
S3FD000277E070013D40FFF260000402303C060E3D40FFF03D40FFF670303D40FFF470013D40FFF2600003E6303C05463D40FFF03D40FFF670303D40FFF470013D40FFF2600003CA303C04E23D40FFF03D40FFF6702F3D40FFF470013D40FFF2600003AE303C04883D40FFF03D40FFF6702E3D40FFF470013D40FFF260000392303C03FC3D40FFF03D40FFF6702D3D40FFF470013D40FFF260000376303C03DE3D40FFF03D40FFF6702D3D40FFF470013D40FFF26000035A303C03983D40FFF03D40FFF6702C3D40FFF470013D40FFF26000033E303C03573D40FFF03D40FFF6702B3D40FFF470013D40FFF260000322303C031B3D40FFF03D40FFF6702BCD
S3FD000278D83D40FFF470013D40FFF260000306303C03013D40FFF03D40FFF6702A3D40FFF470013D40FFF2600002EA303C02EB3D40FFF03D40FFF6702A3D40FFF470013D40FFF2600002CE303C02C63D40FFF03D40FFF670293D40FFF470013D40FFF2600002B2303C02BE3D40FFF03D40FFF670283D40FFF470013D40FFF260000296303C02963D40FFF03D40FFF670283D40FFF470013D40FFF26000027A303C026E3D40FFF03D40FFF670273D40FFF470013D40FFF26000025E303C024B3D40FFF03D40FFF670273D40FFF470013D40FFF260000242303C022D3D40FFF03D40FFF670263D40FFF470013D40FFF260000226303C02143D40FFF03D40B7
S3FD000279D0FFF670263D40FFF470013D40FFF26000020A303C02003D40FFF03D40FFF670253D40FFF470013D40FFF2600001EE303C01FE3D40FFF03D40FFF670253D40FFF470013D40FFF2600001D2303C01EA3D40FFF03D40FFF670243D40FFF470013D40FFF2600001B6303C01E03D40FFF03D40FFF670243D40FFF470013D40FFF26000019A303C01D63D40FFF03D40FFF670233D40FFF470013D40FFF26000017E303C01CC3D40FFF03D40FFF670233D40FFF470013D40FFF260000162303C01C23D40FFF03D40FFF670233D40FFF470013D40FFF260000146303C01B83D40FFF03D40FFF670223D40FFF470013D40FFF26000012A303C01AE3D401F
S3FD00027AC8FFF03D40FFF670223D40FFF470013D40FFF26000010E303C01A43D40FFF03D40FFF670213D40FFF470023D40FFF2600000F2303C019A3D40FFF03D40FFF670213D40FFF470023D40FFF2600000D6303C01723D40FFF03D40FFF670213D40FFF470023D40FFF2600000BA303C01223D40FFF03D40FFF670203D40FFF470023D40FFF26000009E303C00D23D40FFF03D40FFF670203D40FFF470023D40FFF260000082303C00963D40FFF03D40FFF670203D40FFF470023D40FFF2606670783D40FFF03D40FFF6701F3D40FFF470023D40FFF2604E706E3D40FFF070643D40FFF6701F3D40FFF470023D40FFF2603470693D40FFF0705E3D40A2
S3FD00027BC0FFF6701F3D40FFF470023D40FFF2601A70633D40FFF070503D40FFF6600C70603D40FFF0701E3D40FFF6302EFFF033C0200056CE302EFFF633C0200056D2302EFFF433C0200056D6302EFFF233C0200056D84EB900027D464E5E4E754E560000598F4EB900026FB842392000525C4239200051EC70001039200052200C8000000096660000FC700030392000524872084C4108003D40FFFC33C020005226740034007202C3C233C120005228740034007203C3C233C12000522A740034007204C3C233C12000522C740034007205C3C233C12000522E740034007206C3C233C120005230740034007207C3C233C12000523274003400720837
S3FD00027CB8C3C233C120005234740034007209C3C233C12000523674003400720AC3C233C12000523874003400720BC3C233C12000523A74003400720CC3C233C12000523C74003400720DC3C233C12000523E74003400720EC3C233C12000524074003400720FC3C233C120005242740034007210C3C233C120005244720032007011C1C133C02000524660024AC84E5E4E754E5600004FEFFFF4422EFFF472003239200056CE70604C4018013D41FFFA70003001660670013D40FFFA70603D40FFF6426EFFFC602C7200322EFFF641F9200058C8302EFFFC31801A0052813D41FFF67200322EFFFC7000302EFFFAD2803D41FFFC7000302EFFF60C80F9
S3FD00027DB0000000C065C63039200056CE3D40FFF8705F3D40FFF63D6EFFFAFFFC7200322EFFF67060B280622841F9200058C8302EFFFC31801A0053813D41FFF67200322EFFFC7000302EFFFAD2803D41FFFC60CC302EFFFA33C0200056CC70003039200056D2EC88720012003D41FFFA70003001660670013D40FFFA703F3D40FFF670013D40FFFC7200322EFFF67040B280622841F9200057C8302EFFFC31801A0053813D41FFF67200322EFFFC7000302EFFFAD2803D41FFFC60CC70403D40FFF6426EFFFC602C7200322EFFF641F9200057C8302EFFFC31801A0052813D41FFF67200322EFFFC7000302EFFFAD2803D41FFFC7000302EFFF60C80B7
S3FD00027EA80000008063C6302EFFFA33C0200056D04E5E4E754E56000072001239200056CA7063B28062067001B28064044E714AC872001239200056CA7062B28067087063B280670260127200323920005248701FB280641C7001601A720032392000524870003039200056D6B28064047001600270004E5E4E754E56000070014E5E4E754E5600004FEFFF801D40FF9441EEFFE820BC4058000042A8000441EEFFE020BC4050000042A8000441EEFF9C2E88102EFF944EB9000099927000302EFF9C2F40000441EEFFB02E884EB90002A4A841EEFFC020AEFFB0216EFFB400047000302EFF9E2F40000441EEFFA82E884EB90002A4A841EEFFC820AEFC
S3FD00027FA0FFA8216EFFAC00042F6EFFEC00102F6EFFE8000C2F6EFFC400082F6EFFC0000441EEFFF02E884EB90002A07441EEFFD820AEFFF0216EFFF400042F6EFFE400102F6EFFE0000C2F6EFFCC00082F6EFFC8000441EEFFA02E884EB90002A07441EEFFD0202EFFA0222EFFA42080214100042F4100102F40000C2F6EFFDC00082F6EFFD8000441EEFFF82E884EB90002A868202EFFF82F6EFFFC00082F40000441EEFFB82E884EB900009576203C3FF0000042AF000C2F400008202EFFB82F6EFFBC00042E804EB9000293904A8067044AC84E712F6EFFDC00042EAEFFD84EB900029C782D40FF984E5E4E754E5600004FEFFFF4700010392000C2
S3FD00028098347B0C80000000C0670000800C80000000A1670000D60C80000000DB6700012A0C80000000DD6600017C701C3F40000A303C00E43F400006700A3F4000027400720170014EB900021282701A3F40000A700A3F400006700C3F4000027402720170014EB900021282701A3F40000A70163F400006700C3F400002740C720170014EB9000212826000011C70353F40000A303C00E93F40000670233F4000027405720170014EB90002128270333F40000A700F3F40000670253F4000027407720170014EB90002128270333F40000A701B3F40000670253F4000027411720170014EB900021282600000BC70423F40000A303C00FC3F400006EA
S3FD0002819070303F4000027418720170014EB90002128270403F40000A70223F40000670323F400002741A720170014EB90002128270403F40000A702E3F40000670323F4000027424720170014EB900021282605C702C3F40000A303C00F23F400006701A3F400002740E720170014EB900021282702A3F40000A70183F400006701C3F4000027410720170014EB900021282702A3F40000A70243F400006701C3F400002741A720170014EB9000212824E5E4E754E5600002F074FEFFFE47200422EFFEE700010392000347B0C80000000A167680C80000000C067180C80000000DB6700009E0C80000000DD670000D86000010C70051D40FFFA7023D4
S3FD000282881D40FFF770E91D40FFF470351D40FFF170071D40FFF974251D42FFF6700F1D40FFF372331D41FFF070111D40FFF81D42FFF5701B1D40FFF21D41FFEF600000C470181D40FFFA70301D40FFF770FC1D40FFF470421D40FFF1701A1D40FFF974321D42FFF670221D40FFF372401D41FFF070241D40FFF81D42FFF5702E1D40FFF21D41FFEF607C700E1D40FFFA7E1A1D47FFF770F21D40FFF4702C1D40FFF170101D40FFF9741C1D42FFF670181D40FFF3722A1D41FFF01D47FFF81D42FFF570241D40FFF21D41FFEF60381D41FFFA740A1D42FFF770E41D40FFF4701C1D40FFF170021D40FFF9720C1D41FFF61D42FFF3701A1D40FFF01D4178
S3FD00028380FFF81D41FFF51D40FFEF7200123920005A747001B28067127002B280675A7003B2806700009E600000EA7000102EFFF13F40000A7000102EFFF43F4000067000102EFFF73F4000027400142EFFFA720170014EB9000213F41D40FFED72001200670000B87000103920005A74528013C020005A74600000A47000102EFFF03F40000A7000102EFFF33F4000067000102EFFF63F4000027400142EFFF9720170014EB9000213F41D40FFEC72001200676A7000103920005A74528013C020005A7460587000102EFFEF3F40000A7000102EFFF23F4000067000102EFFF53F4000027400142EFFF8720170014EB9000213F41D40FFFB7200120082
S3FD00028478672070011D40FFEE7000103920005A74528013C020005A746008700113C020005A74102EFFEE4FEF001C2E1F4E5E4E754E56000070014EB90002860A704113C020005A754EB9000284CC4EB9000286344E5E4E754E56000072001239200040AD7031B2806600009672001239200042DA7041B280670E7042B2806740704DB280671E605470004EB90000303A70004EB90000301470004EB900002FEE600000F070004EB90000303A70014EB90000301470004EB900002FEE600000D470014EB90000303A70014EB90000301470014EB900002FEE600000B8704113C0200042DA70004EB90000303A70004EB90000301470004EB900002FEEA0
S3FD0002857060000094703213C0200040AD72001239200042DA7041B280670E7042B280673C704DB280671C604E70004EB90000303A70004EB90000301470004EB900002FEE605470004EB90000303A70014EB90000301470004EB900002FEE603A70014EB90000303A70014EB90000301470014EB900002FEE6020704113C0200042DA70004EB90000303A70004EB90000301470004EB900002FEE4E5E4E754E560000598F1D40FFFC720012007001B280660A701013C04010003A600870EF13C0401000524E5E4E754E5600004E5E4E754E560000598F7200123920005AB97041B280661C7204701841EEFFFC4EB900014F0C7204707841EEFFFE4EB9C9
S3FD0002866800014F0C4E5E4E754E560000518F303C151533C04010006C303C810A33C04000034041F9401400032D48FFFC206EFFFC70030190303C010033C040000348702033C040000350303CE00033C04000035433C040000354303C070733C04000034470344EB90000B11041F920005A9C23C820005AB441F920005A9223C820005AB041F920005A9423C820005AA441F920005A8A23C820005AA0203920005AA423C020005AAC203920005AA023C020005AA8422EFFF860207000102EFFF841F920005A9442700A0041F920005A8A42700A0052801D40FFF87200122EFFF87005B28065D44EB900000B424EB900000B004EB9000031E270F113C085
S3FD0002876020005AB8700113C04010003F4E5E4E754E560000518F70374EB90000B11041F9400003442D48FFFC206EFFFC301008C0000F3080422EFFF8600E4E717000102EFFF852801D40FFF87200122EFFF8700EB28065E670354EB90000B1104E714E714E714E714E714E71701033C0400003504E714E714E714E714E714E7130394000035433C0200051F24E714E714E714E714E714E7130394000035433C0200051F4720012392000520C7018E1A9701FE0A967064E714E716008700701F92000520C4E5E4E754E5600002F0C2F07598F7000103920005A762400720AB0816E0001EE7201B0816D0001E65382343B2A0848C24EFB2A00000B001DA2
S3FD0002885800330049005B006F008100A900C700E03239200051F233C120005A7C3239200051F433C120005A7E528013C020005A76600001AA7400343920005A7C7200323920005A78B481670C700413C020005A766000018A528013C020005A766000017E7200323920005A7E7000303920005A7AB280670C700413C020005A766000015E700113C020005A7660000152323920005A7C33C120005A78323920005A7E33C120005A7A528013C020005A766000012E700A4EB9000070B41D40FFF5720012006700011A7000103920005A76528013C020005A7660000106720313C120005A8072F113C120005A81720413C120005A82528013C020005A7646
S3FD00028950600000E27400343920005A7C2202E08113C120005A837EFFC48713C220005A847400343920005A7E2202E08113C120005A85C48713C220005A86720213C120005A87528013C020005A76423920005A886000009228792000090041F9200008EC7000103920005A8843F920005A80103108004E941D40FFF47200120067667000103920005A76528013C020005A7660547200123920005A8852811D41FFF613C120005A88740014017208B481640A538013C020005A76602C528013C020005A766022700A4EB9000071C67000103920005A76528013C020005A766008700113C020005A76588F2E1F285F4E5E4E754E560000720012392000E1
S3FD00028A485AB8203C000000C0C280B280661C4EB9000031E270FE13C0401000574E714E714E71700113C04010003F4E5E4E754E5600004FEFFFF0700701F9200032DE7200123920005AB8203C00000080C280B280660000EE7200123920005AB8703FC2807031B280670A7032B2806778600000D2701033C040000350203920005AACB0B920005AB4630C203920005AA423C020005AAC3439400003543D42FFF0223920005AAC2D41FFF42001548023C020005AAC204148C20682FFFFFE44308270B213C020005AB8700813C04010003B41F9400003442D48FFF8206EFFF8301008C0000F3080605C701033C04000035070F713C04010005320392000AB
S3FD00028B405AA8B0B920005AB0630C203920005AA023C020005AA83439400003543D42FFF0223920005AA82D41FFFC2001548023C020005AA8204148C20682FFFFFE6B308270F113C020005AB84E5E4E752F0E2C484EB900028B9C204E2C5F4E754FEFFFF048D700F0780018000C81000000206560200844800280000000036708928010C4538066FA4A8467162C047A18200424047E10EBAEEFAA8C82E1888C8088862001EA88671420C420C420C420C420C420C420C420C4538066EC200102800000001FE488670620C4538066FA0281000000034A81670610C4538166FA4CD700F04FEF00104E754EB900028C4C4EF9000035402F0E4DF920000000D9
S3FD00028C384A8E6606600A4E90588E20564A8866F62C5F4E75601E201023C020005ABC70FF2428000822280004224220412F0048514E90508F207920005ABC4A8866D84E752F032F0470007200282F001C671A242F0014262F0010E28C6406D082D3834A846706D482D78360EE282F00186712242F0014E28C6404D2824A846704E38A60F2206F000C214000042081281F261F4E75202F0004B0AF000C6706651070014E75202F0008B0AF0010670664F070FF4E7570004E7522484A88670A4A8067064219538066FA4E7500004E56FFFC4FEFFFEC48D700F8206E000C262E00102008226E00142E2E001828097C1424040282000FFFFF2A04ECAD028519
S3FD00028D30000007FF0C85000007FF6700037C22080281000FFFFF2008ECA80280000007FF0C80000007FF6700049A4A80670002C20081001000004A8567000302008200100000DA800485000003FF2C082809B986028680000000204622454FEFFFF448D71C0024412643284242822A07CAC34A4556C64245484528074843C6C4DA834844260BC6C44281DA83D3824A4556C08C804245484548414241DA814281260B4843C6C4DA83D382260A2807C8C3DA84D382260B280CC8C3DA84D3824A4556C08C804245484548414241DA814281260A48432807C6C4DA83D3814844260AC8C3DA84D382260C280B4844C8C3DA84D3824843280BC8C3DA84D382D8
S3FD00028E28240502820000FFFF4245484548414241DA8142814280260A280CC8C3DA84D380484328074844C8C3DA84D380260B4843280C4844C8C3DA84D3804842340548424245484548414241DA814281260C280A4844C8C3DA84D380280A4843C8C3DA84D38020054245484548414241DA814281260A280C48434844C8C3DA844845424502800000FFFFD0854CD71C004FEF000C260902860000000122024284080000196700013806830000000102820000000FDC82EA89D9842A002E3C0000001BEFAD8285EA884A436F00006C0C83000007FF6C0000FA0280000FFFFF2A3C00000014EBAB8083D0884A846700001642874A866600002424010282F6
S3FD00028F2000000001D282D187206E00082080214100044CD700F84FEF00144E5E4E75068100000001D187206E00082080214100044CD700F84FEF00144E5E4E750C83FFFFFFCC6D0000820C83FFFFFFE16D00004C6700003224002A010683FFFFFFFF2E034483E6A8E6A9068700000020EFAA8282EFAD8C844284E38DD9844A8556C58C856000FF6A8C844284E389D9844A8156C18C81220042806000FF548C84428406830000001F4A8156C58C8522004483E6A9D9842A3C000000219A83EBA856C58C8542806000FF28D0884CD700F84FEF00146000161620084CD700F84FEF00146000161C028200000007DC82E889D9842A002E3C0000001CEFAD02
S3FD000290188285E8886000FECE4A8356C68C816600002620082209B3800280800000004281206E00082080214100044CD700F84FEF00144E5E4E750680000000014286080100146600FD0A048000000001E389E38BD38660EA4A8756C68C826600002620082209B3800280800000004281206E00082080214100044CD700F84FEF00144E5E4E750685000000014286080200146600FCCA048500000001E38AE387D58660EA4A8756C68C826700006C0282000800006700004442864A8356C60280000FFFFF8C8067000014200802807FF800000C807FF0000067000020203C7FF800004281206E00082080214100044CD700F84FEF00144E5E4E75203CCE
S3FD000291107FF800004281206E00082080214100044CD700F84FEF00144E5E4E754A8356C602807FFFFFFF8C8066000020203C7FF800004281206E00082080214100044CD700F84FEF00144E5E4E75300802807FF000000C807FF000006600006020084A8356C60286000000FF0280000FFFFF8C806700004802800008000067000020203C7FF800004281206E00082080214100044CD700F84FEF00144E5E4E75203C7FF800004281206E00082080214100044CD700F84FEF00144E5E4E752008B98002808000000000807FF000004281206E00082080214100044CD700F84FEF00144E5E4E754A8356C68C816700004802810008000067000020203C8D
S3FD000292087FF800004281206E00082080214100044CD700F84FEF00144E5E4E75203C7FF800004281206E00082080214100044CD700F84FEF00144E5E4E7502847FFFFFFF56C68C8766000020203C7FF800004281206E00082080214100044CD700F84FEF00144E5E4E7520082C09BD8002808000000000807FF000004281206E00082080214100044CD700F84FEF00144E5E4E754E56FFFC202E00086B0000320C803F8000006D00002222007417E4A9243C0000009E94816D00001EE188008080000000E4A84E5E4E7542804E5E4E750C80FF80000063F270FF4E5E4E7500004E56FFFC202E00086B0000420C803FF000006D00003222007414E4A9D1
S3FD00029300243C0000041E94816D0000382043222E000C760BE7A87615E6A980810080800000002608E4A84E5E4E7542804E5E4E750C80FFF000006200000A65EE4AAE000C67E870FF4E5E4E7502808000000000807F8000004E5E4E750280800000004E5E4E750000203C000001006000003C203C000002006000003270016000002C70026000002670106000002070206000001A704060000014203C000000806000000A70086000000470044E56FFFC4CEE030600084FEFFFF848D70018263C7FFFFFFFC6810C837FF00000620000A4650000084A826600009A4A816A00000644824083220802817FFFFFFF0C817FF00000620000A8650000084A8994
S3FD000293F86600009E28094A886A00000644844081948497816E0000366D00001A4CD700184FEF00080280000000A556C0448049C04E5E4E754CD700184FEF000802800000033656C0448049C04E5E4E754CD700184FEF00082400028200000300660000120280000000C656C0448049C04E5E4E7570024E5E4E754CD700184FEF000824000282000003006600001202800000000A56C0448049C04E5E4E7570034E5E4E754CD700184FEF000824000282000003006600001202800000000A56C0448049C04E5E4E7570034E5E4E7500004E56FFFC202E000820432244260002807FFFFFFF0C803FF000006D00003A22007414E4A9243C0000041E948199
S3FD000294F06F000032222E000C780BE9A87815E8A98081008080000000E4A84A836A0000044480280926084E5E4E752809260842804E5E4E752809243C800000004A836B00001A0C807FF000006500000E6200000C4AAE000C660000045382200226084E5E4E750000203C000001006000003C203C000002006000003270016000002C70026000002670106000002070206000001A704060000014203C000000806000000A70086000000470044E56FFFC4CEE01020008243C7FFFFFFFC4810C827F800000620000704A816A0000044482220802817FFFFFFF0C817F800000620000784A886A0000044481B4816E0000266D0000120280000000A556C004
S3FD000295E8448049C04E5E4E7502800000033656C0448049C04E5E4E752400028200000300660000120280000000C656C0448049C04E5E4E7570024E5E4E7524000282000003006600001202800000000A56C0448049C04E5E4E7570034E5E4E7524000282000003006600001202800000000A56C0448049C04E5E4E7570034E5E4E7500004E56FFFC243C4E800000202E00086700003C6B00000C048200800000E3886AF62200E088D0820281000000FF6700001E080100076700001602810000007F6600000A080000006700000452804E5E4E754E56FFFC243C4E800000202E000867EC6AB4008280000000448060A64E56FFFC202E0008670000A2D4
S3FD000296E020432244283C5E800000262E000C74204A806B0000085382E3886AFA2203E4A9808142811200E1890482000000204482E5AB56C1E088D0844842EF8A9082260828094A816700001E0801000F67000016028100007FFF6600000A080000006700000452804E5E4E754E56FFFC202E00086700002E6A8A222E000C448140804A806700001220432244283CDE80000026016000FF7C243CCE80000020016000FEFC243C4E800000202E000C6000FEEA00004E56FFFC4FEFFFEC48D700F84CEE00030008204022417C1724090282007FFFFF2209ECA90281000000FF0C81000000FF6700021420080280007FFFFF2A08ECAD0285000000FF0C8547
S3FD000297D8000000FF670002D24A85670001860080008000004A81670001B0008200800000DA8104850000007F428726002802C4C04A426700000452877C10ECAA20032204ECA9C2C0D481ECA82204C2C0D4812204ECA9C0C1EDA8D480220284876600001A20082209B3800280800000004CD700F84FEF00144E5E4E750801001F670000128E81028700000001068500000001E289240142830801000667000004760102810000003F670000047E01EE8A20082809B9800280800000004A456E0000600C85FFFFFFE96D0000BA6700002A2C3CFFFFFFFF4485EBAE4686CC82670000047E018E83EAAA2602028300000001E28A80826000004244850802F5
S3FD000298D000176700001484870282007FFFFF670000080080000000014CD700F84FEF00144E5E4E750C85000000FF6C0000447817E9AD0282007FFFFF808580824A83670000124A87660000182200028100000001D0814CD700F84FEF00144E5E4E750680000000014CD700F84FEF00144E5E4E7502808000000000807F8000004CD700F84FEF00144E5E4E750280800000004CD700F84FEF00144E5E4E754A806600001A20082209B3800280800000004CD700F84FEF00144E5E4E75068500000001080000176600FE58048500000001E38860EE4A826600001A20082209B3800280800000004CD700F84FEF00144E5E4E750685000000010802001706
S3FD000299C86600FE2E048500000001E38A60EE4A826700004E0282004000006700003220080280007FFFFF67000014200802807FC000000C807F80000067000014203C7FC000004CD700F84FEF00144E5E4E75203C7FC000004CD700F84FEF00144E5E4E75200802807FFFFFFF66000014203C7FC000004CD700F84FEF00144E5E4E75300802807F8000000C807F8000006600003C20080280007FFFFF6700003002800040000067000014203C7FC000004CD700F84FEF00144E5E4E75203C7FC000004CD700F84FEF00144E5E4E7520082E09BF8002808000000000807F8000004CD700F84FEF00144E5E4E754A806700003002800040000067000014EC
S3FD00029AC0203C7FC000004CD700F84FEF00144E5E4E75203C7FC000004CD700F84FEF00144E5E4E75200902807FFFFFFF66000014203C7FC000004CD700F84FEF00144E5E4E7520082E09BF8002808000000000807F8000004CD700F84FEF00144E5E4E754E56FFFC202E000C240002827F800000670000320C827F800000670000822200741DE5A92400E38AE88A0682380000000280800000008082206E000848D000034E5E4E7522000281007FFFFF66000010206E0008428148D000034E5E4E752043243C3800000022007609E7A96B00000C048200100000D2816AF6028080000000808226017415E5A9E38B740CE4AB80832608206E000848D0C9
S3FD00029BB800034E5E4E7522000281007FFFFF6600001C02808000000000807FF00000206E0008428148D000034E5E4E75741DE5A92400E68A02820007FFFF00827FF800000280800000008082206E000848D000034E5E4E754E56FFFC202E00082043260002807FFFFFFF0C803F8000006D00002C22007417E4A9243C0000009E94816F000022E188008080000000E4A84A836A000004448026084E5E4E75260842804E5E4E750C807F80000053C04A835AC1C08149C006808000000026084E5E4E7500004E56FFFC202E0008240002827FF000006700006C0C827FF00000670000FE0482380000006F0000720C820FF000006C00F6A022000281000FA6
S3FD00029CB0FFFF8481222E000CE78A0280800000008082741DE4A98081223C1FFFFFFFC2AE000C6700001E0801001C6700001602810FFFFFFF6600000A080000006700000452804E5E4E75243C000FFFFFC48084AE000C6600F6540280800000004E5E4E750C82FE9000006D00F6406700005A204344827214E2AA5282222E000C761DE6A9263C000FFFFFC680E78B8283263C008000008681E4AB028080000000808376209682E7A92608243C1FFFFFFFC4AE000C8282678E4A816A8AE38966840800000067806000FF7C22000280800000000281000FFFFF82AE000C6700FF6852804E5E4E75243C000FFFFFC4806600001A222E000C66000016028063
S3FD00029DA88000000000807F8000004E5E4E75222E000C741DE4A9243C0007FFFFC480E78A828202808000000000807FC0000080814E5E4E754E56FFFC4CEE000300082401B182028280000000224202807FFFFFFF670001340C807F8000006400015402817FFFFFFF670001900C817F800000640001924FEFFFF448D70038240002827F80000067000186EE8AE188E288008040000000260102837F80000067000186EE8BE18900818000000094830682007E00002042484180C148413600424048403401C4C348427A003A024242448291856400001C53832A014845780038054245D485D184650000085383D485D1844843280238004844484188C141
S3FD00029EA06900007C4841360438022404700078003A01CAC3948591846400000E5383D481650000065383D48122084A836B00000AE38B0481000100004A816D00011C0C8100FE00006C0000FA2003E088EF89D08122098081080300076700001802830000007F86826600000A080000006700000452804CD700384FEF000C4E5E4E754841363CFFFF42444280D484D180608002817FFFFFFF670000B80C817F8000006200000820094E5E4E750C817FC000006500009E20014E5E4E756700002A0C807FC000006500008A02817FFFFFFF0C817F8000006300000C0C817FC00000650000704E5E4E7502817FFFFFFF0C817F8000006700005C62B2220964
S3FD00029F9880814E5E4E75200900807F8000004E5E4E75669C20094E5E4E75E188E3886B00000C048200010000E3886AF6E2886000FE72E189E3896B00000C048300010000E3896AF66000FE7220094CD700384FEF000C6000F35C203C7FC000004E5E4E750C81FFE800006D00004667000050048100080000448148412803E2AB2009808376209681E7AC42814A8256C182844CD700384FEF000C4A816A00003EE3896600003608000000670000306000002A20094CD700384FEF000C6000F306223C7FFFFFFFC283828220094CD700384FEF000C4A816700000452804E5E4E754E56FFFC4FEFFFE448D70CF84CEE000F000C2802B184028480000000DB
S3FD0002A090224402807FFFFFFF28008881670001520C807FF00000640001C002827FFFFFFF28028883670002480C827FF000006400016A280002847FF0000067000250E88C7E0CEFA8E4887E0A2C01EFA97E16EEAE80860080400000002A0202857FF000006700027EE88D7E0BEFAA2C03EFAB7E15EEAE84860082800000009885068403FE0000204497CB4284484280C2690000B6380048413001424195CA48422A04CAC32C034846CCC4484642873E064246DA864286DF862C04CCC2DE862C0A9285918740866A0000125384D283D182650000085384D283D1822A0B0C85400000006400000C484548443A042645609C2E08260B6B000010E38B42853D
S3FD0002A188E38CD7850487000100004286828056C6888622076D00021E0C8107FE00006C0002F2200324047E0BEEA8EEAAE989D081220980817E15EFAB22028283EFAC20444CD70CF84FEF001C6000040E383CFFFF48413A004845424530014241D08555C649C624466000FF3C02827FFFFFFF28038882670000E60C827FF0000062000046650000084A836600003C4CD70CF84FEF001C20094281206E000848D000034E5E4E75660000204A836600001A4CD70CF84FEF001C20094281206E000848D000034E5E4E750802001367000090206E000848D0000C4CD70CF84FEF001C4E5E4E75660000084A8167000040080000136700006A02827FFFFFFFB0
S3FD0002A2800C827FF0000065000014620000084A836700000A08020013670000484CD70CF84FEF001C206E000848D000034E5E4E7502827FFFFFFF0C827FF000006500000C628A4A836700001C60824CD70CF84FEF001C24098082206E000848D000034E5E4E754CD70CF84FEF001C206E0008203C7FF80000428148D000034E5E4E754CD70CF84FEF001C200900807FF000004281206E000848D000034E5E4E75780B7E0CEFA86700002A6B0000085284E3886AFAE2882E01E9A90484000000204484E8AF808748440484001500006000FD9C283CFFEC00004A816B00000C048400010000E3896AF62001E2887E1FEFA96000FD7A7A0CEBAA6700002875
S3FD0002A3786B0000085285E38A6AFA2E03EBAB0485000000204485EAAF848748450485001400006000FD6E2A3CFFEC00004A836B00000C048500010000E38B6AF6240342836000FD500C81FFCB00006D00009C670000A60481000B0000448148410C81000000206D000036670000280481000000202A03E2AD0481000000204481E3AB42824A8456C286822009220520436000002A2009220320446000002020032404E2ABE2AC0481000000204481E3A8E3AA888020098083220420424CD70CF84FEF001C4A886A000018D1C84A886600000A080100006700000842825281D182206E000848D000034E5E4E7520094CD70CF84FEF001C6000019C223CF3
S3FD0002A4707FFFFFFFC28382842041200942814CD70CF84FEF001C4A88670000045281206E000848D000034E5E4E7520094CD70CF84FEF001C600001764E56FFFC243C41D00000202E000C670000286B00000C048200100000E3886AF62200E088E688D0827415E5A9206E000848D000034E5E4E75206E0008428148D000034E5E4E754E56FFFC243C41D00000202E000C67E26ABE008280000000448060B04E56FFFC202E000C670000BC243C43D00000222E00102043224476204A806B0000085383E3886AFA2801E6AC80840483000000204483E7A9283C00000014E9AB94832801428336004843EB8BE089E6898283E088E688D0820284000007FFFA
S3FD0002A568670000220804000A6700001A0284000003FF6600000A080100006700000842835281D18326082809206E000848D000034E5E4E754E56FFFC202E000C6700002A6A00FF6C222E0010448140804A806700000C243CC3D000006000FF5E243CC1D0000020016000FEEC243C41D00000202E00106000FEDA00004A886A000018D1C84A886600000A080100006700000842825281D182206E000848D000034E5E4E750280800000004281206E000848D000034E5E4E7502808000000000807FF000004281206E000848D000034E5E4E7500004E56FFFC4FEFFFF048D700784CEE000F000C2A00B5856B0002322A000285800000002245BB80280044
S3FD0002A6608881670001540C807FF000006400017C02827FFFFFFF28028883670001920C827FF00000640001A0280002847FF00000670001A0B9800080001000002A0202857FF0000067000196BB82008200100000BA846E0001929885DA84E88C48440C84000000356E0000D40C8400000020670000266E00002E2C022043E8AAE8AB0484000000204484E9AE86862C08E9AED283D182600000322C034283D282D1836000002604840000002020432C024283E8AAD282D1830484000000204484E9AE42834A8856C38C83080000156700002C781F24002601E288E9AAE28982820685001000000C857FF000006C000110E9AB42844A8656C486842C0330
S3FD0002A758080000146700001C0280000FFFFF24098082808520464CD700784FEF00106000FE680280000FFFFF2409808220434CD700784FEF0010206E000848D000034E5E4E750280000FFFFF80852A098085207C000000014CD700784FEF00106000FE2A02827FFFFFFF0C827FF000006200044E650000084A836600044420098480206E000848D0000C4CD700784FEF00104E5E4E75660003EA4A81660003E402827FFFFFFF0C827FF0000062000412650000084A8366000408280980844CD700784FEF0010206E000848D000034E5E4E75660003EC4A83660003E660A0283C001000006000FE622A3C001000006000FE6C988544842C0020022406A2
S3FD0002A8502C01220326066000FE6220094CD700784FEF00106000FDB64E56FFFC4FEFFFF048D700784CEE000F000C2A00B5856B00FDD22A000285800000002245BB8028008881670002400C807FF000006400027802827FFFFFFF28028883670002920C827FF00000640002A0280002847FF00000670002A0B9800080001000002A0202857FF0000067000296BB82008200100000BA84670001786E0001CE9885DA84E88C48440C8400000001670000B40C84000000376C00002E0C84000000206E0000386700002A20452A022C03E8AAE8AB0484000000204484E9ADE9AE86852A08600000447C01428242836000003A2C0326024282600000300484B7
S3FD0002A9480000002020452A022C03E8AAE8AB0484000000204484E9ADE9AE86852A084A8656C649C6E48E8C832602428244869383918208000014660000144284E388E389D184E38ED3840485001000000280000FFFFF24098082808520464CD700784FEF00106000FC344286E388E389D18692839182080000156600008804850010000008000014660000544A806700002E42845284E3880800001467F62C01E9A90484000000204484E8AE80864844E98CDA84048502000000600000220485015000004A816B00000C048500100000E3896AF620017C0BECA87C15EDA94A856F0001500280000FFFFF2409808280854CD700784FEF0010206E0008E7
S3FD0002AA4048D000034E5E4E75761F24002C01E288E289E7AA8282E7AE6000FF3A928391826D00002C2C008C8167000034080000146700FF5E2409808280854CD700784FEF0010206E000848D000034E5E4E75448140802C090A8680000000224660CE4CD700784FEF001042804281206E000848D000034E5E4E75988544842C00200224062C01220326062C090A868000000022466000FE1C02827FFFFFFF670000340C827FF000006200012E650000084A836600012420090A80800000008480206E000848D0000C4CD700784FEF00104E5E4E754A83678A60DC660000BE4A81660000B802827FFFFFFF0C827FF00000620000E66500000C4A83660045
S3FD0002AB3800DC600000F4280980844CD700784FEF0010206E000848D000034E5E4E75660000BC4A83660000B66090283C001000006000FD622A3C001000006000FD6C0485001000004485E88D48450C85000000206C00002C2400EAA8EAA90485000000204485EBAA8282240980824CD700784FEF0010206E000848D000034E5E4E750485000000202200EAA920094CD700784FEF0010206E000848D000034E5E4E75080000136700005402827FFFFFFF0C827FF0000065000014620000084A836700000A08020013670000324CD700784FEF0010206E000848D000034E5E4E750802001367000016206E000848D0000C4CD700784FEF00104E5E4E751A
S3FD0002AC304CD700784FEF0010206E0008203C7FF80000428148D000034E5E4E754E56FFFC4FEFFFF448D700384CEE000300080A8180000000600000144E56FFFC4FEFFFF448D700384CEE00030008204022412600B383781724090282007FFFFFE8A90281000000FF670004120C81000000FF6700046C0082008000000280007FFFFF2A08E8AD0285000000FF670003D00C85000000FF67000516008000800000E38B6500016E26099285670000EA6A00000C448126002002240326080C81000000186E0000B62A00E2A8D0824481068100000020E3AD0800001867000016E28DE288640000080085800000000683008000000280007FFFFF0283FF8056
S3FD0002AD280000D083E38B0C83FF0000006400005EE38D640000264A856600002C2400028200000001D0822200E3890C81FF000000630000080280FF8000004CD700384FEF000C4E5E4E750680000000012400E38A0C82FF000000630000080280FF8000004CD700384FEF000C4E5E4E750280FF8000004CD700384FEF000C4E5E4E7520020280007FFFFF0283FF80000080834CD700384FEF000C4E5E4E75D0820C8000FFFFFF6F00005E28088684068300800000E288640000202400028200000001D0822403E38A0C82FF000000630000080280FF8000000280007FFFFF0283FF800000D0832400E38A0C82FF000000630000080280FF8000004CD750
S3FD0002AE2000384FEF000C4E5E4E7502838000000080834CD700384FEF000C4E5E4E75260992856700010C6A00000C448126002002240326080C81000000186E0000A40C8100000001670001782A00E2A8448194804284068100000020E3AD44859584080200176600000EE38AE38DD584048300800000200220020280007FFFFF0283FF800000D083E38D6400FEBA4A856600002C2400028200000001D0822200E3890C81FF000000630000080280FF8000004CD700384FEF000C4E5E4E750680000000012400E38A0C82FF000000630000080280FF8000004CD700384FEF000C4E5E4E750C82008000006700001E20020280007FFFFF0283FF80000037
S3FD0002AF1880834CD700384FEF000C4E5E4E750C810000001966DC0C80008000006FD40483008000000083007FFFFF20034CD700384FEF000C4E5E4E75B4806C00000A260828002002240494806700006E0C8200FFFFFF6E00004E280302847F8000006700002C04840080000067000022E38A0882001767EE0283800000008684848320024CD700384FEF000C4E5E4E75028380000000848320024CD700384FEF000C4E5E4E750283FFFFFFFF848320024CD700384FEF000C4E5E4E7542804CD700384FEF000C4E5E4E75E38A94800C82010000006C000058280302847F800000048400800000088200176600001404840080000067000022E38A0882AB
S3FD0002B010001767EE0283800000008684848320024CD700384FEF000C4E5E4E75028380000000848320024CD700384FEF000C4E5E4E75E28A6400002820020280007FFFFF0283FF80000080834CD700384FEF000C2400028200000001D0824E5E4E750282007FFFFF0283FF800000848320024CD700384FEF000C4E5E4E754A806600001020094CD700384FEF000C4E5E4E750685000000016000FC264A82660000562808E38C66000024E38B6400001042804CD700384FEF000C4E5E4E7520084CD700384FEF000C4E5E4E750C84FF0000006200001020084CD700384FEF000C4E5E4E75203C7FC000004CD700384FEF000C4E5E4E7506810000000131
S3FD0002B1086000FB9E4A826700004E0282004000006700003220080280007FFFFF67000014200802807FC000000C807F80000067000014203C7FC000004CD700384FEF000C4E5E4E75203C7FC000004CD700384FEF000C4E5E4E75300802807F8000000C807F8000006600005E20080280007FFFFF6700003002800040000067000014203C7FC000004CD700384FEF000C4E5E4E75203C7FC000004CD700384FEF000C4E5E4E7520082209B3800C808000000066000014203C7FC000004CD700384FEF000C4E5E4E7520094CD700384FEF000C4E5E4E754A806700003002800040000067000014203C7FC000004CD700384FEF000C4E5E4E75203C7FC040
S3FD0002B20000004CD700384FEF000C4E5E4E7520084CD700384FEF000C4E5E4E7580004000200010000800040002000100008000400020001000080004000200010301000000000000000000000000000002060804020100000000000000000000070301000000050201000000000000000608090904020105020603010000000008040206080402060804020608040201800040002000100008000400020001000080004000200010000800040002000103010000000000000000000000000000020608040201000000000000000000000703010000000502010000000000000006080909040201050206030100000000080402060804020608040206AF
S3FD0002B2F808040201000102030405060708090A3031323334353637383961000000010002000400080010002000400080010002000400080010002000400080000001000200040008001000200040008001000200040008001000200040008000000100020004000800100020004000800100020004000800100020004000800000010002000400080010002000400080010002000400080010002000400080000001000200040008001000200040008001000200040008001000200040008000000100020004000800100020004000800100020004000800100020004000800000000000000A006403E827104552524F525F52454C4F4A5F414E414C3E
S3FD0002B3F04F474F007634302E342E370054657374205365742D757000532020202020202020202020202020202050004375656E74612072656368617A6F7320004375656E74612070726F647563746F200050181818020A0C0E4D656E7520646520496E73696768742020202020202078003E416A757374652064652050726F647563746F00416A7573746520506172616D65747269636F2064652050726F647563746F00416A757374652064652073697374656D610050616E74616C6C612044445300496E666F726D6163696F6E2064656C207573756172696F0041000808080808000406080A0C042058002078005320004620004120004720410032
S3FD0002B4E85A2000412000426F7272617200F0C6C6C6C6C6C6C600020406080A0C0E4D656E7520646520416A757374652064652050726F647563746F202078003E48616365722070727565626120646520656A656D706C6F0053656C656363696F6E61722070726F647563746F004E7565766F2070726F647563746F00416A757374652064652070726F647563746F00426F727261722050726F647563746F00436F706961722050726F647563746F0014000808080808000406080A0C0E4D656E7520646520416A757374652064652053697374656D6120202078003E4D656E752041646D696E69737472617469766F202020202020202020202000202B
S3FD0002B5E0416A7573746520646520766962726163696F6E20202020202020202020200020436F6E6669677572617220656E7472616461732064652073697374656D610020436F6E74726F6C206465206672656375656E6369610020494420646520636F6D756E69636163696F6E65730020496E67656E696572696120477261636964610014000000000000000406080A0C0E2078003E436F6E74726F6C20646520636F6E74726173656E61730052656C6F6A2064656C2073697374656D61005265636F726461746F72696F20646520707275656261730045737461626C65636572206964696F6D6100496E696369616C697A6172204D656D6F726961CD
S3FD0002B6D820792072657374617572617200416A75737465206465206775617264696100436F6E74726F6C206465207573756172696F00EB0008080808080800020406080A0C0E436F6E6669677572617220656E7472616461732064652073697374656D61207800202020456E747261646173202020202020202020205065726D69746972003E456E7472616461206465207461636F00456E747261646120646520666F746F63656C005465737420656E74726164612072656368617A6F005465737420656E74726164612070726F647563746F00456E747261646120617578696C6961723100456E747261646120617578696C696172320000000008F0
S3FD0002B7D00808080800020406080A0C0E2020477561726461722043616D62696F73002020202045737461732053656775726F3F003E4E4F202020202020202073690004060A202020202020202020202020202020202020202020202020202020202020202000202020202020202020202020202020202020202020202020202020002020477561726461722043616D62696F732020202020202020202020202020002020202045737461732053656775726F3F202020202020202020202020202000202020202020202020202020202020202020202020202020202020003E4E4F202020202020202073692020202020202020202020202020002020EF
S3FD0002B8C820202020202020202020202020202020202020202020202020002020202020202020202020202020202020202020202020202020200000020406080A0C0E20207800494420646520636F6D756E69636163696F6E65733A3E00E300B200040447726164756172206672656375656E6369612020202020202078003E416C746120202020202020203837206B687A004D65646961202020202020203238206B687A0042616A6120202020202020203130206B687A0050616E74616C6C61204444530023000808080000000004080C0E0000002078003E4861636572207072756562617320646520727569646F004D65646964617320646520761D
S3FD0002B9C06F6C74616A6500416A75737465732064652070726F647563746F005469656D706F732064652052656368617A6F00416A757374652073697374656D6120646520656E747261646173004944206465206D617175696E6173004375656E74612070726F647563746F00E30008080808080800020406080A0C0E3E45737461626C65636572207469706F206465206D617175696E61202020780047616E616E6369610046696C74726F004573637269626972206964656E74696669636163696F6E00436F6E74726F6C206465206672656375656E636961730050617274652D3131005061736F204772616369646100496E67656E69657269612008
S3FD0002BAB8477261636964613200000808080808080800020406080A0C0E496E696369616C697A6172206D656D6F7269610045737461732073656775726F3F004E4F00736900080A087D04080C0C5469706F206465204D617175696E6120202020202020202020202020202078004D756C7469283130302C3238362C38373529004D756C74692833302C3130302C323836290053696E676C65283837352C323836290053696E676C65283130302C333029005646283837352C32383629005646283130302C33302900506861726D61636575746963616C00000808080808080800020406080A0C0E20780056657273696F6E20462E572033332E31312EE6
S3FD0002BBB030003E496E697A69616C697A6172206D656D6F7269610050535520452F53004572726F722072656C6F6A20416E616C6F676F00416A757374617220746F6C6572616E636961005265706F7274652064652070726F647573746F7300507275656261004175746F2D73656375656E6369612042494F5300EB00000808080808080000020406080A0C0E2078003E53656E736962696C69646164004661736520202020202020202000426F7272617220636F6E7461646F7265730050616E74616C6C612044445300416A7573746573204176616E7A61646F7300EB00000800080808080000020406080A0C0E2078003E4E6F6D62726520646520CE
S3FD0002BCA870726F647563746F00506172616D6574726F7320646520646574656363696F6E00416A7573746573207469656D706F2064652072656368617A6F00EB00000800000808080000020406080A0C0E2078003E49324320646576696365730049324320656570726F6D206461746100493243204E5652414D2064617461005350492074657374730053616C69646173205072756562617300456E7472616461732050727565626173004D65646964617320646520766F6C74616A6500EB0008080808080800020406080A0C0E53656C656363696F6E61722070726F647563746F20202020780029080808080808080000020406080A0C0E00416A6D
S3FD0002BDA0757374652064652050726F647563746F202020202020780029080808080808080000020406080A0C0E00426F727261722070726F647563746F202020202020202020780029080808080808080000020406080A0C0E00436F706961722070726F647563746F202020202020202020780029080808080808080000020406080A0C0E005065676172202070726F647563746F202020202020202020780029080808080808080000020406080A0C0E00020406080A0C0E2020204D656E75202064652050617274652D3131202020202020202078003E416E616C6F67612076657273696F6E00456E206465736172726F6C6C6F00456E2064657317
S3FD0002BE986172726F6C6C6F00456E206465736172726F6C6C6F00456E206465736172726F6C6C6F00456E206465736172726F6C6C6F0014000808080808000406080A0C0E202020416A7573746520646520566962726163696F6E20202020203E58005061736172204665727269746100140800083E5800566F6C747300566F6C74616A652064652062616C616E636500566F6C74616A65206472697665720043616E616C20580043616E616C205900EB00000000A8000000020406080000003E5800566F6C747300566F6C74616A652064652062616C616E636500566F6C74616A65206472697665720043616E616C20583A20202020202020202020A2
S3FD0002BF9020593A0052617720583A20202020202020202052617720593A004F666620583A2020202020202020204F666620593A00526F7420583A202020202020202020526F7420593A00466C7420583A202020202020202020466C7420593A00EBAA000000000000000000020406080A0C0E3E58005072756562612064652073697374656D613A20002020005469656D706F206465206573706572613A2020005469656D706F2064652072656368617A6F3A2000EB00080808000000000204080C000000207B666563686120617175697D20202020202020202020202020202020203E5800202020456E74726164617320202020202020202050657296
S3FD0002C0886D6974697200456E7472616461206465207461636F202020202020202000456E747261646120646520666F746F63656C2020202020005465737420656E74726164612072656368617A6F202020005465737420656E74726164612070726F647563746F202000456E747261646120617578696C6961723120202020202000456E747261646120617578696C6961723220202020202000000008080808080800020406080A0C0E20204944206465206D617175696E612020202020202020202020203E58002020206E6F6D6272652F6E756D65726F2D617175690056657273696F6E206171756920202020202020200056657273696F6E206115
S3FD0002C1807175692020202020002020416C746120202023617175690020204D656469612020236171756900202042616A6120202023617175690000000008000000000004080A000000004170616761722020005065726D697469720045737461626C65636572206964696F6D6120202020202020202020202078003E457370616E6F6C00456E676C69736800506F7274756775C3AA73004672616EC3A761697320004974616C69616E6F200054C3BC726BC3A76520005376656E736B6100000008080808080800020406080A0C0E436F6E74726F6C20646520636F6E74726173656E6173202020202020202078004E6976656C00203E2031202000200B
S3FD0002C2782020322020002020203320200020202034202000000206080A0C00002078003E616E6F006D65730064696100686F726173006D696E75746F7300736567756E646F7300E30008080808080000020406080A0C002078003E566F6C74616A65207072696E636970616C0047616E616E63696120616E616C6F676100EB00080002042020202046696C74726F202020202020202020202020202020202020203E58004E6F726D616C20202000416C74612076656C6F636964616400496E7465726D64696120202020200042616A6128363429200042616A61283132382900446573706163696F2000207800416C7461004D656469610042616A61E0
S3FD0002C37000E308080800020406416374697661646100202020202020202000416C746120004D656469610042616A61002078003E70727565626120493243207478007072756562612049324320525820200070727565626120493243207478204341543234303120200070727565626120493243207278204341543234303100656E206465736172726F6C6C6F00656E206465736172726F6C6C6F00E300080808080800020406080A0C2078003E5350492044445320636F6D6D004144432076616C75657300656E206465736172726F6C6C6F00656E206465736172726F6C6C6F00656E206465736172726F6C6C6F00656E206465736172726F6C6CC2
S3FD0002C4686F00E300080808080800020406080A0C2078003E52656C652052656368617A6F20202020300052656C652064652046616C6C61202020300052656C6520646520416C61726D612020300052656C6520646520426C6F7175656F2030004175782053616C6964612020202020203000E300080808080800020406080A0C3E58005461636F6D6574726F20202030004469737061726F20202020203000536973742043484B2020202030005061636B2D43484B2020202030004175783120494E202020202030004175783220494E202020202030004C6F636B535720202020202030005265736574535720202020203000E30808080808080808EC
S3FD0002C5600000020406080A0C0E2078003E53656E736962696C6964616400466173652020202000416C74757261004D617263617220616C747572610047616E616E636961004672656375656E63696100E30000080808080800020406080A0C0E03E70063000900003031323334353637383900416A757374652064652050726F647563746F00204175746F6D617469636F004D616E75616C003E5800380008EF00020400FB2020784E6F6D6272652064652050726F647563746F00457363726962697220636C6176652064652061636365736F3A0020203120203220203320203420203520203620203720203820203920203000202051202057202057
S3FD0002C6584520205220205420205920205520204920204F2020500020204120205320204420204620204720204820204A20204B20204C2020A520205A20205820204320205620204220204E20204D20202E20202C2020200020204D61204D69205320202020202020202020203C20203E20202B20202D00D4000000000000000006080A0C0E2020312020322020332020342020352020362020372020382020392020300020205120205720204520205220205420205920205520204920204F2020500020204120205320204420204620204720204820204A20204B20204C2020A520205A20205820204320205620204220204E20204D20202C20202EF2
S3FD0002C7502020200020204D61204D69205320202020202020202020203C20203E20202B20202D00D4000000000000000006080A0C0E2020312020322020332020342020352020362020372020382020392020300020207120207720206520207220207420207920207520206920206F2020700020206120207320206420206620206720206820206A20206B20206C2020A420207A20207820206320207620206220206E20206D20202C20202E2020200020204D61204D69205320202020202020202020203C20203E20202B20202D00D4000000000000000006080A0C0E2020A02020A12020A22020A320209F20209E20209D20209C20209B20209A2010
S3FD0002C848209920209820209720209620209520209420209320209220209120209020208F20208E20208D20208C20208B20208A20208920208820208720208620208520208420208320208220208120208020207F20207E20207D20207C20204D61204D69205320202020202020202020203C20203E20202B20202D00D4000000000000000006080A0C0E00020406080A0C0E00000A0C0E0000020406080A0C0E00000A0C0E0000020406080A0C0E00000A0C0E0000020406080A0C0E00000A0C0E0000020406080A0C0E00000A0C0E002000000000200000000000200000000000436F6E74726173656E6120696E76616C696461002000000000200044
S3FD0002C940000000002000000000002000000000005065726D69746972002020204E6F202020005065726D69746972002020204E6F202020004E7565766F2050726F647563746F20202020202020202020780029080808080808080000020406080A0C0E005065726D69746972004E6F202020202020003E58005469656D706F2064652052656368617A6F005469656D706F206465204475726163696F6E00416C74612020202020004D65646961202020200042616A61202020202000416A75737461626C65001F2864110080402010080402011F1C1F1E1F1E1F1F1E1F1E1F2053616C636869636861730020517565736F002050617374696C6C6173A9
S3E10002CA38002050616E002063686F636F6C6174650003070A0F14192131546573742053657455700A00007573657220646566696E656420202020202000004FC8415331000000000000000000000000000000000000003300000000000000000000000000000000000000340000000000000000000000000000000000000035000000000000000000000000000000000000000102030405060708090000010001000100010001000100010001000100010001000100010001000100010001000100010001000100010001000100010001000100010001000100000000000000007B
S3590002CB140000000003130A0B0C0DCC02285500220064599E002204DB000B57F90013000800E930353DCCCCCD42F7CCCD40B33333412CCCCD42E03333410E66664333E66641333333404CCCCD431C4CCD3E4CCCCD3F99999A17
S31D0002CB680002CB14200000000000005400000000000000000000000058
S7050000369232
